#pragma once

#include <cstdint>

// Generated from GNU Unifont 8x16 16.0.04 by scripts/generate_terminal_font.py.
// Copyright (c) Unifont contributors; SIL Open Font License 1.1.
namespace TerminalFontData {
struct Glyph {
  uint16_t codepoint;
  uint8_t rows[16];
};

static constexpr Glyph GLYPHS[] = {
    {0x0020, {0x00, 0x00, 0x00, 0x00, 0x00, 0x00, 0x00, 0x00, 0x00, 0x00, 0x00, 0x00, 0x00, 0x00, 0x00, 0x00}},
    {0x0021, {0x00, 0x00, 0x00, 0x00, 0x08, 0x08, 0x08, 0x08, 0x08, 0x08, 0x08, 0x00, 0x08, 0x08, 0x00, 0x00}},
    {0x0022, {0x00, 0x00, 0x22, 0x22, 0x22, 0x22, 0x00, 0x00, 0x00, 0x00, 0x00, 0x00, 0x00, 0x00, 0x00, 0x00}},
    {0x0023, {0x00, 0x00, 0x00, 0x00, 0x12, 0x12, 0x12, 0x7e, 0x24, 0x24, 0x7e, 0x48, 0x48, 0x48, 0x00, 0x00}},
    {0x0024, {0x00, 0x00, 0x00, 0x00, 0x08, 0x3e, 0x49, 0x48, 0x38, 0x0e, 0x09, 0x49, 0x3e, 0x08, 0x00, 0x00}},
    {0x0025, {0x00, 0x00, 0x00, 0x00, 0x31, 0x4a, 0x4a, 0x34, 0x08, 0x08, 0x16, 0x29, 0x29, 0x46, 0x00, 0x00}},
    {0x0026, {0x00, 0x00, 0x00, 0x00, 0x1c, 0x22, 0x22, 0x14, 0x18, 0x29, 0x45, 0x42, 0x46, 0x39, 0x00, 0x00}},
    {0x0027, {0x00, 0x00, 0x08, 0x08, 0x08, 0x08, 0x00, 0x00, 0x00, 0x00, 0x00, 0x00, 0x00, 0x00, 0x00, 0x00}},
    {0x0028, {0x00, 0x00, 0x00, 0x04, 0x08, 0x08, 0x10, 0x10, 0x10, 0x10, 0x10, 0x10, 0x08, 0x08, 0x04, 0x00}},
    {0x0029, {0x00, 0x00, 0x00, 0x20, 0x10, 0x10, 0x08, 0x08, 0x08, 0x08, 0x08, 0x08, 0x10, 0x10, 0x20, 0x00}},
    {0x002a, {0x00, 0x00, 0x00, 0x00, 0x00, 0x00, 0x08, 0x49, 0x2a, 0x1c, 0x2a, 0x49, 0x08, 0x00, 0x00, 0x00}},
    {0x002b, {0x00, 0x00, 0x00, 0x00, 0x00, 0x00, 0x08, 0x08, 0x08, 0x7f, 0x08, 0x08, 0x08, 0x00, 0x00, 0x00}},
    {0x002c, {0x00, 0x00, 0x00, 0x00, 0x00, 0x00, 0x00, 0x00, 0x00, 0x00, 0x00, 0x00, 0x18, 0x08, 0x08, 0x10}},
    {0x002d, {0x00, 0x00, 0x00, 0x00, 0x00, 0x00, 0x00, 0x00, 0x00, 0x3c, 0x00, 0x00, 0x00, 0x00, 0x00, 0x00}},
    {0x002e, {0x00, 0x00, 0x00, 0x00, 0x00, 0x00, 0x00, 0x00, 0x00, 0x00, 0x00, 0x00, 0x18, 0x18, 0x00, 0x00}},
    {0x002f, {0x00, 0x00, 0x00, 0x00, 0x02, 0x02, 0x04, 0x08, 0x08, 0x10, 0x10, 0x20, 0x40, 0x40, 0x00, 0x00}},
    {0x0030, {0x00, 0x00, 0x00, 0x00, 0x18, 0x24, 0x42, 0x46, 0x4a, 0x52, 0x62, 0x42, 0x24, 0x18, 0x00, 0x00}},
    {0x0031, {0x00, 0x00, 0x00, 0x00, 0x08, 0x18, 0x28, 0x08, 0x08, 0x08, 0x08, 0x08, 0x08, 0x3e, 0x00, 0x00}},
    {0x0032, {0x00, 0x00, 0x00, 0x00, 0x3c, 0x42, 0x42, 0x02, 0x0c, 0x10, 0x20, 0x40, 0x40, 0x7e, 0x00, 0x00}},
    {0x0033, {0x00, 0x00, 0x00, 0x00, 0x3c, 0x42, 0x42, 0x02, 0x1c, 0x02, 0x02, 0x42, 0x42, 0x3c, 0x00, 0x00}},
    {0x0034, {0x00, 0x00, 0x00, 0x00, 0x04, 0x0c, 0x14, 0x24, 0x44, 0x44, 0x7e, 0x04, 0x04, 0x04, 0x00, 0x00}},
    {0x0035, {0x00, 0x00, 0x00, 0x00, 0x7e, 0x40, 0x40, 0x40, 0x7c, 0x02, 0x02, 0x02, 0x42, 0x3c, 0x00, 0x00}},
    {0x0036, {0x00, 0x00, 0x00, 0x00, 0x1c, 0x20, 0x40, 0x40, 0x7c, 0x42, 0x42, 0x42, 0x42, 0x3c, 0x00, 0x00}},
    {0x0037, {0x00, 0x00, 0x00, 0x00, 0x7e, 0x02, 0x02, 0x04, 0x04, 0x04, 0x08, 0x08, 0x08, 0x08, 0x00, 0x00}},
    {0x0038, {0x00, 0x00, 0x00, 0x00, 0x3c, 0x42, 0x42, 0x42, 0x3c, 0x42, 0x42, 0x42, 0x42, 0x3c, 0x00, 0x00}},
    {0x0039, {0x00, 0x00, 0x00, 0x00, 0x3c, 0x42, 0x42, 0x42, 0x3e, 0x02, 0x02, 0x02, 0x04, 0x38, 0x00, 0x00}},
    {0x003a, {0x00, 0x00, 0x00, 0x00, 0x00, 0x00, 0x18, 0x18, 0x00, 0x00, 0x00, 0x18, 0x18, 0x00, 0x00, 0x00}},
    {0x003b, {0x00, 0x00, 0x00, 0x00, 0x00, 0x00, 0x18, 0x18, 0x00, 0x00, 0x00, 0x18, 0x08, 0x08, 0x10, 0x00}},
    {0x003c, {0x00, 0x00, 0x00, 0x00, 0x00, 0x02, 0x04, 0x08, 0x10, 0x20, 0x10, 0x08, 0x04, 0x02, 0x00, 0x00}},
    {0x003d, {0x00, 0x00, 0x00, 0x00, 0x00, 0x00, 0x00, 0x7e, 0x00, 0x00, 0x00, 0x7e, 0x00, 0x00, 0x00, 0x00}},
    {0x003e, {0x00, 0x00, 0x00, 0x00, 0x00, 0x40, 0x20, 0x10, 0x08, 0x04, 0x08, 0x10, 0x20, 0x40, 0x00, 0x00}},
    {0x003f, {0x00, 0x00, 0x00, 0x00, 0x3c, 0x42, 0x42, 0x02, 0x04, 0x08, 0x08, 0x00, 0x08, 0x08, 0x00, 0x00}},
    {0x0040, {0x00, 0x00, 0x00, 0x00, 0x1c, 0x22, 0x4a, 0x56, 0x52, 0x52, 0x52, 0x4e, 0x20, 0x1e, 0x00, 0x00}},
    {0x0041, {0x00, 0x00, 0x00, 0x00, 0x18, 0x24, 0x24, 0x42, 0x42, 0x7e, 0x42, 0x42, 0x42, 0x42, 0x00, 0x00}},
    {0x0042, {0x00, 0x00, 0x00, 0x00, 0x7c, 0x42, 0x42, 0x42, 0x7c, 0x42, 0x42, 0x42, 0x42, 0x7c, 0x00, 0x00}},
    {0x0043, {0x00, 0x00, 0x00, 0x00, 0x3c, 0x42, 0x42, 0x40, 0x40, 0x40, 0x40, 0x42, 0x42, 0x3c, 0x00, 0x00}},
    {0x0044, {0x00, 0x00, 0x00, 0x00, 0x78, 0x44, 0x42, 0x42, 0x42, 0x42, 0x42, 0x42, 0x44, 0x78, 0x00, 0x00}},
    {0x0045, {0x00, 0x00, 0x00, 0x00, 0x7e, 0x40, 0x40, 0x40, 0x7c, 0x40, 0x40, 0x40, 0x40, 0x7e, 0x00, 0x00}},
    {0x0046, {0x00, 0x00, 0x00, 0x00, 0x7e, 0x40, 0x40, 0x40, 0x7c, 0x40, 0x40, 0x40, 0x40, 0x40, 0x00, 0x00}},
    {0x0047, {0x00, 0x00, 0x00, 0x00, 0x3c, 0x42, 0x42, 0x40, 0x40, 0x4e, 0x42, 0x42, 0x46, 0x3a, 0x00, 0x00}},
    {0x0048, {0x00, 0x00, 0x00, 0x00, 0x42, 0x42, 0x42, 0x42, 0x7e, 0x42, 0x42, 0x42, 0x42, 0x42, 0x00, 0x00}},
    {0x0049, {0x00, 0x00, 0x00, 0x00, 0x3e, 0x08, 0x08, 0x08, 0x08, 0x08, 0x08, 0x08, 0x08, 0x3e, 0x00, 0x00}},
    {0x004a, {0x00, 0x00, 0x00, 0x00, 0x1f, 0x04, 0x04, 0x04, 0x04, 0x04, 0x04, 0x44, 0x44, 0x38, 0x00, 0x00}},
    {0x004b, {0x00, 0x00, 0x00, 0x00, 0x42, 0x44, 0x48, 0x50, 0x60, 0x60, 0x50, 0x48, 0x44, 0x42, 0x00, 0x00}},
    {0x004c, {0x00, 0x00, 0x00, 0x00, 0x40, 0x40, 0x40, 0x40, 0x40, 0x40, 0x40, 0x40, 0x40, 0x7e, 0x00, 0x00}},
    {0x004d, {0x00, 0x00, 0x00, 0x00, 0x42, 0x42, 0x66, 0x66, 0x5a, 0x5a, 0x42, 0x42, 0x42, 0x42, 0x00, 0x00}},
    {0x004e, {0x00, 0x00, 0x00, 0x00, 0x42, 0x62, 0x62, 0x52, 0x52, 0x4a, 0x4a, 0x46, 0x46, 0x42, 0x00, 0x00}},
    {0x004f, {0x00, 0x00, 0x00, 0x00, 0x3c, 0x42, 0x42, 0x42, 0x42, 0x42, 0x42, 0x42, 0x42, 0x3c, 0x00, 0x00}},
    {0x0050, {0x00, 0x00, 0x00, 0x00, 0x7c, 0x42, 0x42, 0x42, 0x7c, 0x40, 0x40, 0x40, 0x40, 0x40, 0x00, 0x00}},
    {0x0051, {0x00, 0x00, 0x00, 0x00, 0x3c, 0x42, 0x42, 0x42, 0x42, 0x42, 0x42, 0x5a, 0x66, 0x3c, 0x03, 0x00}},
    {0x0052, {0x00, 0x00, 0x00, 0x00, 0x7c, 0x42, 0x42, 0x42, 0x7c, 0x48, 0x44, 0x44, 0x42, 0x42, 0x00, 0x00}},
    {0x0053, {0x00, 0x00, 0x00, 0x00, 0x3c, 0x42, 0x42, 0x40, 0x30, 0x0c, 0x02, 0x42, 0x42, 0x3c, 0x00, 0x00}},
    {0x0054, {0x00, 0x00, 0x00, 0x00, 0x7f, 0x08, 0x08, 0x08, 0x08, 0x08, 0x08, 0x08, 0x08, 0x08, 0x00, 0x00}},
    {0x0055, {0x00, 0x00, 0x00, 0x00, 0x42, 0x42, 0x42, 0x42, 0x42, 0x42, 0x42, 0x42, 0x42, 0x3c, 0x00, 0x00}},
    {0x0056, {0x00, 0x00, 0x00, 0x00, 0x41, 0x41, 0x41, 0x22, 0x22, 0x22, 0x14, 0x14, 0x08, 0x08, 0x00, 0x00}},
    {0x0057, {0x00, 0x00, 0x00, 0x00, 0x42, 0x42, 0x42, 0x42, 0x5a, 0x5a, 0x66, 0x66, 0x42, 0x42, 0x00, 0x00}},
    {0x0058, {0x00, 0x00, 0x00, 0x00, 0x42, 0x42, 0x24, 0x24, 0x18, 0x18, 0x24, 0x24, 0x42, 0x42, 0x00, 0x00}},
    {0x0059, {0x00, 0x00, 0x00, 0x00, 0x41, 0x41, 0x22, 0x22, 0x14, 0x08, 0x08, 0x08, 0x08, 0x08, 0x00, 0x00}},
    {0x005a, {0x00, 0x00, 0x00, 0x00, 0x7e, 0x02, 0x02, 0x04, 0x08, 0x10, 0x20, 0x40, 0x40, 0x7e, 0x00, 0x00}},
    {0x005b, {0x00, 0x00, 0x00, 0x0e, 0x08, 0x08, 0x08, 0x08, 0x08, 0x08, 0x08, 0x08, 0x08, 0x08, 0x0e, 0x00}},
    {0x005c, {0x00, 0x00, 0x00, 0x00, 0x40, 0x40, 0x20, 0x10, 0x10, 0x08, 0x08, 0x04, 0x02, 0x02, 0x00, 0x00}},
    {0x005d, {0x00, 0x00, 0x00, 0x70, 0x10, 0x10, 0x10, 0x10, 0x10, 0x10, 0x10, 0x10, 0x10, 0x10, 0x70, 0x00}},
    {0x005e, {0x00, 0x00, 0x18, 0x24, 0x42, 0x00, 0x00, 0x00, 0x00, 0x00, 0x00, 0x00, 0x00, 0x00, 0x00, 0x00}},
    {0x005f, {0x00, 0x00, 0x00, 0x00, 0x00, 0x00, 0x00, 0x00, 0x00, 0x00, 0x00, 0x00, 0x00, 0x00, 0x7f, 0x00}},
    {0x0060, {0x00, 0x20, 0x10, 0x08, 0x00, 0x00, 0x00, 0x00, 0x00, 0x00, 0x00, 0x00, 0x00, 0x00, 0x00, 0x00}},
    {0x0061, {0x00, 0x00, 0x00, 0x00, 0x00, 0x00, 0x3c, 0x42, 0x02, 0x3e, 0x42, 0x42, 0x46, 0x3a, 0x00, 0x00}},
    {0x0062, {0x00, 0x00, 0x00, 0x40, 0x40, 0x40, 0x5c, 0x62, 0x42, 0x42, 0x42, 0x42, 0x62, 0x5c, 0x00, 0x00}},
    {0x0063, {0x00, 0x00, 0x00, 0x00, 0x00, 0x00, 0x3c, 0x42, 0x40, 0x40, 0x40, 0x40, 0x42, 0x3c, 0x00, 0x00}},
    {0x0064, {0x00, 0x00, 0x00, 0x02, 0x02, 0x02, 0x3a, 0x46, 0x42, 0x42, 0x42, 0x42, 0x46, 0x3a, 0x00, 0x00}},
    {0x0065, {0x00, 0x00, 0x00, 0x00, 0x00, 0x00, 0x3c, 0x42, 0x42, 0x7e, 0x40, 0x40, 0x42, 0x3c, 0x00, 0x00}},
    {0x0066, {0x00, 0x00, 0x00, 0x0c, 0x10, 0x10, 0x10, 0x7c, 0x10, 0x10, 0x10, 0x10, 0x10, 0x10, 0x00, 0x00}},
    {0x0067, {0x00, 0x00, 0x00, 0x00, 0x00, 0x02, 0x3a, 0x44, 0x44, 0x44, 0x38, 0x20, 0x3c, 0x42, 0x42, 0x3c}},
    {0x0068, {0x00, 0x00, 0x00, 0x40, 0x40, 0x40, 0x5c, 0x62, 0x42, 0x42, 0x42, 0x42, 0x42, 0x42, 0x00, 0x00}},
    {0x0069, {0x00, 0x00, 0x00, 0x08, 0x08, 0x00, 0x18, 0x08, 0x08, 0x08, 0x08, 0x08, 0x08, 0x3e, 0x00, 0x00}},
    {0x006a, {0x00, 0x00, 0x00, 0x04, 0x04, 0x00, 0x0c, 0x04, 0x04, 0x04, 0x04, 0x04, 0x04, 0x04, 0x48, 0x30}},
    {0x006b, {0x00, 0x00, 0x00, 0x40, 0x40, 0x40, 0x44, 0x48, 0x50, 0x60, 0x50, 0x48, 0x44, 0x42, 0x00, 0x00}},
    {0x006c, {0x00, 0x00, 0x00, 0x18, 0x08, 0x08, 0x08, 0x08, 0x08, 0x08, 0x08, 0x08, 0x08, 0x3e, 0x00, 0x00}},
    {0x006d, {0x00, 0x00, 0x00, 0x00, 0x00, 0x00, 0x76, 0x49, 0x49, 0x49, 0x49, 0x49, 0x49, 0x49, 0x00, 0x00}},
    {0x006e, {0x00, 0x00, 0x00, 0x00, 0x00, 0x00, 0x5c, 0x62, 0x42, 0x42, 0x42, 0x42, 0x42, 0x42, 0x00, 0x00}},
    {0x006f, {0x00, 0x00, 0x00, 0x00, 0x00, 0x00, 0x3c, 0x42, 0x42, 0x42, 0x42, 0x42, 0x42, 0x3c, 0x00, 0x00}},
    {0x0070, {0x00, 0x00, 0x00, 0x00, 0x00, 0x00, 0x5c, 0x62, 0x42, 0x42, 0x42, 0x42, 0x62, 0x5c, 0x40, 0x40}},
    {0x0071, {0x00, 0x00, 0x00, 0x00, 0x00, 0x00, 0x3a, 0x46, 0x42, 0x42, 0x42, 0x42, 0x46, 0x3a, 0x02, 0x02}},
    {0x0072, {0x00, 0x00, 0x00, 0x00, 0x00, 0x00, 0x5c, 0x62, 0x42, 0x40, 0x40, 0x40, 0x40, 0x40, 0x00, 0x00}},
    {0x0073, {0x00, 0x00, 0x00, 0x00, 0x00, 0x00, 0x3c, 0x42, 0x40, 0x30, 0x0c, 0x02, 0x42, 0x3c, 0x00, 0x00}},
    {0x0074, {0x00, 0x00, 0x00, 0x00, 0x10, 0x10, 0x10, 0x7c, 0x10, 0x10, 0x10, 0x10, 0x10, 0x0c, 0x00, 0x00}},
    {0x0075, {0x00, 0x00, 0x00, 0x00, 0x00, 0x00, 0x42, 0x42, 0x42, 0x42, 0x42, 0x42, 0x46, 0x3a, 0x00, 0x00}},
    {0x0076, {0x00, 0x00, 0x00, 0x00, 0x00, 0x00, 0x42, 0x42, 0x42, 0x24, 0x24, 0x24, 0x18, 0x18, 0x00, 0x00}},
    {0x0077, {0x00, 0x00, 0x00, 0x00, 0x00, 0x00, 0x41, 0x49, 0x49, 0x49, 0x49, 0x49, 0x49, 0x36, 0x00, 0x00}},
    {0x0078, {0x00, 0x00, 0x00, 0x00, 0x00, 0x00, 0x42, 0x42, 0x24, 0x18, 0x18, 0x24, 0x42, 0x42, 0x00, 0x00}},
    {0x0079, {0x00, 0x00, 0x00, 0x00, 0x00, 0x00, 0x42, 0x42, 0x42, 0x42, 0x42, 0x26, 0x1a, 0x02, 0x02, 0x3c}},
    {0x007a, {0x00, 0x00, 0x00, 0x00, 0x00, 0x00, 0x7e, 0x02, 0x04, 0x08, 0x10, 0x20, 0x40, 0x7e, 0x00, 0x00}},
    {0x007b, {0x00, 0x00, 0x00, 0x0c, 0x10, 0x10, 0x08, 0x08, 0x10, 0x20, 0x10, 0x08, 0x08, 0x10, 0x10, 0x0c}},
    {0x007c, {0x00, 0x00, 0x08, 0x08, 0x08, 0x08, 0x08, 0x08, 0x08, 0x08, 0x08, 0x08, 0x08, 0x08, 0x08, 0x08}},
    {0x007d, {0x00, 0x00, 0x00, 0x30, 0x08, 0x08, 0x10, 0x10, 0x08, 0x04, 0x08, 0x10, 0x10, 0x08, 0x08, 0x30}},
    {0x007e, {0x00, 0x00, 0x00, 0x31, 0x49, 0x46, 0x00, 0x00, 0x00, 0x00, 0x00, 0x00, 0x00, 0x00, 0x00, 0x00}},
    {0x00a0, {0x00, 0x00, 0x00, 0x00, 0x00, 0x00, 0x00, 0x00, 0x00, 0x00, 0x00, 0x00, 0x00, 0x00, 0x00, 0x00}},
    {0x00a1, {0x00, 0x00, 0x00, 0x00, 0x08, 0x08, 0x00, 0x08, 0x08, 0x08, 0x08, 0x08, 0x08, 0x08, 0x00, 0x00}},
    {0x00a2, {0x00, 0x00, 0x00, 0x00, 0x08, 0x08, 0x3e, 0x49, 0x48, 0x48, 0x49, 0x3e, 0x08, 0x08, 0x00, 0x00}},
    {0x00a3, {0x00, 0x00, 0x00, 0x00, 0x0e, 0x10, 0x10, 0x10, 0x7c, 0x10, 0x10, 0x10, 0x3e, 0x61, 0x00, 0x00}},
    {0x00a4, {0x00, 0x00, 0x00, 0x00, 0x00, 0x42, 0x3c, 0x24, 0x42, 0x42, 0x24, 0x3c, 0x42, 0x00, 0x00, 0x00}},
    {0x00a5, {0x00, 0x00, 0x00, 0x00, 0x41, 0x22, 0x14, 0x08, 0x7f, 0x08, 0x7f, 0x08, 0x08, 0x08, 0x00, 0x00}},
    {0x00a6, {0x00, 0x00, 0x00, 0x00, 0x08, 0x08, 0x08, 0x08, 0x00, 0x00, 0x08, 0x08, 0x08, 0x08, 0x00, 0x00}},
    {0x00a7, {0x00, 0x00, 0x00, 0x00, 0x3c, 0x42, 0x40, 0x3c, 0x42, 0x42, 0x3c, 0x02, 0x42, 0x3c, 0x00, 0x00}},
    {0x00a8, {0x24, 0x24, 0x00, 0x00, 0x00, 0x00, 0x00, 0x00, 0x00, 0x00, 0x00, 0x00, 0x00, 0x00, 0x00, 0x00}},
    {0x00a9, {0x00, 0x00, 0x00, 0x00, 0x3c, 0x42, 0x99, 0xa5, 0xa1, 0xa1, 0xa5, 0x99, 0x42, 0x3c, 0x00, 0x00}},
    {0x00aa, {0x00, 0x00, 0x1c, 0x02, 0x1e, 0x22, 0x1e, 0x00, 0x3e, 0x00, 0x00, 0x00, 0x00, 0x00, 0x00, 0x00}},
    {0x00ab, {0x00, 0x00, 0x00, 0x00, 0x00, 0x12, 0x12, 0x24, 0x24, 0x48, 0x24, 0x24, 0x12, 0x12, 0x00, 0x00}},
    {0x00ac, {0x00, 0x00, 0x00, 0x00, 0x00, 0x00, 0x00, 0x00, 0x00, 0x00, 0x7e, 0x02, 0x02, 0x02, 0x00, 0x00}},
    {0x00ae, {0x00, 0x00, 0x00, 0x00, 0x3c, 0x42, 0xb9, 0xa5, 0xa5, 0xb9, 0xa9, 0xa5, 0x42, 0x3c, 0x00, 0x00}},
    {0x00af, {0x00, 0x00, 0x7e, 0x00, 0x00, 0x00, 0x00, 0x00, 0x00, 0x00, 0x00, 0x00, 0x00, 0x00, 0x00, 0x00}},
    {0x00b0, {0x00, 0x00, 0x00, 0x00, 0x18, 0x24, 0x24, 0x18, 0x00, 0x00, 0x00, 0x00, 0x00, 0x00, 0x00, 0x00}},
    {0x00b1, {0x00, 0x00, 0x00, 0x00, 0x08, 0x08, 0x08, 0x7f, 0x08, 0x08, 0x08, 0x00, 0x7f, 0x00, 0x00, 0x00}},
    {0x00b2, {0x00, 0x00, 0x00, 0x38, 0x44, 0x04, 0x18, 0x20, 0x40, 0x7c, 0x00, 0x00, 0x00, 0x00, 0x00, 0x00}},
    {0x00b3, {0x00, 0x00, 0x00, 0x38, 0x44, 0x04, 0x38, 0x04, 0x44, 0x38, 0x00, 0x00, 0x00, 0x00, 0x00, 0x00}},
    {0x00b4, {0x00, 0x04, 0x08, 0x10, 0x00, 0x00, 0x00, 0x00, 0x00, 0x00, 0x00, 0x00, 0x00, 0x00, 0x00, 0x00}},
    {0x00b5, {0x00, 0x00, 0x00, 0x00, 0x00, 0x00, 0x42, 0x42, 0x42, 0x42, 0x42, 0x42, 0x66, 0x59, 0x40, 0x80}},
    {0x00b6, {0x00, 0x00, 0x00, 0x00, 0x3f, 0x7a, 0x7a, 0x7a, 0x3a, 0x0a, 0x0a, 0x0a, 0x0a, 0x0a, 0x0a, 0x00}},
    {0x00b7, {0x00, 0x00, 0x00, 0x00, 0x00, 0x00, 0x00, 0x00, 0x18, 0x18, 0x00, 0x00, 0x00, 0x00, 0x00, 0x00}},
    {0x00b8, {0x00, 0x00, 0x00, 0x00, 0x00, 0x00, 0x00, 0x00, 0x00, 0x00, 0x00, 0x00, 0x00, 0x00, 0x08, 0x30}},
    {0x00b9, {0x00, 0x00, 0x00, 0x10, 0x30, 0x50, 0x10, 0x10, 0x10, 0x7c, 0x00, 0x00, 0x00, 0x00, 0x00, 0x00}},
    {0x00ba, {0x00, 0x00, 0x1c, 0x22, 0x22, 0x22, 0x1c, 0x00, 0x3e, 0x00, 0x00, 0x00, 0x00, 0x00, 0x00, 0x00}},
    {0x00bb, {0x00, 0x00, 0x00, 0x00, 0x00, 0x48, 0x48, 0x24, 0x24, 0x12, 0x24, 0x24, 0x48, 0x48, 0x00, 0x00}},
    {0x00bc, {0x00, 0x00, 0x00, 0x00, 0x22, 0x62, 0x24, 0x28, 0x28, 0x12, 0x16, 0x2a, 0x4e, 0x42, 0x00, 0x00}},
    {0x00bd, {0x00, 0x00, 0x00, 0x00, 0x22, 0x62, 0x24, 0x28, 0x28, 0x14, 0x1a, 0x22, 0x44, 0x4e, 0x00, 0x00}},
    {0x00be, {0x00, 0x00, 0x00, 0x00, 0x62, 0x12, 0x24, 0x18, 0x68, 0x12, 0x16, 0x2a, 0x4e, 0x42, 0x00, 0x00}},
    {0x00bf, {0x00, 0x00, 0x00, 0x00, 0x10, 0x10, 0x00, 0x10, 0x10, 0x20, 0x40, 0x42, 0x42, 0x3c, 0x00, 0x00}},
    {0x00c0, {0x30, 0x0c, 0x00, 0x00, 0x18, 0x24, 0x24, 0x42, 0x42, 0x7e, 0x42, 0x42, 0x42, 0x42, 0x00, 0x00}},
    {0x00c1, {0x0c, 0x30, 0x00, 0x00, 0x18, 0x24, 0x24, 0x42, 0x42, 0x7e, 0x42, 0x42, 0x42, 0x42, 0x00, 0x00}},
    {0x00c2, {0x18, 0x24, 0x00, 0x00, 0x18, 0x24, 0x24, 0x42, 0x42, 0x7e, 0x42, 0x42, 0x42, 0x42, 0x00, 0x00}},
    {0x00c3, {0x32, 0x4c, 0x00, 0x00, 0x18, 0x24, 0x24, 0x42, 0x42, 0x7e, 0x42, 0x42, 0x42, 0x42, 0x00, 0x00}},
    {0x00c4, {0x24, 0x24, 0x00, 0x00, 0x18, 0x24, 0x24, 0x42, 0x42, 0x7e, 0x42, 0x42, 0x42, 0x42, 0x00, 0x00}},
    {0x00c5, {0x18, 0x24, 0x18, 0x00, 0x18, 0x24, 0x24, 0x42, 0x42, 0x7e, 0x42, 0x42, 0x42, 0x42, 0x00, 0x00}},
    {0x00c6, {0x00, 0x00, 0x00, 0x00, 0x1f, 0x28, 0x48, 0x48, 0x7f, 0x48, 0x48, 0x48, 0x48, 0x4f, 0x00, 0x00}},
    {0x00c7, {0x00, 0x00, 0x00, 0x00, 0x3c, 0x42, 0x42, 0x40, 0x40, 0x40, 0x40, 0x42, 0x42, 0x3c, 0x08, 0x30}},
    {0x00c8, {0x30, 0x0c, 0x00, 0x00, 0x7e, 0x40, 0x40, 0x40, 0x7c, 0x40, 0x40, 0x40, 0x40, 0x7e, 0x00, 0x00}},
    {0x00c9, {0x0c, 0x30, 0x00, 0x00, 0x7e, 0x40, 0x40, 0x40, 0x7c, 0x40, 0x40, 0x40, 0x40, 0x7e, 0x00, 0x00}},
    {0x00ca, {0x18, 0x24, 0x00, 0x00, 0x7e, 0x40, 0x40, 0x40, 0x7c, 0x40, 0x40, 0x40, 0x40, 0x7e, 0x00, 0x00}},
    {0x00cb, {0x24, 0x24, 0x00, 0x00, 0x7e, 0x40, 0x40, 0x40, 0x7c, 0x40, 0x40, 0x40, 0x40, 0x7e, 0x00, 0x00}},
    {0x00cc, {0x18, 0x06, 0x00, 0x00, 0x3e, 0x08, 0x08, 0x08, 0x08, 0x08, 0x08, 0x08, 0x08, 0x3e, 0x00, 0x00}},
    {0x00cd, {0x0c, 0x30, 0x00, 0x00, 0x3e, 0x08, 0x08, 0x08, 0x08, 0x08, 0x08, 0x08, 0x08, 0x3e, 0x00, 0x00}},
    {0x00ce, {0x18, 0x24, 0x00, 0x00, 0x3e, 0x08, 0x08, 0x08, 0x08, 0x08, 0x08, 0x08, 0x08, 0x3e, 0x00, 0x00}},
    {0x00cf, {0x24, 0x24, 0x00, 0x00, 0x3e, 0x08, 0x08, 0x08, 0x08, 0x08, 0x08, 0x08, 0x08, 0x3e, 0x00, 0x00}},
    {0x00d0, {0x00, 0x00, 0x00, 0x00, 0x78, 0x44, 0x42, 0x42, 0xf2, 0x42, 0x42, 0x42, 0x44, 0x78, 0x00, 0x00}},
    {0x00d1, {0x32, 0x4c, 0x00, 0x00, 0x42, 0x62, 0x62, 0x52, 0x52, 0x4a, 0x4a, 0x46, 0x46, 0x42, 0x00, 0x00}},
    {0x00d2, {0x30, 0x0c, 0x00, 0x00, 0x3c, 0x42, 0x42, 0x42, 0x42, 0x42, 0x42, 0x42, 0x42, 0x3c, 0x00, 0x00}},
    {0x00d3, {0x0c, 0x30, 0x00, 0x00, 0x3c, 0x42, 0x42, 0x42, 0x42, 0x42, 0x42, 0x42, 0x42, 0x3c, 0x00, 0x00}},
    {0x00d4, {0x18, 0x24, 0x00, 0x00, 0x3c, 0x42, 0x42, 0x42, 0x42, 0x42, 0x42, 0x42, 0x42, 0x3c, 0x00, 0x00}},
    {0x00d5, {0x32, 0x4c, 0x00, 0x00, 0x3c, 0x42, 0x42, 0x42, 0x42, 0x42, 0x42, 0x42, 0x42, 0x3c, 0x00, 0x00}},
    {0x00d6, {0x24, 0x24, 0x00, 0x00, 0x3c, 0x42, 0x42, 0x42, 0x42, 0x42, 0x42, 0x42, 0x42, 0x3c, 0x00, 0x00}},
    {0x00d7, {0x00, 0x00, 0x00, 0x00, 0x00, 0x00, 0x00, 0x42, 0x24, 0x18, 0x24, 0x42, 0x00, 0x00, 0x00, 0x00}},
    {0x00d8, {0x00, 0x00, 0x00, 0x02, 0x3a, 0x44, 0x46, 0x4a, 0x4a, 0x52, 0x52, 0x62, 0x22, 0x5c, 0x40, 0x00}},
    {0x00d9, {0x30, 0x0c, 0x00, 0x00, 0x42, 0x42, 0x42, 0x42, 0x42, 0x42, 0x42, 0x42, 0x42, 0x3c, 0x00, 0x00}},
    {0x00da, {0x0c, 0x30, 0x00, 0x00, 0x42, 0x42, 0x42, 0x42, 0x42, 0x42, 0x42, 0x42, 0x42, 0x3c, 0x00, 0x00}},
    {0x00db, {0x18, 0x24, 0x00, 0x00, 0x42, 0x42, 0x42, 0x42, 0x42, 0x42, 0x42, 0x42, 0x42, 0x3c, 0x00, 0x00}},
    {0x00dc, {0x24, 0x24, 0x00, 0x00, 0x42, 0x42, 0x42, 0x42, 0x42, 0x42, 0x42, 0x42, 0x42, 0x3c, 0x00, 0x00}},
    {0x00dd, {0x0c, 0x30, 0x00, 0x00, 0x41, 0x41, 0x22, 0x22, 0x14, 0x08, 0x08, 0x08, 0x08, 0x08, 0x00, 0x00}},
    {0x00de, {0x00, 0x00, 0x00, 0x40, 0x40, 0x78, 0x44, 0x42, 0x42, 0x44, 0x78, 0x40, 0x40, 0x40, 0x00, 0x00}},
    {0x00df, {0x00, 0x00, 0x00, 0x00, 0x38, 0x44, 0x44, 0x48, 0x58, 0x44, 0x42, 0x42, 0x52, 0x4c, 0x00, 0x00}},
    {0x00e0, {0x00, 0x00, 0x30, 0x0c, 0x00, 0x00, 0x3c, 0x42, 0x02, 0x3e, 0x42, 0x42, 0x46, 0x3a, 0x00, 0x00}},
    {0x00e1, {0x00, 0x00, 0x0c, 0x30, 0x00, 0x00, 0x3c, 0x42, 0x02, 0x3e, 0x42, 0x42, 0x46, 0x3a, 0x00, 0x00}},
    {0x00e2, {0x00, 0x00, 0x18, 0x24, 0x00, 0x00, 0x3c, 0x42, 0x02, 0x3e, 0x42, 0x42, 0x46, 0x3a, 0x00, 0x00}},
    {0x00e3, {0x00, 0x00, 0x32, 0x4c, 0x00, 0x00, 0x3c, 0x42, 0x02, 0x3e, 0x42, 0x42, 0x46, 0x3a, 0x00, 0x00}},
    {0x00e4, {0x00, 0x00, 0x24, 0x24, 0x00, 0x00, 0x3c, 0x42, 0x02, 0x3e, 0x42, 0x42, 0x46, 0x3a, 0x00, 0x00}},
    {0x00e5, {0x00, 0x18, 0x24, 0x18, 0x00, 0x00, 0x3c, 0x42, 0x02, 0x3e, 0x42, 0x42, 0x46, 0x3a, 0x00, 0x00}},
    {0x00e6, {0x00, 0x00, 0x00, 0x00, 0x00, 0x00, 0x3e, 0x49, 0x09, 0x3f, 0x48, 0x48, 0x49, 0x3e, 0x00, 0x00}},
    {0x00e7, {0x00, 0x00, 0x00, 0x00, 0x00, 0x00, 0x3c, 0x42, 0x40, 0x40, 0x40, 0x40, 0x42, 0x3c, 0x08, 0x30}},
    {0x00e8, {0x00, 0x00, 0x30, 0x0c, 0x00, 0x00, 0x3c, 0x42, 0x42, 0x7e, 0x40, 0x40, 0x42, 0x3c, 0x00, 0x00}},
    {0x00e9, {0x00, 0x00, 0x0c, 0x30, 0x00, 0x00, 0x3c, 0x42, 0x42, 0x7e, 0x40, 0x40, 0x42, 0x3c, 0x00, 0x00}},
    {0x00ea, {0x00, 0x00, 0x18, 0x24, 0x00, 0x00, 0x3c, 0x42, 0x42, 0x7e, 0x40, 0x40, 0x42, 0x3c, 0x00, 0x00}},
    {0x00eb, {0x00, 0x00, 0x24, 0x24, 0x00, 0x00, 0x3c, 0x42, 0x42, 0x7e, 0x40, 0x40, 0x42, 0x3c, 0x00, 0x00}},
    {0x00ec, {0x00, 0x00, 0x30, 0x0c, 0x00, 0x00, 0x18, 0x08, 0x08, 0x08, 0x08, 0x08, 0x08, 0x3e, 0x00, 0x00}},
    {0x00ed, {0x00, 0x00, 0x0c, 0x30, 0x00, 0x00, 0x18, 0x08, 0x08, 0x08, 0x08, 0x08, 0x08, 0x3e, 0x00, 0x00}},
    {0x00ee, {0x00, 0x00, 0x18, 0x24, 0x00, 0x00, 0x18, 0x08, 0x08, 0x08, 0x08, 0x08, 0x08, 0x3e, 0x00, 0x00}},
    {0x00ef, {0x00, 0x00, 0x24, 0x24, 0x00, 0x00, 0x18, 0x08, 0x08, 0x08, 0x08, 0x08, 0x08, 0x3e, 0x00, 0x00}},
    {0x00f0, {0x00, 0x00, 0x32, 0x0c, 0x14, 0x22, 0x02, 0x3e, 0x42, 0x42, 0x42, 0x42, 0x42, 0x3c, 0x00, 0x00}},
    {0x00f1, {0x00, 0x00, 0x32, 0x4c, 0x00, 0x00, 0x5c, 0x62, 0x42, 0x42, 0x42, 0x42, 0x42, 0x42, 0x00, 0x00}},
    {0x00f2, {0x00, 0x00, 0x30, 0x0c, 0x00, 0x00, 0x3c, 0x42, 0x42, 0x42, 0x42, 0x42, 0x42, 0x3c, 0x00, 0x00}},
    {0x00f3, {0x00, 0x00, 0x0c, 0x30, 0x00, 0x00, 0x3c, 0x42, 0x42, 0x42, 0x42, 0x42, 0x42, 0x3c, 0x00, 0x00}},
    {0x00f4, {0x00, 0x00, 0x18, 0x24, 0x00, 0x00, 0x3c, 0x42, 0x42, 0x42, 0x42, 0x42, 0x42, 0x3c, 0x00, 0x00}},
    {0x00f5, {0x00, 0x00, 0x32, 0x4c, 0x00, 0x00, 0x3c, 0x42, 0x42, 0x42, 0x42, 0x42, 0x42, 0x3c, 0x00, 0x00}},
    {0x00f6, {0x00, 0x00, 0x24, 0x24, 0x00, 0x00, 0x3c, 0x42, 0x42, 0x42, 0x42, 0x42, 0x42, 0x3c, 0x00, 0x00}},
    {0x00f7, {0x00, 0x00, 0x00, 0x00, 0x00, 0x00, 0x18, 0x00, 0x00, 0x7e, 0x00, 0x00, 0x18, 0x00, 0x00, 0x00}},
    {0x00f8, {0x00, 0x00, 0x00, 0x00, 0x00, 0x02, 0x3c, 0x46, 0x4a, 0x4a, 0x52, 0x52, 0x62, 0x3c, 0x40, 0x00}},
    {0x00f9, {0x00, 0x00, 0x30, 0x0c, 0x00, 0x00, 0x42, 0x42, 0x42, 0x42, 0x42, 0x42, 0x46, 0x3a, 0x00, 0x00}},
    {0x00fa, {0x00, 0x00, 0x0c, 0x30, 0x00, 0x00, 0x42, 0x42, 0x42, 0x42, 0x42, 0x42, 0x46, 0x3a, 0x00, 0x00}},
    {0x00fb, {0x00, 0x00, 0x18, 0x24, 0x00, 0x00, 0x42, 0x42, 0x42, 0x42, 0x42, 0x42, 0x46, 0x3a, 0x00, 0x00}},
    {0x00fc, {0x00, 0x00, 0x24, 0x24, 0x00, 0x00, 0x42, 0x42, 0x42, 0x42, 0x42, 0x42, 0x46, 0x3a, 0x00, 0x00}},
    {0x00fd, {0x00, 0x00, 0x0c, 0x30, 0x00, 0x00, 0x42, 0x42, 0x42, 0x42, 0x42, 0x26, 0x1a, 0x02, 0x02, 0x3c}},
    {0x00fe, {0x00, 0x00, 0x00, 0x40, 0x40, 0x40, 0x5c, 0x62, 0x42, 0x42, 0x42, 0x42, 0x62, 0x5c, 0x40, 0x40}},
    {0x00ff, {0x00, 0x00, 0x24, 0x24, 0x00, 0x00, 0x42, 0x42, 0x42, 0x42, 0x42, 0x26, 0x1a, 0x02, 0x02, 0x3c}},
    {0x0100, {0x00, 0x3c, 0x00, 0x00, 0x18, 0x24, 0x24, 0x42, 0x42, 0x7e, 0x42, 0x42, 0x42, 0x42, 0x00, 0x00}},
    {0x0101, {0x00, 0x00, 0x00, 0x3c, 0x00, 0x00, 0x3c, 0x42, 0x02, 0x3e, 0x42, 0x42, 0x46, 0x3a, 0x00, 0x00}},
    {0x0102, {0x42, 0x42, 0x3c, 0x00, 0x18, 0x24, 0x24, 0x42, 0x42, 0x7e, 0x42, 0x42, 0x42, 0x42, 0x00, 0x00}},
    {0x0103, {0x00, 0x42, 0x42, 0x3c, 0x00, 0x00, 0x3c, 0x42, 0x02, 0x3e, 0x42, 0x42, 0x46, 0x3a, 0x00, 0x00}},
    {0x0104, {0x00, 0x00, 0x00, 0x00, 0x18, 0x24, 0x24, 0x42, 0x42, 0x7e, 0x42, 0x42, 0x42, 0x42, 0x04, 0x03}},
    {0x0105, {0x00, 0x00, 0x00, 0x00, 0x00, 0x00, 0x3c, 0x42, 0x02, 0x3e, 0x42, 0x42, 0x46, 0x3a, 0x04, 0x03}},
    {0x0106, {0x0c, 0x30, 0x00, 0x00, 0x3c, 0x42, 0x42, 0x40, 0x40, 0x40, 0x40, 0x42, 0x42, 0x3c, 0x00, 0x00}},
    {0x0107, {0x00, 0x00, 0x0c, 0x30, 0x00, 0x00, 0x3c, 0x42, 0x40, 0x40, 0x40, 0x40, 0x42, 0x3c, 0x00, 0x00}},
    {0x0108, {0x18, 0x24, 0x00, 0x00, 0x3c, 0x42, 0x42, 0x40, 0x40, 0x40, 0x40, 0x42, 0x42, 0x3c, 0x00, 0x00}},
    {0x0109, {0x00, 0x00, 0x18, 0x24, 0x00, 0x00, 0x3c, 0x42, 0x40, 0x40, 0x40, 0x40, 0x42, 0x3c, 0x00, 0x00}},
    {0x010a, {0x10, 0x10, 0x00, 0x00, 0x3c, 0x42, 0x42, 0x40, 0x40, 0x40, 0x40, 0x42, 0x42, 0x3c, 0x00, 0x00}},
    {0x010b, {0x00, 0x00, 0x10, 0x10, 0x00, 0x00, 0x3c, 0x42, 0x40, 0x40, 0x40, 0x40, 0x42, 0x3c, 0x00, 0x00}},
    {0x010c, {0x24, 0x18, 0x00, 0x00, 0x3c, 0x42, 0x42, 0x40, 0x40, 0x40, 0x40, 0x42, 0x42, 0x3c, 0x00, 0x00}},
    {0x010d, {0x00, 0x00, 0x24, 0x18, 0x00, 0x00, 0x3c, 0x42, 0x40, 0x40, 0x40, 0x40, 0x42, 0x3c, 0x00, 0x00}},
    {0x010e, {0x48, 0x30, 0x00, 0x00, 0x78, 0x44, 0x42, 0x42, 0x42, 0x42, 0x42, 0x42, 0x44, 0x78, 0x00, 0x00}},
    {0x010f, {0x00, 0x00, 0x00, 0x16, 0x12, 0x12, 0x54, 0xb0, 0x90, 0x90, 0x90, 0x90, 0xb0, 0x50, 0x00, 0x00}},
    {0x0110, {0x00, 0x00, 0x00, 0x00, 0x78, 0x44, 0x42, 0x42, 0xf2, 0x42, 0x42, 0x42, 0x44, 0x78, 0x00, 0x00}},
    {0x0111, {0x00, 0x00, 0x00, 0x02, 0x0f, 0x02, 0x3a, 0x46, 0x42, 0x42, 0x42, 0x42, 0x46, 0x3a, 0x00, 0x00}},
    {0x0112, {0x00, 0x3c, 0x00, 0x00, 0x7e, 0x40, 0x40, 0x40, 0x7c, 0x40, 0x40, 0x40, 0x40, 0x7e, 0x00, 0x00}},
    {0x0113, {0x00, 0x00, 0x00, 0x3c, 0x00, 0x00, 0x3c, 0x42, 0x42, 0x7e, 0x40, 0x40, 0x42, 0x3c, 0x00, 0x00}},
    {0x0114, {0x42, 0x42, 0x3c, 0x00, 0x7e, 0x40, 0x40, 0x40, 0x7c, 0x40, 0x40, 0x40, 0x40, 0x7e, 0x00, 0x00}},
    {0x0115, {0x00, 0x00, 0x42, 0x42, 0x3c, 0x00, 0x3c, 0x42, 0x42, 0x7e, 0x40, 0x40, 0x42, 0x3c, 0x00, 0x00}},
    {0x0116, {0x10, 0x10, 0x00, 0x00, 0x7e, 0x40, 0x40, 0x40, 0x7c, 0x40, 0x40, 0x40, 0x40, 0x7e, 0x00, 0x00}},
    {0x0117, {0x00, 0x00, 0x10, 0x10, 0x00, 0x00, 0x3c, 0x42, 0x42, 0x7e, 0x40, 0x40, 0x42, 0x3c, 0x00, 0x00}},
    {0x0118, {0x00, 0x00, 0x00, 0x00, 0x7e, 0x40, 0x40, 0x40, 0x7c, 0x40, 0x40, 0x40, 0x40, 0x7e, 0x08, 0x06}},
    {0x0119, {0x00, 0x00, 0x00, 0x00, 0x00, 0x00, 0x3c, 0x42, 0x42, 0x7e, 0x40, 0x40, 0x42, 0x3c, 0x10, 0x0c}},
    {0x011a, {0x24, 0x18, 0x00, 0x00, 0x7e, 0x40, 0x40, 0x40, 0x7c, 0x40, 0x40, 0x40, 0x40, 0x7e, 0x00, 0x00}},
    {0x011b, {0x00, 0x00, 0x24, 0x18, 0x00, 0x00, 0x3c, 0x42, 0x42, 0x7e, 0x40, 0x40, 0x42, 0x3c, 0x00, 0x00}},
    {0x011c, {0x18, 0x24, 0x00, 0x00, 0x3c, 0x42, 0x42, 0x40, 0x40, 0x4e, 0x42, 0x42, 0x46, 0x3a, 0x00, 0x00}},
    {0x011d, {0x00, 0x00, 0x18, 0x24, 0x00, 0x02, 0x3a, 0x44, 0x44, 0x44, 0x38, 0x20, 0x3c, 0x42, 0x42, 0x3c}},
    {0x011e, {0x42, 0x42, 0x3c, 0x00, 0x3c, 0x42, 0x42, 0x40, 0x40, 0x4e, 0x42, 0x42, 0x46, 0x3a, 0x00, 0x00}},
    {0x011f, {0x00, 0x42, 0x42, 0x3c, 0x00, 0x02, 0x3a, 0x44, 0x44, 0x44, 0x38, 0x20, 0x3c, 0x42, 0x42, 0x3c}},
    {0x0120, {0x10, 0x10, 0x00, 0x00, 0x3c, 0x42, 0x42, 0x40, 0x40, 0x4e, 0x42, 0x42, 0x46, 0x3a, 0x00, 0x00}},
    {0x0121, {0x00, 0x00, 0x10, 0x10, 0x00, 0x02, 0x3a, 0x44, 0x44, 0x44, 0x38, 0x20, 0x3c, 0x42, 0x42, 0x3c}},
    {0x0122, {0x00, 0x00, 0x00, 0x00, 0x3c, 0x42, 0x42, 0x40, 0x40, 0x4e, 0x42, 0x42, 0x46, 0x3a, 0x08, 0x30}},
    {0x0123, {0x00, 0x00, 0x20, 0x20, 0x18, 0x02, 0x3a, 0x44, 0x44, 0x44, 0x38, 0x20, 0x3c, 0x42, 0x42, 0x3c}},
    {0x0124, {0x18, 0x24, 0x00, 0x00, 0x42, 0x42, 0x42, 0x42, 0x7e, 0x42, 0x42, 0x42, 0x42, 0x42, 0x00, 0x00}},
    {0x0125, {0x30, 0x48, 0x00, 0x40, 0x40, 0x40, 0x5c, 0x62, 0x42, 0x42, 0x42, 0x42, 0x42, 0x42, 0x00, 0x00}},
    {0x0126, {0x00, 0x00, 0x00, 0x00, 0x42, 0x42, 0xff, 0x42, 0x42, 0x7e, 0x42, 0x42, 0x42, 0x42, 0x00, 0x00}},
    {0x0127, {0x00, 0x00, 0x00, 0x40, 0xf0, 0x40, 0x5c, 0x62, 0x42, 0x42, 0x42, 0x42, 0x42, 0x42, 0x00, 0x00}},
    {0x0128, {0x32, 0x4c, 0x00, 0x00, 0x3e, 0x08, 0x08, 0x08, 0x08, 0x08, 0x08, 0x08, 0x08, 0x3e, 0x00, 0x00}},
    {0x0129, {0x00, 0x00, 0x32, 0x4c, 0x00, 0x00, 0x18, 0x08, 0x08, 0x08, 0x08, 0x08, 0x08, 0x3e, 0x00, 0x00}},
    {0x012a, {0x00, 0x3c, 0x00, 0x00, 0x3e, 0x08, 0x08, 0x08, 0x08, 0x08, 0x08, 0x08, 0x08, 0x3e, 0x00, 0x00}},
    {0x012b, {0x00, 0x00, 0x00, 0x3c, 0x00, 0x00, 0x18, 0x08, 0x08, 0x08, 0x08, 0x08, 0x08, 0x3e, 0x00, 0x00}},
    {0x012c, {0x42, 0x42, 0x3c, 0x00, 0x3e, 0x08, 0x08, 0x08, 0x08, 0x08, 0x08, 0x08, 0x08, 0x3e, 0x00, 0x00}},
    {0x012d, {0x00, 0x00, 0x42, 0x42, 0x3c, 0x00, 0x18, 0x08, 0x08, 0x08, 0x08, 0x08, 0x08, 0x3e, 0x00, 0x00}},
    {0x012e, {0x00, 0x00, 0x00, 0x00, 0x3e, 0x08, 0x08, 0x08, 0x08, 0x08, 0x08, 0x08, 0x08, 0x3e, 0x08, 0x06}},
    {0x012f, {0x00, 0x00, 0x00, 0x08, 0x08, 0x00, 0x18, 0x08, 0x08, 0x08, 0x08, 0x08, 0x08, 0x3e, 0x08, 0x06}},
    {0x0130, {0x08, 0x08, 0x00, 0x00, 0x3e, 0x08, 0x08, 0x08, 0x08, 0x08, 0x08, 0x08, 0x08, 0x3e, 0x00, 0x00}},
    {0x0131, {0x00, 0x00, 0x00, 0x00, 0x00, 0x00, 0x18, 0x08, 0x08, 0x08, 0x08, 0x08, 0x08, 0x3e, 0x00, 0x00}},
    {0x0132, {0x00, 0x00, 0x00, 0x00, 0x77, 0x22, 0x22, 0x22, 0x22, 0x22, 0x22, 0x72, 0x02, 0x1c, 0x00, 0x00}},
    {0x0133, {0x00, 0x00, 0x00, 0x22, 0x22, 0x00, 0x66, 0x22, 0x22, 0x22, 0x22, 0x72, 0x02, 0x02, 0x24, 0x18}},
    {0x0134, {0x0c, 0x12, 0x00, 0x00, 0x1f, 0x04, 0x04, 0x04, 0x04, 0x04, 0x04, 0x44, 0x44, 0x38, 0x00, 0x00}},
    {0x0135, {0x00, 0x00, 0x0c, 0x12, 0x00, 0x00, 0x0c, 0x04, 0x04, 0x04, 0x04, 0x04, 0x04, 0x04, 0x48, 0x30}},
    {0x0136, {0x00, 0x00, 0x00, 0x00, 0x42, 0x44, 0x48, 0x50, 0x60, 0x60, 0x50, 0x48, 0x44, 0x42, 0x20, 0xc0}},
    {0x0137, {0x00, 0x00, 0x00, 0x40, 0x40, 0x40, 0x44, 0x48, 0x50, 0x60, 0x50, 0x48, 0x44, 0x42, 0x20, 0xc0}},
    {0x0138, {0x00, 0x00, 0x00, 0x00, 0x00, 0x00, 0x42, 0x44, 0x48, 0x70, 0x70, 0x48, 0x44, 0x42, 0x00, 0x00}},
    {0x0139, {0x18, 0x60, 0x00, 0x00, 0x40, 0x40, 0x40, 0x40, 0x40, 0x40, 0x40, 0x40, 0x40, 0x7e, 0x00, 0x00}},
    {0x013a, {0x0c, 0x30, 0x00, 0x18, 0x08, 0x08, 0x08, 0x08, 0x08, 0x08, 0x08, 0x08, 0x08, 0x3e, 0x00, 0x00}},
    {0x013b, {0x00, 0x00, 0x00, 0x00, 0x40, 0x40, 0x40, 0x40, 0x40, 0x40, 0x40, 0x40, 0x40, 0x7e, 0x08, 0x30}},
    {0x013c, {0x00, 0x00, 0x00, 0x18, 0x08, 0x08, 0x08, 0x08, 0x08, 0x08, 0x08, 0x08, 0x08, 0x3e, 0x08, 0x30}},
    {0x013d, {0x00, 0x00, 0x00, 0x00, 0x4c, 0x44, 0x44, 0x48, 0x40, 0x40, 0x40, 0x40, 0x40, 0x7e, 0x00, 0x00}},
    {0x013e, {0x00, 0x00, 0x00, 0x36, 0x12, 0x12, 0x14, 0x10, 0x10, 0x10, 0x10, 0x10, 0x10, 0x7c, 0x00, 0x00}},
    {0x013f, {0x00, 0x00, 0x00, 0x00, 0x40, 0x40, 0x40, 0x40, 0x44, 0x44, 0x40, 0x40, 0x40, 0x7e, 0x00, 0x00}},
    {0x0140, {0x00, 0x00, 0x00, 0x30, 0x10, 0x10, 0x10, 0x10, 0x14, 0x14, 0x10, 0x10, 0x10, 0x7c, 0x00, 0x00}},
    {0x0141, {0x00, 0x00, 0x00, 0x00, 0x40, 0x40, 0x48, 0x50, 0x60, 0xc0, 0x40, 0x40, 0x40, 0x7e, 0x00, 0x00}},
    {0x0142, {0x00, 0x00, 0x00, 0x18, 0x08, 0x08, 0x0a, 0x0c, 0x18, 0x28, 0x08, 0x08, 0x08, 0x3e, 0x00, 0x00}},
    {0x0143, {0x0c, 0x30, 0x00, 0x00, 0x42, 0x62, 0x62, 0x52, 0x52, 0x4a, 0x4a, 0x46, 0x46, 0x42, 0x00, 0x00}},
    {0x0144, {0x00, 0x00, 0x0c, 0x30, 0x00, 0x00, 0x5c, 0x62, 0x42, 0x42, 0x42, 0x42, 0x42, 0x42, 0x00, 0x00}},
    {0x0145, {0x00, 0x00, 0x00, 0x00, 0x42, 0x62, 0x62, 0x52, 0x52, 0x4a, 0x4a, 0x46, 0x46, 0x42, 0x20, 0xc0}},
    {0x0146, {0x00, 0x00, 0x00, 0x00, 0x00, 0x00, 0x5c, 0x62, 0x42, 0x42, 0x42, 0x42, 0x42, 0x42, 0x20, 0xc0}},
    {0x0147, {0x24, 0x18, 0x00, 0x00, 0x42, 0x62, 0x62, 0x52, 0x52, 0x4a, 0x4a, 0x46, 0x46, 0x42, 0x00, 0x00}},
    {0x0148, {0x00, 0x00, 0x24, 0x18, 0x00, 0x00, 0x5c, 0x62, 0x42, 0x42, 0x42, 0x42, 0x42, 0x42, 0x00, 0x00}},
    {0x0149, {0x00, 0x60, 0x20, 0x20, 0x40, 0x00, 0x5c, 0x62, 0x42, 0x42, 0x42, 0x42, 0x42, 0x42, 0x00, 0x00}},
    {0x014a, {0x00, 0x00, 0x00, 0x00, 0x5c, 0x62, 0x42, 0x42, 0x42, 0x42, 0x42, 0x42, 0x42, 0x4c, 0x00, 0x00}},
    {0x014b, {0x00, 0x00, 0x00, 0x00, 0x00, 0x00, 0x5c, 0x62, 0x42, 0x42, 0x42, 0x42, 0x42, 0x42, 0x02, 0x0c}},
    {0x014c, {0x00, 0x3c, 0x00, 0x00, 0x3c, 0x42, 0x42, 0x42, 0x42, 0x42, 0x42, 0x42, 0x42, 0x3c, 0x00, 0x00}},
    {0x014d, {0x00, 0x00, 0x00, 0x3c, 0x00, 0x00, 0x3c, 0x42, 0x42, 0x42, 0x42, 0x42, 0x42, 0x3c, 0x00, 0x00}},
    {0x014e, {0x42, 0x42, 0x3c, 0x00, 0x3c, 0x42, 0x42, 0x42, 0x42, 0x42, 0x42, 0x42, 0x42, 0x3c, 0x00, 0x00}},
    {0x014f, {0x00, 0x00, 0x42, 0x42, 0x3c, 0x00, 0x3c, 0x42, 0x42, 0x42, 0x42, 0x42, 0x42, 0x3c, 0x00, 0x00}},
    {0x0150, {0x33, 0x44, 0x00, 0x00, 0x3c, 0x42, 0x42, 0x42, 0x42, 0x42, 0x42, 0x42, 0x42, 0x3c, 0x00, 0x00}},
    {0x0151, {0x00, 0x00, 0x33, 0x44, 0x00, 0x00, 0x3c, 0x42, 0x42, 0x42, 0x42, 0x42, 0x42, 0x3c, 0x00, 0x00}},
    {0x0152, {0x00, 0x00, 0x00, 0x00, 0x37, 0x48, 0x48, 0x48, 0x4e, 0x48, 0x48, 0x48, 0x48, 0x37, 0x00, 0x00}},
    {0x0153, {0x00, 0x00, 0x00, 0x00, 0x00, 0x00, 0x36, 0x49, 0x49, 0x4f, 0x48, 0x48, 0x49, 0x36, 0x00, 0x00}},
    {0x0154, {0x0c, 0x30, 0x00, 0x00, 0x7c, 0x42, 0x42, 0x42, 0x7c, 0x48, 0x44, 0x44, 0x42, 0x42, 0x00, 0x00}},
    {0x0155, {0x00, 0x00, 0x0c, 0x30, 0x00, 0x00, 0x5c, 0x62, 0x42, 0x40, 0x40, 0x40, 0x40, 0x40, 0x00, 0x00}},
    {0x0156, {0x00, 0x00, 0x00, 0x00, 0x7c, 0x42, 0x42, 0x42, 0x7c, 0x48, 0x44, 0x44, 0x42, 0x42, 0x20, 0xc0}},
    {0x0157, {0x00, 0x00, 0x00, 0x00, 0x00, 0x00, 0x5c, 0x62, 0x42, 0x40, 0x40, 0x40, 0x40, 0x40, 0x20, 0xc0}},
    {0x0158, {0x24, 0x18, 0x00, 0x00, 0x7c, 0x42, 0x42, 0x42, 0x7c, 0x48, 0x44, 0x44, 0x42, 0x42, 0x00, 0x00}},
    {0x0159, {0x00, 0x00, 0x24, 0x18, 0x00, 0x00, 0x5c, 0x62, 0x42, 0x40, 0x40, 0x40, 0x40, 0x40, 0x00, 0x00}},
    {0x015a, {0x0c, 0x30, 0x00, 0x00, 0x3c, 0x42, 0x42, 0x40, 0x30, 0x0c, 0x02, 0x42, 0x42, 0x3c, 0x00, 0x00}},
    {0x015b, {0x00, 0x00, 0x0c, 0x30, 0x00, 0x00, 0x3c, 0x42, 0x40, 0x30, 0x0c, 0x42, 0x42, 0x3c, 0x00, 0x00}},
    {0x015c, {0x18, 0x24, 0x00, 0x00, 0x3c, 0x42, 0x42, 0x40, 0x30, 0x0c, 0x02, 0x42, 0x42, 0x3c, 0x00, 0x00}},
    {0x015d, {0x00, 0x00, 0x18, 0x24, 0x00, 0x00, 0x3c, 0x42, 0x40, 0x30, 0x0c, 0x02, 0x42, 0x3c, 0x00, 0x00}},
    {0x015e, {0x00, 0x00, 0x00, 0x00, 0x3c, 0x42, 0x42, 0x40, 0x30, 0x0c, 0x02, 0x42, 0x42, 0x3c, 0x08, 0x30}},
    {0x015f, {0x00, 0x00, 0x00, 0x00, 0x00, 0x00, 0x3c, 0x42, 0x40, 0x30, 0x0c, 0x02, 0x42, 0x3c, 0x08, 0x30}},
    {0x0160, {0x24, 0x18, 0x00, 0x00, 0x3c, 0x42, 0x42, 0x40, 0x30, 0x0c, 0x02, 0x42, 0x42, 0x3c, 0x00, 0x00}},
    {0x0161, {0x00, 0x00, 0x24, 0x18, 0x00, 0x00, 0x3c, 0x42, 0x40, 0x30, 0x0c, 0x02, 0x42, 0x3c, 0x00, 0x00}},
    {0x0162, {0x00, 0x00, 0x00, 0x00, 0x7f, 0x08, 0x08, 0x08, 0x08, 0x08, 0x08, 0x08, 0x08, 0x08, 0x08, 0x30}},
    {0x0163, {0x00, 0x00, 0x00, 0x00, 0x10, 0x10, 0x10, 0x7c, 0x10, 0x10, 0x10, 0x10, 0x10, 0x0c, 0x08, 0x30}},
    {0x0164, {0x24, 0x18, 0x00, 0x00, 0x7f, 0x08, 0x08, 0x08, 0x08, 0x08, 0x08, 0x08, 0x08, 0x08, 0x00, 0x00}},
    {0x0165, {0x00, 0x00, 0x06, 0x02, 0x22, 0x24, 0x20, 0xf8, 0x20, 0x20, 0x20, 0x20, 0x20, 0x18, 0x00, 0x00}},
    {0x0166, {0x00, 0x00, 0x00, 0x00, 0x7f, 0x08, 0x08, 0x08, 0x3e, 0x08, 0x08, 0x08, 0x08, 0x08, 0x00, 0x00}},
    {0x0167, {0x00, 0x00, 0x00, 0x00, 0x10, 0x10, 0x10, 0x7c, 0x10, 0x10, 0x7c, 0x10, 0x10, 0x0c, 0x00, 0x00}},
    {0x0168, {0x32, 0x4c, 0x00, 0x00, 0x42, 0x42, 0x42, 0x42, 0x42, 0x42, 0x42, 0x42, 0x42, 0x3c, 0x00, 0x00}},
    {0x0169, {0x00, 0x00, 0x32, 0x4c, 0x00, 0x00, 0x42, 0x42, 0x42, 0x42, 0x42, 0x42, 0x46, 0x3a, 0x00, 0x00}},
    {0x016a, {0x00, 0x3c, 0x00, 0x00, 0x42, 0x42, 0x42, 0x42, 0x42, 0x42, 0x42, 0x42, 0x42, 0x3c, 0x00, 0x00}},
    {0x016b, {0x00, 0x00, 0x00, 0x3c, 0x00, 0x00, 0x42, 0x42, 0x42, 0x42, 0x42, 0x42, 0x46, 0x3a, 0x00, 0x00}},
    {0x016c, {0x42, 0x42, 0x3c, 0x00, 0x42, 0x42, 0x42, 0x42, 0x42, 0x42, 0x42, 0x42, 0x42, 0x3c, 0x00, 0x00}},
    {0x016d, {0x00, 0x42, 0x42, 0x3c, 0x00, 0x00, 0x42, 0x42, 0x42, 0x42, 0x42, 0x42, 0x46, 0x3a, 0x00, 0x00}},
    {0x016e, {0x18, 0x24, 0x18, 0x00, 0x42, 0x42, 0x42, 0x42, 0x42, 0x42, 0x42, 0x42, 0x42, 0x3c, 0x00, 0x00}},
    {0x016f, {0x00, 0x00, 0x18, 0x24, 0x18, 0x00, 0x42, 0x42, 0x42, 0x42, 0x42, 0x42, 0x46, 0x3a, 0x00, 0x00}},
    {0x0170, {0x33, 0x44, 0x00, 0x00, 0x42, 0x42, 0x42, 0x42, 0x42, 0x42, 0x42, 0x42, 0x42, 0x3c, 0x00, 0x00}},
    {0x0171, {0x00, 0x00, 0x33, 0x44, 0x00, 0x00, 0x42, 0x42, 0x42, 0x42, 0x42, 0x42, 0x46, 0x3a, 0x00, 0x00}},
    {0x0172, {0x00, 0x00, 0x00, 0x00, 0x42, 0x42, 0x42, 0x42, 0x42, 0x42, 0x42, 0x42, 0x42, 0x3c, 0x10, 0x0c}},
    {0x0173, {0x00, 0x00, 0x00, 0x00, 0x00, 0x00, 0x42, 0x42, 0x42, 0x42, 0x42, 0x42, 0x46, 0x3a, 0x04, 0x03}},
    {0x0174, {0x18, 0x24, 0x00, 0x00, 0x42, 0x42, 0x42, 0x42, 0x5a, 0x5a, 0x66, 0x66, 0x42, 0x42, 0x00, 0x00}},
    {0x0175, {0x00, 0x00, 0x18, 0x24, 0x00, 0x00, 0x41, 0x49, 0x49, 0x49, 0x49, 0x49, 0x49, 0x36, 0x00, 0x00}},
    {0x0176, {0x18, 0x24, 0x00, 0x00, 0x41, 0x41, 0x22, 0x22, 0x14, 0x08, 0x08, 0x08, 0x08, 0x08, 0x00, 0x00}},
    {0x0177, {0x00, 0x00, 0x18, 0x24, 0x00, 0x00, 0x42, 0x42, 0x42, 0x42, 0x42, 0x26, 0x1a, 0x02, 0x02, 0x3c}},
    {0x0178, {0x24, 0x24, 0x00, 0x00, 0x41, 0x41, 0x22, 0x22, 0x14, 0x08, 0x08, 0x08, 0x08, 0x08, 0x00, 0x00}},
    {0x0179, {0x0c, 0x30, 0x00, 0x00, 0x7e, 0x02, 0x02, 0x04, 0x08, 0x10, 0x20, 0x40, 0x40, 0x7e, 0x00, 0x00}},
    {0x017a, {0x00, 0x00, 0x0c, 0x30, 0x00, 0x00, 0x7e, 0x02, 0x04, 0x08, 0x10, 0x20, 0x40, 0x7e, 0x00, 0x00}},
    {0x017b, {0x10, 0x10, 0x00, 0x00, 0x7e, 0x02, 0x02, 0x04, 0x08, 0x10, 0x20, 0x40, 0x40, 0x7e, 0x00, 0x00}},
    {0x017c, {0x00, 0x00, 0x10, 0x10, 0x00, 0x00, 0x7e, 0x02, 0x04, 0x08, 0x10, 0x20, 0x40, 0x7e, 0x00, 0x00}},
    {0x017d, {0x24, 0x18, 0x00, 0x00, 0x7e, 0x02, 0x02, 0x04, 0x08, 0x10, 0x20, 0x40, 0x40, 0x7e, 0x00, 0x00}},
    {0x017e, {0x00, 0x00, 0x24, 0x18, 0x00, 0x00, 0x7e, 0x02, 0x04, 0x08, 0x10, 0x20, 0x40, 0x7e, 0x00, 0x00}},
    {0x017f, {0x00, 0x00, 0x00, 0x0c, 0x10, 0x10, 0x10, 0x70, 0x10, 0x10, 0x10, 0x10, 0x10, 0x10, 0x00, 0x00}},
    {0x0192, {0x00, 0x00, 0x00, 0x0c, 0x10, 0x10, 0x10, 0x7c, 0x10, 0x10, 0x10, 0x10, 0x10, 0x10, 0x60, 0x00}},
    {0x01cd, {0x24, 0x18, 0x00, 0x00, 0x18, 0x24, 0x24, 0x42, 0x42, 0x7e, 0x42, 0x42, 0x42, 0x42, 0x00, 0x00}},
    {0x01ce, {0x00, 0x00, 0x24, 0x18, 0x00, 0x00, 0x3c, 0x42, 0x02, 0x3e, 0x42, 0x42, 0x46, 0x3a, 0x00, 0x00}},
    {0x01cf, {0x24, 0x18, 0x00, 0x00, 0x3e, 0x08, 0x08, 0x08, 0x08, 0x08, 0x08, 0x08, 0x08, 0x3e, 0x00, 0x00}},
    {0x01d0, {0x00, 0x00, 0x24, 0x18, 0x00, 0x00, 0x18, 0x08, 0x08, 0x08, 0x08, 0x08, 0x08, 0x3e, 0x00, 0x00}},
    {0x01d1, {0x24, 0x18, 0x00, 0x00, 0x3c, 0x42, 0x42, 0x42, 0x42, 0x42, 0x42, 0x42, 0x42, 0x3c, 0x00, 0x00}},
    {0x01d2, {0x00, 0x00, 0x24, 0x18, 0x00, 0x00, 0x3c, 0x42, 0x42, 0x42, 0x42, 0x42, 0x42, 0x3c, 0x00, 0x00}},
    {0x01d3, {0x24, 0x18, 0x00, 0x00, 0x42, 0x42, 0x42, 0x42, 0x42, 0x42, 0x42, 0x42, 0x42, 0x3c, 0x00, 0x00}},
    {0x01d4, {0x00, 0x00, 0x24, 0x18, 0x00, 0x00, 0x42, 0x42, 0x42, 0x42, 0x42, 0x42, 0x46, 0x3a, 0x00, 0x00}},
    {0x01e2, {0x00, 0x3c, 0x00, 0x00, 0x1f, 0x28, 0x48, 0x48, 0x7f, 0x48, 0x48, 0x48, 0x48, 0x4f, 0x00, 0x00}},
    {0x01e3, {0x00, 0x00, 0x00, 0x3c, 0x00, 0x00, 0x3e, 0x49, 0x09, 0x3f, 0x48, 0x48, 0x49, 0x3e, 0x00, 0x00}},
    {0x01e6, {0x24, 0x18, 0x00, 0x00, 0x3c, 0x42, 0x42, 0x40, 0x40, 0x4e, 0x42, 0x42, 0x46, 0x3a, 0x00, 0x00}},
    {0x01e7, {0x00, 0x00, 0x24, 0x18, 0x00, 0x02, 0x3a, 0x44, 0x44, 0x44, 0x38, 0x20, 0x3c, 0x42, 0x42, 0x3c}},
    {0x01e8, {0x24, 0x18, 0x00, 0x00, 0x42, 0x44, 0x48, 0x50, 0x60, 0x60, 0x50, 0x48, 0x44, 0x42, 0x00, 0x00}},
    {0x01e9, {0x24, 0x18, 0x00, 0x40, 0x40, 0x40, 0x44, 0x48, 0x50, 0x60, 0x50, 0x48, 0x44, 0x42, 0x00, 0x00}},
    {0x01ea, {0x00, 0x00, 0x00, 0x00, 0x3c, 0x42, 0x42, 0x42, 0x42, 0x42, 0x42, 0x42, 0x42, 0x3c, 0x10, 0x0c}},
    {0x01eb, {0x00, 0x00, 0x00, 0x00, 0x00, 0x00, 0x3c, 0x42, 0x42, 0x42, 0x42, 0x42, 0x42, 0x3c, 0x10, 0x0c}},
    {0x01ec, {0x00, 0x3c, 0x00, 0x00, 0x3c, 0x42, 0x42, 0x42, 0x42, 0x42, 0x42, 0x42, 0x42, 0x3c, 0x10, 0x0c}},
    {0x01ed, {0x00, 0x00, 0x00, 0x3c, 0x00, 0x00, 0x3c, 0x42, 0x42, 0x42, 0x42, 0x42, 0x42, 0x3c, 0x10, 0x0c}},
    {0x01f0, {0x00, 0x00, 0x12, 0x0c, 0x00, 0x00, 0x0c, 0x04, 0x04, 0x04, 0x04, 0x04, 0x04, 0x04, 0x48, 0x30}},
    {0x01f4, {0x0c, 0x30, 0x00, 0x00, 0x3c, 0x42, 0x42, 0x40, 0x40, 0x4e, 0x42, 0x42, 0x46, 0x3a, 0x00, 0x00}},
    {0x01f5, {0x00, 0x00, 0x0c, 0x30, 0x00, 0x02, 0x3a, 0x44, 0x44, 0x44, 0x38, 0x20, 0x3c, 0x42, 0x42, 0x3c}},
    {0x01fc, {0x06, 0x18, 0x00, 0x00, 0x1f, 0x28, 0x48, 0x48, 0x7f, 0x48, 0x48, 0x48, 0x48, 0x4f, 0x00, 0x00}},
    {0x01fd, {0x00, 0x00, 0x06, 0x18, 0x00, 0x00, 0x3e, 0x49, 0x09, 0x3f, 0x48, 0x48, 0x49, 0x3e, 0x00, 0x00}},
    {0x01fe, {0x0c, 0x30, 0x00, 0x02, 0x3a, 0x44, 0x46, 0x4a, 0x4a, 0x52, 0x52, 0x62, 0x22, 0x5c, 0x40, 0x00}},
    {0x01ff, {0x00, 0x00, 0x0c, 0x30, 0x00, 0x02, 0x3c, 0x46, 0x4a, 0x4a, 0x52, 0x52, 0x62, 0x3c, 0x40, 0x00}},
    {0x0200, {0xcc, 0x22, 0x00, 0x00, 0x18, 0x24, 0x24, 0x42, 0x42, 0x7e, 0x42, 0x42, 0x42, 0x42, 0x00, 0x00}},
    {0x0201, {0x00, 0x00, 0xcc, 0x22, 0x00, 0x00, 0x3c, 0x42, 0x02, 0x3e, 0x42, 0x42, 0x46, 0x3a, 0x00, 0x00}},
    {0x0202, {0x3c, 0x42, 0x42, 0x00, 0x18, 0x24, 0x24, 0x42, 0x42, 0x7e, 0x42, 0x42, 0x42, 0x42, 0x00, 0x00}},
    {0x0203, {0x00, 0x00, 0x3c, 0x42, 0x42, 0x00, 0x3c, 0x42, 0x02, 0x3e, 0x42, 0x42, 0x46, 0x3a, 0x00, 0x00}},
    {0x0204, {0xcc, 0x22, 0x00, 0x00, 0x7e, 0x40, 0x40, 0x40, 0x7c, 0x40, 0x40, 0x40, 0x40, 0x7e, 0x00, 0x00}},
    {0x0205, {0x00, 0x00, 0xcc, 0x22, 0x00, 0x00, 0x3c, 0x42, 0x42, 0x7e, 0x40, 0x40, 0x42, 0x3c, 0x00, 0x00}},
    {0x0206, {0x3c, 0x42, 0x42, 0x00, 0x7e, 0x40, 0x40, 0x40, 0x7c, 0x40, 0x40, 0x40, 0x40, 0x7e, 0x00, 0x00}},
    {0x0207, {0x00, 0x00, 0x3c, 0x42, 0x42, 0x00, 0x3c, 0x42, 0x42, 0x7e, 0x40, 0x40, 0x42, 0x3c, 0x00, 0x00}},
    {0x0208, {0xcc, 0x22, 0x00, 0x00, 0x3e, 0x08, 0x08, 0x08, 0x08, 0x08, 0x08, 0x08, 0x08, 0x3e, 0x00, 0x00}},
    {0x0209, {0x00, 0x00, 0xcc, 0x22, 0x00, 0x00, 0x18, 0x08, 0x08, 0x08, 0x08, 0x08, 0x08, 0x3e, 0x00, 0x00}},
    {0x020a, {0x3c, 0x42, 0x42, 0x00, 0x3e, 0x08, 0x08, 0x08, 0x08, 0x08, 0x08, 0x08, 0x08, 0x3e, 0x00, 0x00}},
    {0x020b, {0x00, 0x00, 0x3c, 0x42, 0x42, 0x00, 0x18, 0x08, 0x08, 0x08, 0x08, 0x08, 0x08, 0x3e, 0x00, 0x00}},
    {0x020c, {0xcc, 0x22, 0x00, 0x00, 0x3c, 0x42, 0x42, 0x42, 0x42, 0x42, 0x42, 0x42, 0x42, 0x3c, 0x00, 0x00}},
    {0x020d, {0x00, 0x00, 0xcc, 0x22, 0x00, 0x00, 0x3c, 0x42, 0x42, 0x42, 0x42, 0x42, 0x42, 0x3c, 0x00, 0x00}},
    {0x020e, {0x3c, 0x42, 0x42, 0x00, 0x3c, 0x42, 0x42, 0x42, 0x42, 0x42, 0x42, 0x42, 0x42, 0x3c, 0x00, 0x00}},
    {0x020f, {0x00, 0x00, 0x3c, 0x42, 0x42, 0x00, 0x3c, 0x42, 0x42, 0x42, 0x42, 0x42, 0x42, 0x3c, 0x00, 0x00}},
    {0x0210, {0xcc, 0x22, 0x00, 0x00, 0x7c, 0x42, 0x42, 0x42, 0x7c, 0x48, 0x44, 0x44, 0x42, 0x42, 0x00, 0x00}},
    {0x0211, {0x00, 0x00, 0xcc, 0x22, 0x00, 0x00, 0x5c, 0x62, 0x42, 0x40, 0x40, 0x40, 0x40, 0x40, 0x00, 0x00}},
    {0x0212, {0x3c, 0x42, 0x42, 0x00, 0x7c, 0x42, 0x42, 0x42, 0x7c, 0x48, 0x44, 0x44, 0x42, 0x42, 0x00, 0x00}},
    {0x0213, {0x00, 0x00, 0x3c, 0x42, 0x42, 0x00, 0x5c, 0x62, 0x42, 0x40, 0x40, 0x40, 0x40, 0x40, 0x00, 0x00}},
    {0x0214, {0xcc, 0x22, 0x00, 0x00, 0x42, 0x42, 0x42, 0x42, 0x42, 0x42, 0x42, 0x42, 0x42, 0x3c, 0x00, 0x00}},
    {0x0215, {0x00, 0x00, 0xcc, 0x22, 0x00, 0x00, 0x42, 0x42, 0x42, 0x42, 0x42, 0x42, 0x46, 0x3a, 0x00, 0x00}},
    {0x0216, {0x3c, 0x42, 0x42, 0x00, 0x42, 0x42, 0x42, 0x42, 0x42, 0x42, 0x42, 0x42, 0x42, 0x3c, 0x00, 0x00}},
    {0x0217, {0x00, 0x00, 0x3c, 0x42, 0x42, 0x00, 0x42, 0x42, 0x42, 0x42, 0x42, 0x42, 0x46, 0x3a, 0x00, 0x00}},
    {0x021e, {0x00, 0x24, 0x18, 0x00, 0x42, 0x42, 0x42, 0x42, 0x7e, 0x42, 0x42, 0x42, 0x42, 0x42, 0x00, 0x00}},
    {0x021f, {0x00, 0x24, 0x18, 0x00, 0x40, 0x40, 0x40, 0x5c, 0x62, 0x42, 0x42, 0x42, 0x42, 0x42, 0x00, 0x00}},
    {0x0226, {0x00, 0x00, 0x08, 0x00, 0x18, 0x24, 0x24, 0x42, 0x42, 0x7e, 0x42, 0x42, 0x42, 0x42, 0x00, 0x00}},
    {0x0227, {0x00, 0x00, 0x00, 0x00, 0x08, 0x00, 0x3c, 0x42, 0x02, 0x3e, 0x42, 0x42, 0x46, 0x3a, 0x00, 0x00}},
    {0x0228, {0x00, 0x00, 0x00, 0x00, 0x7e, 0x40, 0x40, 0x40, 0x7c, 0x40, 0x40, 0x40, 0x40, 0x7e, 0x08, 0x30}},
    {0x0229, {0x00, 0x00, 0x00, 0x00, 0x00, 0x00, 0x3c, 0x42, 0x42, 0x7e, 0x40, 0x40, 0x42, 0x3c, 0x08, 0x30}},
    {0x022e, {0x00, 0x00, 0x08, 0x00, 0x3c, 0x42, 0x42, 0x42, 0x42, 0x42, 0x42, 0x42, 0x42, 0x3c, 0x00, 0x00}},
    {0x022f, {0x00, 0x00, 0x00, 0x00, 0x08, 0x00, 0x3c, 0x42, 0x42, 0x42, 0x42, 0x42, 0x42, 0x3c, 0x00, 0x00}},
    {0x02c7, {0x00, 0x00, 0x00, 0x00, 0x24, 0x18, 0x00, 0x00, 0x00, 0x00, 0x00, 0x00, 0x00, 0x00, 0x00, 0x00}},
    {0x02d8, {0x00, 0x00, 0x42, 0x42, 0x3c, 0x00, 0x00, 0x00, 0x00, 0x00, 0x00, 0x00, 0x00, 0x00, 0x00, 0x00}},
    {0x02d9, {0x00, 0x00, 0x18, 0x18, 0x00, 0x00, 0x00, 0x00, 0x00, 0x00, 0x00, 0x00, 0x00, 0x00, 0x00, 0x00}},
    {0x02db, {0x00, 0x00, 0x00, 0x00, 0x00, 0x00, 0x00, 0x00, 0x00, 0x00, 0x00, 0x00, 0x00, 0x00, 0x08, 0x06}},
    {0x02dc, {0x00, 0x00, 0x32, 0x4c, 0x00, 0x00, 0x00, 0x00, 0x00, 0x00, 0x00, 0x00, 0x00, 0x00, 0x00, 0x00}},
    {0x02dd, {0x00, 0x00, 0x33, 0x44, 0x00, 0x00, 0x00, 0x00, 0x00, 0x00, 0x00, 0x00, 0x00, 0x00, 0x00, 0x00}},
    {0x0306, {0x00, 0x42, 0x42, 0x3c, 0x00, 0x00, 0x00, 0x00, 0x00, 0x00, 0x00, 0x00, 0x00, 0x00, 0x00, 0x00}},
    {0x0308, {0x00, 0x66, 0x66, 0x00, 0x00, 0x00, 0x00, 0x00, 0x00, 0x00, 0x00, 0x00, 0x00, 0x00, 0x00, 0x00}},
    {0x0391, {0x00, 0x00, 0x00, 0x00, 0x18, 0x24, 0x24, 0x42, 0x42, 0x7e, 0x42, 0x42, 0x42, 0x42, 0x00, 0x00}},
    {0x0392, {0x00, 0x00, 0x00, 0x00, 0x7c, 0x42, 0x42, 0x42, 0x7c, 0x42, 0x42, 0x42, 0x42, 0x7c, 0x00, 0x00}},
    {0x0393, {0x00, 0x00, 0x00, 0x00, 0x7e, 0x42, 0x40, 0x40, 0x40, 0x40, 0x40, 0x40, 0x40, 0x40, 0x00, 0x00}},
    {0x0394, {0x00, 0x00, 0x00, 0x00, 0x08, 0x08, 0x14, 0x14, 0x22, 0x22, 0x22, 0x41, 0x41, 0x7f, 0x00, 0x00}},
    {0x0395, {0x00, 0x00, 0x00, 0x00, 0x7e, 0x40, 0x40, 0x40, 0x7c, 0x40, 0x40, 0x40, 0x40, 0x7e, 0x00, 0x00}},
    {0x0396, {0x00, 0x00, 0x00, 0x00, 0x7e, 0x02, 0x02, 0x04, 0x08, 0x10, 0x20, 0x40, 0x40, 0x7e, 0x00, 0x00}},
    {0x0397, {0x00, 0x00, 0x00, 0x00, 0x42, 0x42, 0x42, 0x42, 0x7e, 0x42, 0x42, 0x42, 0x42, 0x42, 0x00, 0x00}},
    {0x0398, {0x00, 0x00, 0x00, 0x00, 0x3c, 0x42, 0x42, 0x42, 0x5a, 0x5a, 0x42, 0x42, 0x42, 0x3c, 0x00, 0x00}},
    {0x0399, {0x00, 0x00, 0x00, 0x00, 0x3e, 0x08, 0x08, 0x08, 0x08, 0x08, 0x08, 0x08, 0x08, 0x3e, 0x00, 0x00}},
    {0x039a, {0x00, 0x00, 0x00, 0x00, 0x42, 0x44, 0x48, 0x50, 0x60, 0x60, 0x50, 0x48, 0x44, 0x42, 0x00, 0x00}},
    {0x039b, {0x00, 0x00, 0x00, 0x00, 0x08, 0x08, 0x14, 0x14, 0x22, 0x22, 0x22, 0x41, 0x41, 0x41, 0x00, 0x00}},
    {0x039c, {0x00, 0x00, 0x00, 0x00, 0x42, 0x42, 0x66, 0x66, 0x5a, 0x5a, 0x42, 0x42, 0x42, 0x42, 0x00, 0x00}},
    {0x039d, {0x00, 0x00, 0x00, 0x00, 0x42, 0x62, 0x62, 0x52, 0x52, 0x4a, 0x4a, 0x46, 0x46, 0x42, 0x00, 0x00}},
    {0x039f, {0x00, 0x00, 0x00, 0x00, 0x3c, 0x42, 0x42, 0x42, 0x42, 0x42, 0x42, 0x42, 0x42, 0x3c, 0x00, 0x00}},
    {0x03a0, {0x00, 0x00, 0x00, 0x00, 0x7f, 0x22, 0x22, 0x22, 0x22, 0x22, 0x22, 0x22, 0x22, 0x22, 0x00, 0x00}},
    {0x03a1, {0x00, 0x00, 0x00, 0x00, 0x7c, 0x42, 0x42, 0x42, 0x7c, 0x40, 0x40, 0x40, 0x40, 0x40, 0x00, 0x00}},
    {0x03a3, {0x00, 0x00, 0x00, 0x00, 0x7e, 0x40, 0x20, 0x10, 0x08, 0x08, 0x10, 0x20, 0x40, 0x7e, 0x00, 0x00}},
    {0x03a4, {0x00, 0x00, 0x00, 0x00, 0x7f, 0x08, 0x08, 0x08, 0x08, 0x08, 0x08, 0x08, 0x08, 0x08, 0x00, 0x00}},
    {0x03a5, {0x00, 0x00, 0x00, 0x00, 0x41, 0x41, 0x22, 0x22, 0x14, 0x08, 0x08, 0x08, 0x08, 0x08, 0x00, 0x00}},
    {0x03a6, {0x00, 0x00, 0x00, 0x00, 0x7f, 0x08, 0x3e, 0x49, 0x49, 0x49, 0x49, 0x3e, 0x08, 0x7f, 0x00, 0x00}},
    {0x03a7, {0x00, 0x00, 0x00, 0x00, 0x42, 0x42, 0x24, 0x24, 0x18, 0x18, 0x24, 0x24, 0x42, 0x42, 0x00, 0x00}},
    {0x03a8, {0x00, 0x00, 0x00, 0x00, 0x49, 0x49, 0x49, 0x49, 0x49, 0x3e, 0x08, 0x08, 0x08, 0x08, 0x00, 0x00}},
    {0x03a9, {0x00, 0x00, 0x00, 0x00, 0x3e, 0x41, 0x41, 0x41, 0x41, 0x41, 0x22, 0x14, 0x14, 0x77, 0x00, 0x00}},
    {0x03b1, {0x00, 0x00, 0x00, 0x00, 0x00, 0x00, 0x32, 0x4a, 0x44, 0x44, 0x44, 0x44, 0x4a, 0x32, 0x00, 0x00}},
    {0x03b4, {0x00, 0x00, 0x00, 0x00, 0x1c, 0x20, 0x20, 0x20, 0x18, 0x24, 0x42, 0x42, 0x42, 0x3c, 0x00, 0x00}},
    {0x03b5, {0x00, 0x00, 0x00, 0x00, 0x00, 0x00, 0x3c, 0x42, 0x40, 0x3c, 0x40, 0x40, 0x42, 0x3c, 0x00, 0x00}},
    {0x03ba, {0x00, 0x00, 0x00, 0x00, 0x00, 0x00, 0x22, 0x24, 0x28, 0x30, 0x30, 0x28, 0x24, 0x22, 0x00, 0x00}},
    {0x03bc, {0x00, 0x00, 0x00, 0x00, 0x00, 0x00, 0x42, 0x42, 0x42, 0x42, 0x42, 0x42, 0x66, 0x59, 0x40, 0x40}},
    {0x03bd, {0x00, 0x00, 0x00, 0x00, 0x00, 0x00, 0x42, 0x42, 0x42, 0x44, 0x44, 0x48, 0x50, 0x60, 0x00, 0x00}},
    {0x03bf, {0x00, 0x00, 0x00, 0x00, 0x00, 0x00, 0x3c, 0x42, 0x42, 0x42, 0x42, 0x42, 0x42, 0x3c, 0x00, 0x00}},
    {0x03c0, {0x00, 0x00, 0x00, 0x00, 0x00, 0x00, 0x7e, 0x24, 0x24, 0x24, 0x24, 0x24, 0x24, 0x24, 0x00, 0x00}},
    {0x03c3, {0x00, 0x00, 0x00, 0x00, 0x00, 0x00, 0x3f, 0x48, 0x44, 0x44, 0x44, 0x44, 0x44, 0x38, 0x00, 0x00}},
    {0x03c4, {0x00, 0x00, 0x00, 0x00, 0x00, 0x00, 0x7e, 0x10, 0x10, 0x10, 0x10, 0x10, 0x10, 0x0c, 0x00, 0x00}},
    {0x03c6, {0x00, 0x00, 0x00, 0x00, 0x00, 0x00, 0x26, 0x49, 0x49, 0x49, 0x49, 0x49, 0x49, 0x3e, 0x08, 0x08}},
    {0x0401, {0x24, 0x24, 0x00, 0x00, 0x7e, 0x40, 0x40, 0x40, 0x7c, 0x40, 0x40, 0x40, 0x40, 0x7e, 0x00, 0x00}},
    {0x0406, {0x00, 0x00, 0x00, 0x00, 0x3e, 0x08, 0x08, 0x08, 0x08, 0x08, 0x08, 0x08, 0x08, 0x3e, 0x00, 0x00}},
    {0x0407, {0x24, 0x24, 0x00, 0x00, 0x3e, 0x08, 0x08, 0x08, 0x08, 0x08, 0x08, 0x08, 0x08, 0x3e, 0x00, 0x00}},
    {0x040e, {0x42, 0x42, 0x3c, 0x00, 0x41, 0x41, 0x22, 0x22, 0x14, 0x14, 0x08, 0x08, 0x10, 0x30, 0x00, 0x00}},
    {0x0410, {0x00, 0x00, 0x00, 0x00, 0x18, 0x24, 0x24, 0x42, 0x42, 0x7e, 0x42, 0x42, 0x42, 0x42, 0x00, 0x00}},
    {0x0411, {0x00, 0x00, 0x00, 0x00, 0x7c, 0x40, 0x40, 0x40, 0x7c, 0x42, 0x42, 0x42, 0x42, 0x7c, 0x00, 0x00}},
    {0x0412, {0x00, 0x00, 0x00, 0x00, 0x7c, 0x42, 0x42, 0x42, 0x7c, 0x42, 0x42, 0x42, 0x42, 0x7c, 0x00, 0x00}},
    {0x0413, {0x00, 0x00, 0x00, 0x00, 0x7e, 0x40, 0x40, 0x40, 0x40, 0x40, 0x40, 0x40, 0x40, 0x40, 0x00, 0x00}},
    {0x0414, {0x00, 0x00, 0x00, 0x00, 0x0e, 0x12, 0x12, 0x12, 0x22, 0x22, 0x22, 0x42, 0x42, 0xff, 0x81, 0x81}},
    {0x0415, {0x00, 0x00, 0x00, 0x00, 0x7e, 0x40, 0x40, 0x40, 0x7c, 0x40, 0x40, 0x40, 0x40, 0x7e, 0x00, 0x00}},
    {0x0416, {0x00, 0x00, 0x00, 0x00, 0x49, 0x49, 0x2a, 0x2a, 0x1c, 0x1c, 0x2a, 0x2a, 0x49, 0x49, 0x00, 0x00}},
    {0x0417, {0x00, 0x00, 0x00, 0x00, 0x3c, 0x42, 0x02, 0x02, 0x3c, 0x04, 0x02, 0x02, 0x42, 0x3c, 0x00, 0x00}},
    {0x0418, {0x00, 0x00, 0x00, 0x00, 0x42, 0x46, 0x46, 0x4a, 0x4a, 0x52, 0x52, 0x62, 0x62, 0x42, 0x00, 0x00}},
    {0x0419, {0x00, 0x24, 0x18, 0x00, 0x42, 0x46, 0x46, 0x4a, 0x4a, 0x52, 0x52, 0x62, 0x62, 0x42, 0x00, 0x00}},
    {0x041a, {0x00, 0x00, 0x00, 0x00, 0x46, 0x48, 0x48, 0x50, 0x50, 0x60, 0x50, 0x48, 0x44, 0x42, 0x00, 0x00}},
    {0x041b, {0x00, 0x00, 0x00, 0x00, 0x1e, 0x12, 0x12, 0x12, 0x12, 0x12, 0x12, 0x22, 0x22, 0x42, 0x00, 0x00}},
    {0x041c, {0x00, 0x00, 0x00, 0x00, 0x42, 0x42, 0x66, 0x66, 0x5a, 0x5a, 0x42, 0x42, 0x42, 0x42, 0x00, 0x00}},
    {0x041d, {0x00, 0x00, 0x00, 0x00, 0x42, 0x42, 0x42, 0x42, 0x7e, 0x42, 0x42, 0x42, 0x42, 0x42, 0x00, 0x00}},
    {0x041e, {0x00, 0x00, 0x00, 0x00, 0x3c, 0x42, 0x42, 0x42, 0x42, 0x42, 0x42, 0x42, 0x42, 0x3c, 0x00, 0x00}},
    {0x041f, {0x00, 0x00, 0x00, 0x00, 0x7e, 0x42, 0x42, 0x42, 0x42, 0x42, 0x42, 0x42, 0x42, 0x42, 0x00, 0x00}},
    {0x0420, {0x00, 0x00, 0x00, 0x00, 0x7c, 0x42, 0x42, 0x42, 0x7c, 0x40, 0x40, 0x40, 0x40, 0x40, 0x00, 0x00}},
    {0x0421, {0x00, 0x00, 0x00, 0x00, 0x3c, 0x42, 0x42, 0x40, 0x40, 0x40, 0x40, 0x42, 0x42, 0x3c, 0x00, 0x00}},
    {0x0422, {0x00, 0x00, 0x00, 0x00, 0x7f, 0x08, 0x08, 0x08, 0x08, 0x08, 0x08, 0x08, 0x08, 0x08, 0x00, 0x00}},
    {0x0423, {0x00, 0x00, 0x00, 0x00, 0x41, 0x41, 0x22, 0x22, 0x14, 0x14, 0x08, 0x08, 0x10, 0x30, 0x00, 0x00}},
    {0x0424, {0x00, 0x00, 0x00, 0x08, 0x3e, 0x49, 0x49, 0x49, 0x49, 0x49, 0x3e, 0x08, 0x08, 0x08, 0x00, 0x00}},
    {0x0425, {0x00, 0x00, 0x00, 0x00, 0x42, 0x42, 0x24, 0x24, 0x18, 0x18, 0x24, 0x24, 0x42, 0x42, 0x00, 0x00}},
    {0x0426, {0x00, 0x00, 0x00, 0x00, 0x42, 0x42, 0x42, 0x42, 0x42, 0x42, 0x42, 0x42, 0x42, 0x7f, 0x01, 0x01}},
    {0x0427, {0x00, 0x00, 0x00, 0x00, 0x42, 0x42, 0x42, 0x42, 0x42, 0x46, 0x3a, 0x02, 0x02, 0x02, 0x00, 0x00}},
    {0x0428, {0x00, 0x00, 0x00, 0x00, 0x49, 0x49, 0x49, 0x49, 0x49, 0x49, 0x49, 0x49, 0x49, 0x7f, 0x00, 0x00}},
    {0x0429, {0x00, 0x00, 0x00, 0x00, 0x92, 0x92, 0x92, 0x92, 0x92, 0x92, 0x92, 0x92, 0x92, 0xff, 0x01, 0x01}},
    {0x042a, {0x00, 0x00, 0x00, 0x00, 0x70, 0x10, 0x10, 0x10, 0x1e, 0x11, 0x11, 0x11, 0x11, 0x1e, 0x00, 0x00}},
    {0x042b, {0x00, 0x00, 0x00, 0x00, 0x42, 0x42, 0x42, 0x42, 0x72, 0x4a, 0x4a, 0x4a, 0x4a, 0x72, 0x00, 0x00}},
    {0x042c, {0x00, 0x00, 0x00, 0x00, 0x40, 0x40, 0x40, 0x40, 0x7c, 0x42, 0x42, 0x42, 0x42, 0x7c, 0x00, 0x00}},
    {0x042d, {0x00, 0x00, 0x00, 0x00, 0x38, 0x44, 0x02, 0x02, 0x3e, 0x02, 0x02, 0x02, 0x44, 0x38, 0x00, 0x00}},
    {0x042e, {0x00, 0x00, 0x00, 0x00, 0x4c, 0x52, 0x52, 0x52, 0x72, 0x52, 0x52, 0x52, 0x52, 0x4c, 0x00, 0x00}},
    {0x042f, {0x00, 0x00, 0x00, 0x00, 0x3e, 0x42, 0x42, 0x42, 0x3e, 0x12, 0x22, 0x22, 0x42, 0x42, 0x00, 0x00}},
    {0x0430, {0x00, 0x00, 0x00, 0x00, 0x00, 0x00, 0x3c, 0x42, 0x02, 0x3e, 0x42, 0x42, 0x46, 0x3a, 0x00, 0x00}},
    {0x0431, {0x00, 0x00, 0x02, 0x1c, 0x20, 0x40, 0x7c, 0x42, 0x42, 0x42, 0x42, 0x42, 0x42, 0x3c, 0x00, 0x00}},
    {0x0432, {0x00, 0x00, 0x00, 0x00, 0x00, 0x00, 0x7c, 0x42, 0x42, 0x7c, 0x42, 0x42, 0x42, 0x7c, 0x00, 0x00}},
    {0x0433, {0x00, 0x00, 0x00, 0x00, 0x00, 0x00, 0x7e, 0x40, 0x40, 0x40, 0x40, 0x40, 0x40, 0x40, 0x00, 0x00}},
    {0x0434, {0x00, 0x00, 0x00, 0x00, 0x00, 0x00, 0x1e, 0x12, 0x22, 0x22, 0x42, 0x42, 0x42, 0x7f, 0x41, 0x00}},
    {0x0435, {0x00, 0x00, 0x00, 0x00, 0x00, 0x00, 0x3c, 0x42, 0x42, 0x7e, 0x40, 0x40, 0x42, 0x3c, 0x00, 0x00}},
    {0x0436, {0x00, 0x00, 0x00, 0x00, 0x00, 0x00, 0x49, 0x49, 0x2a, 0x1c, 0x1c, 0x2a, 0x49, 0x49, 0x00, 0x00}},
    {0x0437, {0x00, 0x00, 0x00, 0x00, 0x00, 0x00, 0x3c, 0x42, 0x02, 0x3c, 0x04, 0x02, 0x42, 0x3c, 0x00, 0x00}},
    {0x0438, {0x00, 0x00, 0x00, 0x00, 0x00, 0x00, 0x46, 0x46, 0x4a, 0x4a, 0x52, 0x52, 0x62, 0x62, 0x00, 0x00}},
    {0x0439, {0x00, 0x00, 0x24, 0x18, 0x00, 0x00, 0x46, 0x46, 0x4a, 0x4a, 0x52, 0x52, 0x62, 0x62, 0x00, 0x00}},
    {0x043a, {0x00, 0x00, 0x00, 0x00, 0x00, 0x00, 0x46, 0x48, 0x50, 0x60, 0x50, 0x48, 0x44, 0x42, 0x00, 0x00}},
    {0x043b, {0x00, 0x00, 0x00, 0x00, 0x00, 0x00, 0x1e, 0x12, 0x12, 0x12, 0x12, 0x22, 0x22, 0x42, 0x00, 0x00}},
    {0x043c, {0x00, 0x00, 0x00, 0x00, 0x00, 0x00, 0x42, 0x66, 0x66, 0x5a, 0x5a, 0x42, 0x42, 0x42, 0x00, 0x00}},
    {0x043d, {0x00, 0x00, 0x00, 0x00, 0x00, 0x00, 0x42, 0x42, 0x42, 0x7e, 0x42, 0x42, 0x42, 0x42, 0x00, 0x00}},
    {0x043e, {0x00, 0x00, 0x00, 0x00, 0x00, 0x00, 0x3c, 0x42, 0x42, 0x42, 0x42, 0x42, 0x42, 0x3c, 0x00, 0x00}},
    {0x043f, {0x00, 0x00, 0x00, 0x00, 0x00, 0x00, 0x7e, 0x42, 0x42, 0x42, 0x42, 0x42, 0x42, 0x42, 0x00, 0x00}},
    {0x0440, {0x00, 0x00, 0x00, 0x00, 0x00, 0x00, 0x5c, 0x62, 0x42, 0x42, 0x42, 0x42, 0x62, 0x5c, 0x40, 0x40}},
    {0x0441, {0x00, 0x00, 0x00, 0x00, 0x00, 0x00, 0x3c, 0x42, 0x40, 0x40, 0x40, 0x40, 0x42, 0x3c, 0x00, 0x00}},
    {0x0442, {0x00, 0x00, 0x00, 0x00, 0x00, 0x00, 0x7f, 0x08, 0x08, 0x08, 0x08, 0x08, 0x08, 0x08, 0x00, 0x00}},
    {0x0443, {0x00, 0x00, 0x00, 0x00, 0x00, 0x00, 0x42, 0x42, 0x24, 0x24, 0x18, 0x18, 0x10, 0x10, 0x20, 0x60}},
    {0x0444, {0x00, 0x00, 0x00, 0x08, 0x08, 0x08, 0x3e, 0x49, 0x49, 0x49, 0x49, 0x49, 0x49, 0x3e, 0x08, 0x08}},
    {0x0445, {0x00, 0x00, 0x00, 0x00, 0x00, 0x00, 0x42, 0x42, 0x24, 0x18, 0x18, 0x24, 0x42, 0x42, 0x00, 0x00}},
    {0x0446, {0x00, 0x00, 0x00, 0x00, 0x00, 0x00, 0x42, 0x42, 0x42, 0x42, 0x42, 0x42, 0x42, 0x7f, 0x01, 0x01}},
    {0x0447, {0x00, 0x00, 0x00, 0x00, 0x00, 0x00, 0x42, 0x42, 0x42, 0x42, 0x46, 0x3a, 0x02, 0x02, 0x00, 0x00}},
    {0x0448, {0x00, 0x00, 0x00, 0x00, 0x00, 0x00, 0x49, 0x49, 0x49, 0x49, 0x49, 0x49, 0x49, 0x7f, 0x00, 0x00}},
    {0x0449, {0x00, 0x00, 0x00, 0x00, 0x00, 0x00, 0x92, 0x92, 0x92, 0x92, 0x92, 0x92, 0x92, 0xff, 0x01, 0x01}},
    {0x044a, {0x00, 0x00, 0x00, 0x00, 0x00, 0x00, 0x70, 0x10, 0x10, 0x1e, 0x11, 0x11, 0x11, 0x1e, 0x00, 0x00}},
    {0x044b, {0x00, 0x00, 0x00, 0x00, 0x00, 0x00, 0x42, 0x42, 0x42, 0x72, 0x4a, 0x4a, 0x4a, 0x72, 0x00, 0x00}},
    {0x044c, {0x00, 0x00, 0x00, 0x00, 0x00, 0x00, 0x40, 0x40, 0x40, 0x7c, 0x42, 0x42, 0x42, 0x7c, 0x00, 0x00}},
    {0x044d, {0x00, 0x00, 0x00, 0x00, 0x00, 0x00, 0x38, 0x44, 0x02, 0x3e, 0x02, 0x02, 0x44, 0x38, 0x00, 0x00}},
    {0x044e, {0x00, 0x00, 0x00, 0x00, 0x00, 0x00, 0x4c, 0x52, 0x52, 0x72, 0x52, 0x52, 0x52, 0x4c, 0x00, 0x00}},
    {0x044f, {0x00, 0x00, 0x00, 0x00, 0x00, 0x00, 0x3e, 0x42, 0x42, 0x42, 0x3e, 0x12, 0x22, 0x42, 0x00, 0x00}},
    {0x0451, {0x00, 0x00, 0x24, 0x24, 0x00, 0x00, 0x3c, 0x42, 0x42, 0x7e, 0x40, 0x40, 0x42, 0x3c, 0x00, 0x00}},
    {0x0456, {0x00, 0x00, 0x00, 0x08, 0x08, 0x00, 0x18, 0x08, 0x08, 0x08, 0x08, 0x08, 0x08, 0x3e, 0x00, 0x00}},
    {0x0457, {0x00, 0x00, 0x00, 0x24, 0x24, 0x00, 0x18, 0x08, 0x08, 0x08, 0x08, 0x08, 0x08, 0x3e, 0x00, 0x00}},
    {0x045e, {0x00, 0x42, 0x42, 0x3c, 0x00, 0x00, 0x42, 0x42, 0x24, 0x24, 0x18, 0x18, 0x10, 0x10, 0x20, 0x60}},
    {0x0490, {0x00, 0x00, 0x02, 0x02, 0x7e, 0x40, 0x40, 0x40, 0x40, 0x40, 0x40, 0x40, 0x40, 0x40, 0x00, 0x00}},
    {0x0491, {0x00, 0x00, 0x00, 0x00, 0x02, 0x02, 0x7e, 0x40, 0x40, 0x40, 0x40, 0x40, 0x40, 0x40, 0x00, 0x00}},
    {0x2010, {0x00, 0x00, 0x00, 0x00, 0x00, 0x00, 0x00, 0x00, 0x00, 0x3c, 0x00, 0x00, 0x00, 0x00, 0x00, 0x00}},
    {0x2013, {0x00, 0x00, 0x00, 0x00, 0x00, 0x00, 0x00, 0x00, 0x00, 0x7e, 0x00, 0x00, 0x00, 0x00, 0x00, 0x00}},
    {0x2014, {0x00, 0x00, 0x00, 0x00, 0x00, 0x00, 0x00, 0x00, 0x00, 0xff, 0x00, 0x00, 0x00, 0x00, 0x00, 0x00}},
    {0x2016, {0x00, 0x00, 0x00, 0x14, 0x14, 0x14, 0x14, 0x14, 0x14, 0x14, 0x14, 0x14, 0x14, 0x14, 0x14, 0x00}},
    {0x2018, {0x00, 0x00, 0x08, 0x10, 0x10, 0x18, 0x00, 0x00, 0x00, 0x00, 0x00, 0x00, 0x00, 0x00, 0x00, 0x00}},
    {0x2019, {0x00, 0x00, 0x18, 0x08, 0x08, 0x10, 0x00, 0x00, 0x00, 0x00, 0x00, 0x00, 0x00, 0x00, 0x00, 0x00}},
    {0x201c, {0x00, 0x00, 0x22, 0x44, 0x44, 0x66, 0x00, 0x00, 0x00, 0x00, 0x00, 0x00, 0x00, 0x00, 0x00, 0x00}},
    {0x201d, {0x00, 0x00, 0x66, 0x22, 0x22, 0x44, 0x00, 0x00, 0x00, 0x00, 0x00, 0x00, 0x00, 0x00, 0x00, 0x00}},
    {0x2020, {0x00, 0x00, 0x08, 0x1c, 0x08, 0x2a, 0x7f, 0x2a, 0x08, 0x1c, 0x08, 0x08, 0x08, 0x08, 0x00, 0x00}},
    {0x2021, {0x00, 0x08, 0x1c, 0x08, 0x2a, 0x7f, 0x2a, 0x08, 0x08, 0x2a, 0x7f, 0x2a, 0x08, 0x1c, 0x08, 0x00}},
    {0x2022, {0x00, 0x00, 0x00, 0x00, 0x00, 0x00, 0x00, 0x38, 0x7c, 0x7c, 0x7c, 0x38, 0x00, 0x00, 0x00, 0x00}},
    {0x2026, {0x00, 0x00, 0x00, 0x00, 0x00, 0x00, 0x00, 0x00, 0x00, 0x00, 0x00, 0x00, 0x49, 0x49, 0x00, 0x00}},
    {0x2039, {0x00, 0x00, 0x00, 0x00, 0x00, 0x04, 0x04, 0x08, 0x08, 0x10, 0x08, 0x08, 0x04, 0x04, 0x00, 0x00}},
    {0x203a, {0x00, 0x00, 0x00, 0x00, 0x00, 0x20, 0x20, 0x10, 0x10, 0x08, 0x10, 0x10, 0x20, 0x20, 0x00, 0x00}},
    {0x203c, {0x00, 0x00, 0x00, 0x00, 0x24, 0x24, 0x24, 0x24, 0x24, 0x24, 0x24, 0x00, 0x24, 0x24, 0x00, 0x00}},
    {0x207f, {0x00, 0x00, 0x00, 0x00, 0x00, 0x58, 0x64, 0x44, 0x44, 0x44, 0x00, 0x00, 0x00, 0x00, 0x00, 0x00}},
    {0x20a7, {0x00, 0x00, 0x00, 0x00, 0x68, 0x58, 0x5f, 0x5c, 0x6c, 0x4a, 0x49, 0x49, 0x49, 0x4e, 0x00, 0x00}},
    {0x20ac, {0x00, 0x00, 0x00, 0x00, 0x0c, 0x12, 0x20, 0x7c, 0x20, 0x7c, 0x20, 0x20, 0x12, 0x0c, 0x00, 0x00}},
    {0x2122, {0x00, 0x00, 0x00, 0x00, 0xf1, 0x5b, 0x55, 0x51, 0x51, 0x00, 0x00, 0x00, 0x00, 0x00, 0x00, 0x00}},
    {0x2190, {0x00, 0x00, 0x00, 0x00, 0x00, 0x00, 0x00, 0x10, 0x20, 0x7f, 0x20, 0x10, 0x00, 0x00, 0x00, 0x00}},
    {0x2191, {0x00, 0x00, 0x08, 0x1c, 0x2a, 0x08, 0x08, 0x08, 0x08, 0x08, 0x08, 0x08, 0x08, 0x08, 0x08, 0x08}},
    {0x2192, {0x00, 0x00, 0x00, 0x00, 0x00, 0x00, 0x00, 0x08, 0x04, 0xfe, 0x04, 0x08, 0x00, 0x00, 0x00, 0x00}},
    {0x2193, {0x08, 0x08, 0x08, 0x08, 0x08, 0x08, 0x08, 0x08, 0x08, 0x08, 0x08, 0x2a, 0x1c, 0x08, 0x00, 0x00}},
    {0x2194, {0x00, 0x00, 0x00, 0x00, 0x00, 0x00, 0x00, 0x24, 0x42, 0xff, 0x42, 0x24, 0x00, 0x00, 0x00, 0x00}},
    {0x2195, {0x00, 0x00, 0x08, 0x1c, 0x2a, 0x08, 0x08, 0x08, 0x08, 0x08, 0x08, 0x2a, 0x1c, 0x08, 0x00, 0x00}},
    {0x21a8, {0x00, 0x00, 0x08, 0x1c, 0x2a, 0x08, 0x08, 0x08, 0x08, 0x08, 0x2a, 0x1c, 0x08, 0x3e, 0x00, 0x00}},
    {0x2219, {0x00, 0x00, 0x00, 0x00, 0x00, 0x00, 0x00, 0x00, 0x18, 0x3c, 0x3c, 0x18, 0x00, 0x00, 0x00, 0x00}},
    {0x221a, {0x00, 0x00, 0x07, 0x04, 0x04, 0x04, 0x04, 0x04, 0x74, 0x14, 0x14, 0x0c, 0x0c, 0x04, 0x04, 0x00}},
    {0x221e, {0x00, 0x00, 0x00, 0x00, 0x00, 0x00, 0x00, 0x36, 0x49, 0x49, 0x36, 0x00, 0x00, 0x00, 0x00, 0x00}},
    {0x2229, {0x00, 0x00, 0x00, 0x00, 0x00, 0x00, 0x3c, 0x42, 0x42, 0x42, 0x42, 0x42, 0x42, 0x42, 0x00, 0x00}},
    {0x222a, {0x00, 0x00, 0x00, 0x00, 0x00, 0x00, 0x42, 0x42, 0x42, 0x42, 0x42, 0x42, 0x42, 0x3c, 0x00, 0x00}},
    {0x2248, {0x00, 0x00, 0x00, 0x00, 0x00, 0x00, 0x00, 0x32, 0x4c, 0x00, 0x32, 0x4c, 0x00, 0x00, 0x00, 0x00}},
    {0x2261, {0x00, 0x00, 0x00, 0x00, 0x00, 0x00, 0x00, 0x7e, 0x00, 0x7e, 0x00, 0x7e, 0x00, 0x00, 0x00, 0x00}},
    {0x2264, {0x00, 0x00, 0x00, 0x00, 0x00, 0x00, 0x06, 0x18, 0x60, 0x18, 0x06, 0x00, 0x7e, 0x00, 0x00, 0x00}},
    {0x2265, {0x00, 0x00, 0x00, 0x00, 0x00, 0x00, 0x60, 0x18, 0x06, 0x18, 0x60, 0x00, 0x7e, 0x00, 0x00, 0x00}},
    {0x2302, {0x00, 0x00, 0x00, 0x00, 0x00, 0x00, 0x18, 0x24, 0x42, 0x42, 0x42, 0x42, 0x42, 0x7e, 0x00, 0x00}},
    {0x2310, {0x00, 0x00, 0x00, 0x00, 0x00, 0x00, 0x00, 0x00, 0x00, 0x00, 0x7e, 0x40, 0x40, 0x40, 0x00, 0x00}},
    {0x2319, {0x00, 0x00, 0x00, 0x00, 0x00, 0x00, 0x40, 0x40, 0x40, 0x7e, 0x00, 0x00, 0x00, 0x00, 0x00, 0x00}},
    {0x2320, {0x00, 0x00, 0x00, 0x00, 0x06, 0x0a, 0x08, 0x08, 0x08, 0x08, 0x08, 0x08, 0x08, 0x08, 0x08, 0x08}},
    {0x2321, {0x08, 0x08, 0x08, 0x08, 0x08, 0x08, 0x08, 0x08, 0x08, 0x08, 0x28, 0x30, 0x00, 0x00, 0x00, 0x00}},
    {0x2500, {0x00, 0x00, 0x00, 0x00, 0x00, 0x00, 0x00, 0xff, 0x00, 0x00, 0x00, 0x00, 0x00, 0x00, 0x00, 0x00}},
    {0x2501, {0x00, 0x00, 0x00, 0x00, 0x00, 0x00, 0x00, 0xff, 0xff, 0x00, 0x00, 0x00, 0x00, 0x00, 0x00, 0x00}},
    {0x2502, {0x08, 0x08, 0x08, 0x08, 0x08, 0x08, 0x08, 0x08, 0x08, 0x08, 0x08, 0x08, 0x08, 0x08, 0x08, 0x08}},
    {0x2503, {0x18, 0x18, 0x18, 0x18, 0x18, 0x18, 0x18, 0x18, 0x18, 0x18, 0x18, 0x18, 0x18, 0x18, 0x18, 0x18}},
    {0x2504, {0x00, 0x00, 0x00, 0x00, 0x00, 0x00, 0x00, 0xdb, 0x00, 0x00, 0x00, 0x00, 0x00, 0x00, 0x00, 0x00}},
    {0x2505, {0x00, 0x00, 0x00, 0x00, 0x00, 0x00, 0x00, 0xdb, 0xdb, 0x00, 0x00, 0x00, 0x00, 0x00, 0x00, 0x00}},
    {0x2506, {0x08, 0x08, 0x08, 0x08, 0x00, 0x00, 0x08, 0x08, 0x08, 0x08, 0x00, 0x00, 0x08, 0x08, 0x08, 0x08}},
    {0x2507, {0x18, 0x18, 0x18, 0x18, 0x00, 0x00, 0x18, 0x18, 0x18, 0x18, 0x00, 0x00, 0x18, 0x18, 0x18, 0x18}},
    {0x2508, {0x00, 0x00, 0x00, 0x00, 0x00, 0x00, 0x00, 0xaa, 0x00, 0x00, 0x00, 0x00, 0x00, 0x00, 0x00, 0x00}},
    {0x2509, {0x00, 0x00, 0x00, 0x00, 0x00, 0x00, 0x00, 0xaa, 0xaa, 0x00, 0x00, 0x00, 0x00, 0x00, 0x00, 0x00}},
    {0x250a, {0x08, 0x08, 0x08, 0x00, 0x08, 0x08, 0x08, 0x00, 0x08, 0x08, 0x08, 0x00, 0x08, 0x08, 0x08, 0x00}},
    {0x250b, {0x18, 0x18, 0x18, 0x00, 0x18, 0x18, 0x18, 0x00, 0x18, 0x18, 0x18, 0x00, 0x18, 0x18, 0x18, 0x00}},
    {0x250c, {0x00, 0x00, 0x00, 0x00, 0x00, 0x00, 0x00, 0x0f, 0x08, 0x08, 0x08, 0x08, 0x08, 0x08, 0x08, 0x08}},
    {0x250d, {0x00, 0x00, 0x00, 0x00, 0x00, 0x00, 0x00, 0x0f, 0x0f, 0x08, 0x08, 0x08, 0x08, 0x08, 0x08, 0x08}},
    {0x250e, {0x00, 0x00, 0x00, 0x00, 0x00, 0x00, 0x00, 0x1f, 0x18, 0x18, 0x18, 0x18, 0x18, 0x18, 0x18, 0x18}},
    {0x250f, {0x00, 0x00, 0x00, 0x00, 0x00, 0x00, 0x00, 0x1f, 0x1f, 0x18, 0x18, 0x18, 0x18, 0x18, 0x18, 0x18}},
    {0x2510, {0x00, 0x00, 0x00, 0x00, 0x00, 0x00, 0x00, 0xf8, 0x08, 0x08, 0x08, 0x08, 0x08, 0x08, 0x08, 0x08}},
    {0x2511, {0x00, 0x00, 0x00, 0x00, 0x00, 0x00, 0x00, 0xf8, 0xf8, 0x08, 0x08, 0x08, 0x08, 0x08, 0x08, 0x08}},
    {0x2512, {0x00, 0x00, 0x00, 0x00, 0x00, 0x00, 0x00, 0xf8, 0x18, 0x18, 0x18, 0x18, 0x18, 0x18, 0x18, 0x18}},
    {0x2513, {0x00, 0x00, 0x00, 0x00, 0x00, 0x00, 0x00, 0xf8, 0xf8, 0x18, 0x18, 0x18, 0x18, 0x18, 0x18, 0x18}},
    {0x2514, {0x08, 0x08, 0x08, 0x08, 0x08, 0x08, 0x08, 0x0f, 0x00, 0x00, 0x00, 0x00, 0x00, 0x00, 0x00, 0x00}},
    {0x2515, {0x08, 0x08, 0x08, 0x08, 0x08, 0x08, 0x08, 0x0f, 0x0f, 0x00, 0x00, 0x00, 0x00, 0x00, 0x00, 0x00}},
    {0x2516, {0x18, 0x18, 0x18, 0x18, 0x18, 0x18, 0x18, 0x1f, 0x00, 0x00, 0x00, 0x00, 0x00, 0x00, 0x00, 0x00}},
    {0x2517, {0x18, 0x18, 0x18, 0x18, 0x18, 0x18, 0x18, 0x1f, 0x1f, 0x00, 0x00, 0x00, 0x00, 0x00, 0x00, 0x00}},
    {0x2518, {0x08, 0x08, 0x08, 0x08, 0x08, 0x08, 0x08, 0xf8, 0x00, 0x00, 0x00, 0x00, 0x00, 0x00, 0x00, 0x00}},
    {0x2519, {0x08, 0x08, 0x08, 0x08, 0x08, 0x08, 0x08, 0xf8, 0xf8, 0x00, 0x00, 0x00, 0x00, 0x00, 0x00, 0x00}},
    {0x251a, {0x18, 0x18, 0x18, 0x18, 0x18, 0x18, 0x18, 0xf8, 0x00, 0x00, 0x00, 0x00, 0x00, 0x00, 0x00, 0x00}},
    {0x251b, {0x18, 0x18, 0x18, 0x18, 0x18, 0x18, 0x18, 0xf8, 0xf8, 0x00, 0x00, 0x00, 0x00, 0x00, 0x00, 0x00}},
    {0x251c, {0x08, 0x08, 0x08, 0x08, 0x08, 0x08, 0x08, 0x0f, 0x08, 0x08, 0x08, 0x08, 0x08, 0x08, 0x08, 0x08}},
    {0x251d, {0x08, 0x08, 0x08, 0x08, 0x08, 0x08, 0x08, 0x0f, 0x0f, 0x08, 0x08, 0x08, 0x08, 0x08, 0x08, 0x08}},
    {0x251e, {0x18, 0x18, 0x18, 0x18, 0x18, 0x18, 0x18, 0x1f, 0x08, 0x08, 0x08, 0x08, 0x08, 0x08, 0x08, 0x08}},
    {0x251f, {0x08, 0x08, 0x08, 0x08, 0x08, 0x08, 0x08, 0x1f, 0x18, 0x18, 0x18, 0x18, 0x18, 0x18, 0x18, 0x18}},
    {0x2520, {0x18, 0x18, 0x18, 0x18, 0x18, 0x18, 0x18, 0x1f, 0x18, 0x18, 0x18, 0x18, 0x18, 0x18, 0x18, 0x18}},
    {0x2521, {0x18, 0x18, 0x18, 0x18, 0x18, 0x18, 0x18, 0x1f, 0x1f, 0x08, 0x08, 0x08, 0x08, 0x08, 0x08, 0x08}},
    {0x2522, {0x08, 0x08, 0x08, 0x08, 0x08, 0x08, 0x08, 0x1f, 0x1f, 0x18, 0x18, 0x18, 0x18, 0x18, 0x18, 0x18}},
    {0x2523, {0x18, 0x18, 0x18, 0x18, 0x18, 0x18, 0x18, 0x1f, 0x1f, 0x18, 0x18, 0x18, 0x18, 0x18, 0x18, 0x18}},
    {0x2524, {0x08, 0x08, 0x08, 0x08, 0x08, 0x08, 0x08, 0xf8, 0x08, 0x08, 0x08, 0x08, 0x08, 0x08, 0x08, 0x08}},
    {0x2525, {0x08, 0x08, 0x08, 0x08, 0x08, 0x08, 0x08, 0xf8, 0xf8, 0x08, 0x08, 0x08, 0x08, 0x08, 0x08, 0x08}},
    {0x2526, {0x18, 0x18, 0x18, 0x18, 0x18, 0x18, 0x18, 0xf8, 0x08, 0x08, 0x08, 0x08, 0x08, 0x08, 0x08, 0x08}},
    {0x2527, {0x08, 0x08, 0x08, 0x08, 0x08, 0x08, 0x08, 0xf8, 0x18, 0x18, 0x18, 0x18, 0x18, 0x18, 0x18, 0x18}},
    {0x2528, {0x18, 0x18, 0x18, 0x18, 0x18, 0x18, 0x18, 0xf8, 0x18, 0x18, 0x18, 0x18, 0x18, 0x18, 0x18, 0x18}},
    {0x2529, {0x18, 0x18, 0x18, 0x18, 0x18, 0x18, 0x18, 0xf8, 0xf8, 0x08, 0x08, 0x08, 0x08, 0x08, 0x08, 0x08}},
    {0x252a, {0x08, 0x08, 0x08, 0x08, 0x08, 0x08, 0x08, 0xf8, 0xf8, 0x18, 0x18, 0x18, 0x18, 0x18, 0x18, 0x18}},
    {0x252b, {0x18, 0x18, 0x18, 0x18, 0x18, 0x18, 0x18, 0xf8, 0xf8, 0x18, 0x18, 0x18, 0x18, 0x18, 0x18, 0x18}},
    {0x252c, {0x00, 0x00, 0x00, 0x00, 0x00, 0x00, 0x00, 0xff, 0x08, 0x08, 0x08, 0x08, 0x08, 0x08, 0x08, 0x08}},
    {0x252d, {0x00, 0x00, 0x00, 0x00, 0x00, 0x00, 0x00, 0xff, 0xf8, 0x08, 0x08, 0x08, 0x08, 0x08, 0x08, 0x08}},
    {0x252e, {0x00, 0x00, 0x00, 0x00, 0x00, 0x00, 0x00, 0xff, 0x0f, 0x08, 0x08, 0x08, 0x08, 0x08, 0x08, 0x08}},
    {0x252f, {0x00, 0x00, 0x00, 0x00, 0x00, 0x00, 0x00, 0xff, 0xff, 0x08, 0x08, 0x08, 0x08, 0x08, 0x08, 0x08}},
    {0x2530, {0x00, 0x00, 0x00, 0x00, 0x00, 0x00, 0x00, 0xff, 0x18, 0x18, 0x18, 0x18, 0x18, 0x18, 0x18, 0x18}},
    {0x2531, {0x00, 0x00, 0x00, 0x00, 0x00, 0x00, 0x00, 0xff, 0xf8, 0x18, 0x18, 0x18, 0x18, 0x18, 0x18, 0x18}},
    {0x2532, {0x00, 0x00, 0x00, 0x00, 0x00, 0x00, 0x00, 0xff, 0x1f, 0x18, 0x18, 0x18, 0x18, 0x18, 0x18, 0x18}},
    {0x2533, {0x00, 0x00, 0x00, 0x00, 0x00, 0x00, 0x00, 0xff, 0xff, 0x18, 0x18, 0x18, 0x18, 0x18, 0x18, 0x18}},
    {0x2534, {0x08, 0x08, 0x08, 0x08, 0x08, 0x08, 0x08, 0xff, 0x00, 0x00, 0x00, 0x00, 0x00, 0x00, 0x00, 0x00}},
    {0x2535, {0x08, 0x08, 0x08, 0x08, 0x08, 0x08, 0x08, 0xff, 0xf8, 0x00, 0x00, 0x00, 0x00, 0x00, 0x00, 0x00}},
    {0x2536, {0x08, 0x08, 0x08, 0x08, 0x08, 0x08, 0x08, 0xff, 0x0f, 0x00, 0x00, 0x00, 0x00, 0x00, 0x00, 0x00}},
    {0x2537, {0x08, 0x08, 0x08, 0x08, 0x08, 0x08, 0x08, 0xff, 0xff, 0x00, 0x00, 0x00, 0x00, 0x00, 0x00, 0x00}},
    {0x2538, {0x18, 0x18, 0x18, 0x18, 0x18, 0x18, 0x18, 0xff, 0x00, 0x00, 0x00, 0x00, 0x00, 0x00, 0x00, 0x00}},
    {0x2539, {0x18, 0x18, 0x18, 0x18, 0x18, 0x18, 0x18, 0xff, 0xf8, 0x00, 0x00, 0x00, 0x00, 0x00, 0x00, 0x00}},
    {0x253a, {0x18, 0x18, 0x18, 0x18, 0x18, 0x18, 0x18, 0xff, 0x1f, 0x00, 0x00, 0x00, 0x00, 0x00, 0x00, 0x00}},
    {0x253b, {0x18, 0x18, 0x18, 0x18, 0x18, 0x18, 0x18, 0xff, 0xff, 0x00, 0x00, 0x00, 0x00, 0x00, 0x00, 0x00}},
    {0x253c, {0x08, 0x08, 0x08, 0x08, 0x08, 0x08, 0x08, 0xff, 0x08, 0x08, 0x08, 0x08, 0x08, 0x08, 0x08, 0x08}},
    {0x253d, {0x08, 0x08, 0x08, 0x08, 0x08, 0x08, 0x08, 0xff, 0xf8, 0x08, 0x08, 0x08, 0x08, 0x08, 0x08, 0x08}},
    {0x253e, {0x08, 0x08, 0x08, 0x08, 0x08, 0x08, 0x08, 0xff, 0x0f, 0x08, 0x08, 0x08, 0x08, 0x08, 0x08, 0x08}},
    {0x253f, {0x08, 0x08, 0x08, 0x08, 0x08, 0x08, 0x08, 0xff, 0xff, 0x08, 0x08, 0x08, 0x08, 0x08, 0x08, 0x08}},
    {0x2540, {0x18, 0x18, 0x18, 0x18, 0x18, 0x18, 0x18, 0xff, 0x08, 0x08, 0x08, 0x08, 0x08, 0x08, 0x08, 0x08}},
    {0x2541, {0x08, 0x08, 0x08, 0x08, 0x08, 0x08, 0x08, 0xff, 0x18, 0x18, 0x18, 0x18, 0x18, 0x18, 0x18, 0x18}},
    {0x2542, {0x18, 0x18, 0x18, 0x18, 0x18, 0x18, 0x18, 0xff, 0x18, 0x18, 0x18, 0x18, 0x18, 0x18, 0x18, 0x18}},
    {0x2543, {0x18, 0x18, 0x18, 0x18, 0x18, 0x18, 0x18, 0xff, 0xf8, 0x08, 0x08, 0x08, 0x08, 0x08, 0x08, 0x08}},
    {0x2544, {0x18, 0x18, 0x18, 0x18, 0x18, 0x18, 0x18, 0xff, 0x1f, 0x08, 0x08, 0x08, 0x08, 0x08, 0x08, 0x08}},
    {0x2545, {0x08, 0x08, 0x08, 0x08, 0x08, 0x08, 0x08, 0xff, 0xf8, 0x18, 0x18, 0x18, 0x18, 0x18, 0x18, 0x18}},
    {0x2546, {0x08, 0x08, 0x08, 0x08, 0x08, 0x08, 0x08, 0xff, 0x1f, 0x18, 0x18, 0x18, 0x18, 0x18, 0x18, 0x18}},
    {0x2547, {0x18, 0x18, 0x18, 0x18, 0x18, 0x18, 0x18, 0xff, 0xff, 0x08, 0x08, 0x08, 0x08, 0x08, 0x08, 0x08}},
    {0x2548, {0x08, 0x08, 0x08, 0x08, 0x08, 0x08, 0x08, 0xff, 0xff, 0x18, 0x18, 0x18, 0x18, 0x18, 0x18, 0x18}},
    {0x2549, {0x18, 0x18, 0x18, 0x18, 0x18, 0x18, 0x18, 0xff, 0xf8, 0x18, 0x18, 0x18, 0x18, 0x18, 0x18, 0x18}},
    {0x254a, {0x18, 0x18, 0x18, 0x18, 0x18, 0x18, 0x18, 0xff, 0x1f, 0x18, 0x18, 0x18, 0x18, 0x18, 0x18, 0x18}},
    {0x254b, {0x18, 0x18, 0x18, 0x18, 0x18, 0x18, 0x18, 0xff, 0xff, 0x18, 0x18, 0x18, 0x18, 0x18, 0x18, 0x18}},
    {0x254c, {0x00, 0x00, 0x00, 0x00, 0x00, 0x00, 0x00, 0xee, 0x00, 0x00, 0x00, 0x00, 0x00, 0x00, 0x00, 0x00}},
    {0x254d, {0x00, 0x00, 0x00, 0x00, 0x00, 0x00, 0x00, 0xee, 0xee, 0x00, 0x00, 0x00, 0x00, 0x00, 0x00, 0x00}},
    {0x254e, {0x08, 0x08, 0x08, 0x08, 0x08, 0x08, 0x00, 0x00, 0x08, 0x08, 0x08, 0x08, 0x08, 0x08, 0x00, 0x00}},
    {0x254f, {0x18, 0x18, 0x18, 0x18, 0x18, 0x18, 0x00, 0x00, 0x18, 0x18, 0x18, 0x18, 0x18, 0x18, 0x00, 0x00}},
    {0x2550, {0x00, 0x00, 0x00, 0x00, 0x00, 0x00, 0xff, 0x00, 0xff, 0x00, 0x00, 0x00, 0x00, 0x00, 0x00, 0x00}},
    {0x2551, {0x14, 0x14, 0x14, 0x14, 0x14, 0x14, 0x14, 0x14, 0x14, 0x14, 0x14, 0x14, 0x14, 0x14, 0x14, 0x14}},
    {0x2552, {0x00, 0x00, 0x00, 0x00, 0x00, 0x00, 0x0f, 0x08, 0x0f, 0x08, 0x08, 0x08, 0x08, 0x08, 0x08, 0x08}},
    {0x2553, {0x00, 0x00, 0x00, 0x00, 0x00, 0x00, 0x00, 0x1f, 0x14, 0x14, 0x14, 0x14, 0x14, 0x14, 0x14, 0x14}},
    {0x2554, {0x00, 0x00, 0x00, 0x00, 0x00, 0x00, 0x1f, 0x10, 0x17, 0x14, 0x14, 0x14, 0x14, 0x14, 0x14, 0x14}},
    {0x2555, {0x00, 0x00, 0x00, 0x00, 0x00, 0x00, 0xf8, 0x08, 0xf8, 0x08, 0x08, 0x08, 0x08, 0x08, 0x08, 0x08}},
    {0x2556, {0x00, 0x00, 0x00, 0x00, 0x00, 0x00, 0x00, 0xfc, 0x14, 0x14, 0x14, 0x14, 0x14, 0x14, 0x14, 0x14}},
    {0x2557, {0x00, 0x00, 0x00, 0x00, 0x00, 0x00, 0xfc, 0x04, 0xf4, 0x14, 0x14, 0x14, 0x14, 0x14, 0x14, 0x14}},
    {0x2558, {0x08, 0x08, 0x08, 0x08, 0x08, 0x08, 0x0f, 0x08, 0x0f, 0x00, 0x00, 0x00, 0x00, 0x00, 0x00, 0x00}},
    {0x2559, {0x14, 0x14, 0x14, 0x14, 0x14, 0x14, 0x14, 0x1f, 0x00, 0x00, 0x00, 0x00, 0x00, 0x00, 0x00, 0x00}},
    {0x255a, {0x14, 0x14, 0x14, 0x14, 0x14, 0x14, 0x17, 0x10, 0x1f, 0x00, 0x00, 0x00, 0x00, 0x00, 0x00, 0x00}},
    {0x255b, {0x08, 0x08, 0x08, 0x08, 0x08, 0x08, 0xf8, 0x08, 0xf8, 0x00, 0x00, 0x00, 0x00, 0x00, 0x00, 0x00}},
    {0x255c, {0x14, 0x14, 0x14, 0x14, 0x14, 0x14, 0x14, 0xfc, 0x00, 0x00, 0x00, 0x00, 0x00, 0x00, 0x00, 0x00}},
    {0x255d, {0x14, 0x14, 0x14, 0x14, 0x14, 0x14, 0xf4, 0x04, 0xfc, 0x00, 0x00, 0x00, 0x00, 0x00, 0x00, 0x00}},
    {0x255e, {0x08, 0x08, 0x08, 0x08, 0x08, 0x08, 0x0f, 0x08, 0x0f, 0x08, 0x08, 0x08, 0x08, 0x08, 0x08, 0x08}},
    {0x255f, {0x14, 0x14, 0x14, 0x14, 0x14, 0x14, 0x14, 0x17, 0x14, 0x14, 0x14, 0x14, 0x14, 0x14, 0x14, 0x14}},
    {0x2560, {0x14, 0x14, 0x14, 0x14, 0x14, 0x14, 0x17, 0x10, 0x17, 0x14, 0x14, 0x14, 0x14, 0x14, 0x14, 0x14}},
    {0x2561, {0x08, 0x08, 0x08, 0x08, 0x08, 0x08, 0xf8, 0x08, 0xf8, 0x08, 0x08, 0x08, 0x08, 0x08, 0x08, 0x08}},
    {0x2562, {0x14, 0x14, 0x14, 0x14, 0x14, 0x14, 0x14, 0xf4, 0x14, 0x14, 0x14, 0x14, 0x14, 0x14, 0x14, 0x14}},
    {0x2563, {0x14, 0x14, 0x14, 0x14, 0x14, 0x14, 0xf4, 0x04, 0xf4, 0x14, 0x14, 0x14, 0x14, 0x14, 0x14, 0x14}},
    {0x2564, {0x00, 0x00, 0x00, 0x00, 0x00, 0x00, 0xff, 0x00, 0xff, 0x08, 0x08, 0x08, 0x08, 0x08, 0x08, 0x08}},
    {0x2565, {0x00, 0x00, 0x00, 0x00, 0x00, 0x00, 0x00, 0xff, 0x14, 0x14, 0x14, 0x14, 0x14, 0x14, 0x14, 0x14}},
    {0x2566, {0x00, 0x00, 0x00, 0x00, 0x00, 0x00, 0xff, 0x00, 0xf7, 0x14, 0x14, 0x14, 0x14, 0x14, 0x14, 0x14}},
    {0x2567, {0x08, 0x08, 0x08, 0x08, 0x08, 0x08, 0xff, 0x00, 0xff, 0x00, 0x00, 0x00, 0x00, 0x00, 0x00, 0x00}},
    {0x2568, {0x14, 0x14, 0x14, 0x14, 0x14, 0x14, 0x14, 0xff, 0x00, 0x00, 0x00, 0x00, 0x00, 0x00, 0x00, 0x00}},
    {0x2569, {0x14, 0x14, 0x14, 0x14, 0x14, 0x14, 0xf7, 0x00, 0xff, 0x00, 0x00, 0x00, 0x00, 0x00, 0x00, 0x00}},
    {0x256a, {0x08, 0x08, 0x08, 0x08, 0x08, 0x08, 0xff, 0x08, 0xff, 0x08, 0x08, 0x08, 0x08, 0x08, 0x08, 0x08}},
    {0x256b, {0x14, 0x14, 0x14, 0x14, 0x14, 0x14, 0x14, 0xff, 0x14, 0x14, 0x14, 0x14, 0x14, 0x14, 0x14, 0x14}},
    {0x256c, {0x14, 0x14, 0x14, 0x14, 0x14, 0x14, 0xf7, 0x00, 0xf7, 0x14, 0x14, 0x14, 0x14, 0x14, 0x14, 0x14}},
    {0x256d, {0x00, 0x00, 0x00, 0x00, 0x00, 0x00, 0x00, 0x03, 0x04, 0x08, 0x08, 0x08, 0x08, 0x08, 0x08, 0x08}},
    {0x256e, {0x00, 0x00, 0x00, 0x00, 0x00, 0x00, 0x00, 0xe0, 0x10, 0x08, 0x08, 0x08, 0x08, 0x08, 0x08, 0x08}},
    {0x256f, {0x08, 0x08, 0x08, 0x08, 0x08, 0x08, 0x10, 0xe0, 0x00, 0x00, 0x00, 0x00, 0x00, 0x00, 0x00, 0x00}},
    {0x2570, {0x08, 0x08, 0x08, 0x08, 0x08, 0x08, 0x04, 0x03, 0x00, 0x00, 0x00, 0x00, 0x00, 0x00, 0x00, 0x00}},
    {0x2571, {0x01, 0x01, 0x02, 0x02, 0x04, 0x04, 0x08, 0x08, 0x10, 0x10, 0x20, 0x20, 0x40, 0x40, 0x80, 0x80}},
    {0x2572, {0x80, 0x80, 0x40, 0x40, 0x20, 0x20, 0x10, 0x10, 0x08, 0x08, 0x04, 0x04, 0x02, 0x02, 0x01, 0x01}},
    {0x2573, {0x81, 0x81, 0x42, 0x42, 0x24, 0x24, 0x18, 0x18, 0x18, 0x18, 0x24, 0x24, 0x42, 0x42, 0x81, 0x81}},
    {0x2574, {0x00, 0x00, 0x00, 0x00, 0x00, 0x00, 0x00, 0xf0, 0x00, 0x00, 0x00, 0x00, 0x00, 0x00, 0x00, 0x00}},
    {0x2575, {0x08, 0x08, 0x08, 0x08, 0x08, 0x08, 0x08, 0x08, 0x00, 0x00, 0x00, 0x00, 0x00, 0x00, 0x00, 0x00}},
    {0x2576, {0x00, 0x00, 0x00, 0x00, 0x00, 0x00, 0x00, 0x0f, 0x00, 0x00, 0x00, 0x00, 0x00, 0x00, 0x00, 0x00}},
    {0x2577, {0x00, 0x00, 0x00, 0x00, 0x00, 0x00, 0x00, 0x00, 0x08, 0x08, 0x08, 0x08, 0x08, 0x08, 0x08, 0x08}},
    {0x2578, {0x00, 0x00, 0x00, 0x00, 0x00, 0x00, 0x00, 0xf0, 0xf0, 0x00, 0x00, 0x00, 0x00, 0x00, 0x00, 0x00}},
    {0x2579, {0x18, 0x18, 0x18, 0x18, 0x18, 0x18, 0x18, 0x18, 0x00, 0x00, 0x00, 0x00, 0x00, 0x00, 0x00, 0x00}},
    {0x257a, {0x00, 0x00, 0x00, 0x00, 0x00, 0x00, 0x00, 0x0f, 0x0f, 0x00, 0x00, 0x00, 0x00, 0x00, 0x00, 0x00}},
    {0x257b, {0x00, 0x00, 0x00, 0x00, 0x00, 0x00, 0x00, 0x00, 0x18, 0x18, 0x18, 0x18, 0x18, 0x18, 0x18, 0x18}},
    {0x257c, {0x00, 0x00, 0x00, 0x00, 0x00, 0x00, 0x00, 0xff, 0x0f, 0x00, 0x00, 0x00, 0x00, 0x00, 0x00, 0x00}},
    {0x257d, {0x08, 0x08, 0x08, 0x08, 0x08, 0x08, 0x08, 0x08, 0x18, 0x18, 0x18, 0x18, 0x18, 0x18, 0x18, 0x18}},
    {0x257e, {0x00, 0x00, 0x00, 0x00, 0x00, 0x00, 0x00, 0xff, 0xf0, 0x00, 0x00, 0x00, 0x00, 0x00, 0x00, 0x00}},
    {0x257f, {0x18, 0x18, 0x18, 0x18, 0x18, 0x18, 0x18, 0x18, 0x08, 0x08, 0x08, 0x08, 0x08, 0x08, 0x08, 0x08}},
    {0x2580, {0xff, 0xff, 0xff, 0xff, 0xff, 0xff, 0xff, 0xff, 0x00, 0x00, 0x00, 0x00, 0x00, 0x00, 0x00, 0x00}},
    {0x2581, {0x00, 0x00, 0x00, 0x00, 0x00, 0x00, 0x00, 0x00, 0x00, 0x00, 0x00, 0x00, 0x00, 0x00, 0xff, 0xff}},
    {0x2582, {0x00, 0x00, 0x00, 0x00, 0x00, 0x00, 0x00, 0x00, 0x00, 0x00, 0x00, 0x00, 0xff, 0xff, 0xff, 0xff}},
    {0x2583, {0x00, 0x00, 0x00, 0x00, 0x00, 0x00, 0x00, 0x00, 0x00, 0x00, 0xff, 0xff, 0xff, 0xff, 0xff, 0xff}},
    {0x2584, {0x00, 0x00, 0x00, 0x00, 0x00, 0x00, 0x00, 0x00, 0xff, 0xff, 0xff, 0xff, 0xff, 0xff, 0xff, 0xff}},
    {0x2585, {0x00, 0x00, 0x00, 0x00, 0x00, 0x00, 0xff, 0xff, 0xff, 0xff, 0xff, 0xff, 0xff, 0xff, 0xff, 0xff}},
    {0x2586, {0x00, 0x00, 0x00, 0x00, 0xff, 0xff, 0xff, 0xff, 0xff, 0xff, 0xff, 0xff, 0xff, 0xff, 0xff, 0xff}},
    {0x2587, {0x00, 0x00, 0xff, 0xff, 0xff, 0xff, 0xff, 0xff, 0xff, 0xff, 0xff, 0xff, 0xff, 0xff, 0xff, 0xff}},
    {0x2588, {0xff, 0xff, 0xff, 0xff, 0xff, 0xff, 0xff, 0xff, 0xff, 0xff, 0xff, 0xff, 0xff, 0xff, 0xff, 0xff}},
    {0x2589, {0xfe, 0xfe, 0xfe, 0xfe, 0xfe, 0xfe, 0xfe, 0xfe, 0xfe, 0xfe, 0xfe, 0xfe, 0xfe, 0xfe, 0xfe, 0xfe}},
    {0x258a, {0xfc, 0xfc, 0xfc, 0xfc, 0xfc, 0xfc, 0xfc, 0xfc, 0xfc, 0xfc, 0xfc, 0xfc, 0xfc, 0xfc, 0xfc, 0xfc}},
    {0x258b, {0xf8, 0xf8, 0xf8, 0xf8, 0xf8, 0xf8, 0xf8, 0xf8, 0xf8, 0xf8, 0xf8, 0xf8, 0xf8, 0xf8, 0xf8, 0xf8}},
    {0x258c, {0xf0, 0xf0, 0xf0, 0xf0, 0xf0, 0xf0, 0xf0, 0xf0, 0xf0, 0xf0, 0xf0, 0xf0, 0xf0, 0xf0, 0xf0, 0xf0}},
    {0x258d, {0xe0, 0xe0, 0xe0, 0xe0, 0xe0, 0xe0, 0xe0, 0xe0, 0xe0, 0xe0, 0xe0, 0xe0, 0xe0, 0xe0, 0xe0, 0xe0}},
    {0x258e, {0xc0, 0xc0, 0xc0, 0xc0, 0xc0, 0xc0, 0xc0, 0xc0, 0xc0, 0xc0, 0xc0, 0xc0, 0xc0, 0xc0, 0xc0, 0xc0}},
    {0x258f, {0x80, 0x80, 0x80, 0x80, 0x80, 0x80, 0x80, 0x80, 0x80, 0x80, 0x80, 0x80, 0x80, 0x80, 0x80, 0x80}},
    {0x2590, {0x0f, 0x0f, 0x0f, 0x0f, 0x0f, 0x0f, 0x0f, 0x0f, 0x0f, 0x0f, 0x0f, 0x0f, 0x0f, 0x0f, 0x0f, 0x0f}},
    {0x2591, {0x88, 0x22, 0x88, 0x22, 0x88, 0x22, 0x88, 0x22, 0x88, 0x22, 0x88, 0x22, 0x88, 0x22, 0x88, 0x22}},
    {0x2592, {0xaa, 0x55, 0xaa, 0x55, 0xaa, 0x55, 0xaa, 0x55, 0xaa, 0x55, 0xaa, 0x55, 0xaa, 0x55, 0xaa, 0x55}},
    {0x2593, {0xee, 0xbb, 0xee, 0xbb, 0xee, 0xbb, 0xee, 0xbb, 0xee, 0xbb, 0xee, 0xbb, 0xee, 0xbb, 0xee, 0xbb}},
    {0x2594, {0xff, 0xff, 0x00, 0x00, 0x00, 0x00, 0x00, 0x00, 0x00, 0x00, 0x00, 0x00, 0x00, 0x00, 0x00, 0x00}},
    {0x2595, {0x01, 0x01, 0x01, 0x01, 0x01, 0x01, 0x01, 0x01, 0x01, 0x01, 0x01, 0x01, 0x01, 0x01, 0x01, 0x01}},
    {0x2596, {0x00, 0x00, 0x00, 0x00, 0x00, 0x00, 0x00, 0x00, 0xf0, 0xf0, 0xf0, 0xf0, 0xf0, 0xf0, 0xf0, 0xf0}},
    {0x2597, {0x00, 0x00, 0x00, 0x00, 0x00, 0x00, 0x00, 0x00, 0x0f, 0x0f, 0x0f, 0x0f, 0x0f, 0x0f, 0x0f, 0x0f}},
    {0x2598, {0xf0, 0xf0, 0xf0, 0xf0, 0xf0, 0xf0, 0xf0, 0xf0, 0x00, 0x00, 0x00, 0x00, 0x00, 0x00, 0x00, 0x00}},
    {0x2599, {0xf0, 0xf0, 0xf0, 0xf0, 0xf0, 0xf0, 0xf0, 0xf0, 0xff, 0xff, 0xff, 0xff, 0xff, 0xff, 0xff, 0xff}},
    {0x259a, {0xf0, 0xf0, 0xf0, 0xf0, 0xf0, 0xf0, 0xf0, 0xf0, 0x0f, 0x0f, 0x0f, 0x0f, 0x0f, 0x0f, 0x0f, 0x0f}},
    {0x259b, {0xff, 0xff, 0xff, 0xff, 0xff, 0xff, 0xff, 0xff, 0xf0, 0xf0, 0xf0, 0xf0, 0xf0, 0xf0, 0xf0, 0xf0}},
    {0x259c, {0xff, 0xff, 0xff, 0xff, 0xff, 0xff, 0xff, 0xff, 0x0f, 0x0f, 0x0f, 0x0f, 0x0f, 0x0f, 0x0f, 0x0f}},
    {0x259d, {0x0f, 0x0f, 0x0f, 0x0f, 0x0f, 0x0f, 0x0f, 0x0f, 0x00, 0x00, 0x00, 0x00, 0x00, 0x00, 0x00, 0x00}},
    {0x259e, {0x0f, 0x0f, 0x0f, 0x0f, 0x0f, 0x0f, 0x0f, 0x0f, 0xf0, 0xf0, 0xf0, 0xf0, 0xf0, 0xf0, 0xf0, 0xf0}},
    {0x259f, {0x0f, 0x0f, 0x0f, 0x0f, 0x0f, 0x0f, 0x0f, 0x0f, 0xff, 0xff, 0xff, 0xff, 0xff, 0xff, 0xff, 0xff}},
    {0x25a0, {0x00, 0x00, 0x00, 0x00, 0x00, 0x00, 0x00, 0x7f, 0x7f, 0x7f, 0x7f, 0x7f, 0x7f, 0x7f, 0x00, 0x00}},
    {0x25a1, {0x00, 0x00, 0x00, 0x00, 0x00, 0x00, 0x7f, 0x41, 0x41, 0x41, 0x41, 0x41, 0x7f, 0x00, 0x00, 0x00}},
    {0x25ac, {0x00, 0x00, 0x00, 0x00, 0x00, 0x00, 0x7f, 0x7f, 0x7f, 0x7f, 0x00, 0x00, 0x00, 0x00, 0x00, 0x00}},
    {0x25b2, {0x00, 0x00, 0x00, 0x00, 0x00, 0x18, 0x18, 0x3c, 0x3c, 0x7e, 0x7e, 0x00, 0x00, 0x00, 0x00, 0x00}},
    {0x25bc, {0x00, 0x00, 0x00, 0x00, 0x00, 0x7e, 0x7e, 0x3c, 0x3c, 0x18, 0x18, 0x00, 0x00, 0x00, 0x00, 0x00}},
    {0x25c6, {0x00, 0x00, 0x00, 0x00, 0x00, 0x08, 0x1c, 0x3e, 0x7f, 0x3e, 0x1c, 0x08, 0x00, 0x00, 0x00, 0x00}},
    {0x25ca, {0x00, 0x00, 0x00, 0x18, 0x18, 0x24, 0x24, 0x42, 0x42, 0x24, 0x24, 0x18, 0x18, 0x00, 0x00, 0x00}},
    {0x25cb, {0x00, 0x00, 0x00, 0x00, 0x00, 0x1c, 0x22, 0x41, 0x41, 0x41, 0x22, 0x1c, 0x00, 0x00, 0x00, 0x00}},
    {0x25cf, {0x00, 0x00, 0x00, 0x00, 0x00, 0x1c, 0x3e, 0x7f, 0x7f, 0x7f, 0x3e, 0x1c, 0x00, 0x00, 0x00, 0x00}},
    {0x25d8, {0xff, 0xff, 0xff, 0xff, 0xff, 0xff, 0xe7, 0xc3, 0xc3, 0xe7, 0xff, 0xff, 0xff, 0xff, 0xff, 0xff}},
    {0x25d9, {0xff, 0xff, 0xff, 0xff, 0xff, 0xe7, 0xdb, 0xbd, 0xbd, 0xdb, 0xe7, 0xff, 0xff, 0xff, 0xff, 0xff}},
    {0x25e2, {0x01, 0x01, 0x01, 0x03, 0x03, 0x07, 0x07, 0x0f, 0x0f, 0x1f, 0x1f, 0x3f, 0x3f, 0x7f, 0x7f, 0xff}},
    {0x25e3, {0x80, 0x80, 0x80, 0xc0, 0xc0, 0xe0, 0xe0, 0xf0, 0xf0, 0xf8, 0xf8, 0xfc, 0xfc, 0xfe, 0xfe, 0xff}},
    {0x25e4, {0xff, 0xfe, 0xfe, 0xfc, 0xfc, 0xf8, 0xf8, 0xf0, 0xf0, 0xe0, 0xe0, 0xc0, 0xc0, 0x80, 0x80, 0x80}},
    {0x25e5, {0xff, 0x7f, 0x7f, 0x3f, 0x3f, 0x1f, 0x1f, 0x0f, 0x0f, 0x07, 0x07, 0x03, 0x03, 0x01, 0x01, 0x01}},
    {0x263a, {0x00, 0x00, 0x00, 0x00, 0x3c, 0x42, 0x81, 0xa5, 0x81, 0xa5, 0x99, 0x42, 0x3c, 0x00, 0x00, 0x00}},
    {0x263b, {0x00, 0x00, 0x00, 0x00, 0x3c, 0x7e, 0xff, 0xdb, 0xff, 0xdb, 0xe7, 0x7e, 0x3c, 0x00, 0x00, 0x00}},
    {0x263c, {0x00, 0x00, 0x00, 0x00, 0x00, 0x49, 0x2a, 0x1c, 0x77, 0x1c, 0x2a, 0x49, 0x00, 0x00, 0x00, 0x00}},
    {0x2640, {0x00, 0x00, 0x00, 0x00, 0x00, 0x1c, 0x22, 0x22, 0x22, 0x1c, 0x08, 0x3e, 0x08, 0x08, 0x00, 0x00}},
    {0x2642, {0x00, 0x00, 0x00, 0x00, 0x00, 0x07, 0x03, 0x05, 0x38, 0x44, 0x44, 0x44, 0x38, 0x00, 0x00, 0x00}},
    {0x2660, {0x00, 0x00, 0x00, 0x00, 0x08, 0x08, 0x1c, 0x3e, 0x7f, 0x7f, 0x7f, 0x3e, 0x08, 0x1c, 0x00, 0x00}},
    {0x2663, {0x00, 0x00, 0x00, 0x00, 0x1c, 0x1c, 0x1c, 0x08, 0x7f, 0x7f, 0x6b, 0x08, 0x08, 0x1c, 0x00, 0x00}},
    {0x2665, {0x00, 0x00, 0x00, 0x00, 0x00, 0x36, 0x7f, 0x7f, 0x7f, 0x7f, 0x3e, 0x1c, 0x08, 0x08, 0x00, 0x00}},
    {0x2666, {0x00, 0x00, 0x00, 0x00, 0x08, 0x08, 0x1c, 0x1c, 0x3e, 0x3e, 0x1c, 0x1c, 0x08, 0x08, 0x00, 0x00}},
    {0x266a, {0x00, 0x00, 0x00, 0x00, 0x08, 0x0c, 0x0a, 0x0a, 0x08, 0x08, 0x08, 0x38, 0x78, 0x70, 0x00, 0x00}},
    {0x266b, {0x00, 0x00, 0x00, 0x1c, 0x17, 0x11, 0x11, 0x11, 0x11, 0x71, 0xf1, 0xe7, 0x0f, 0x0e, 0x00, 0x00}},
    {0x27e8, {0x00, 0x00, 0x04, 0x08, 0x08, 0x10, 0x10, 0x20, 0x20, 0x10, 0x10, 0x08, 0x08, 0x04, 0x00, 0x00}},
    {0x27e9, {0x00, 0x00, 0x20, 0x10, 0x10, 0x08, 0x08, 0x04, 0x04, 0x08, 0x08, 0x10, 0x10, 0x20, 0x00, 0x00}},
    {0x2800, {0x00, 0x00, 0x00, 0x22, 0x00, 0x00, 0x22, 0x00, 0x00, 0x22, 0x00, 0x00, 0x22, 0x00, 0x00, 0x00}},
    {0x2801, {0x00, 0x00, 0x00, 0x32, 0x30, 0x00, 0x22, 0x00, 0x00, 0x22, 0x00, 0x00, 0x22, 0x00, 0x00, 0x00}},
    {0x2802, {0x00, 0x00, 0x00, 0x22, 0x00, 0x00, 0x32, 0x30, 0x00, 0x22, 0x00, 0x00, 0x22, 0x00, 0x00, 0x00}},
    {0x2803, {0x00, 0x00, 0x00, 0x32, 0x30, 0x00, 0x32, 0x30, 0x00, 0x22, 0x00, 0x00, 0x22, 0x00, 0x00, 0x00}},
    {0x2804, {0x00, 0x00, 0x00, 0x22, 0x00, 0x00, 0x22, 0x00, 0x00, 0x32, 0x30, 0x00, 0x22, 0x00, 0x00, 0x00}},
    {0x2805, {0x00, 0x00, 0x00, 0x32, 0x30, 0x00, 0x22, 0x00, 0x00, 0x32, 0x30, 0x00, 0x22, 0x00, 0x00, 0x00}},
    {0x2806, {0x00, 0x00, 0x00, 0x22, 0x00, 0x00, 0x32, 0x30, 0x00, 0x32, 0x30, 0x00, 0x22, 0x00, 0x00, 0x00}},
    {0x2807, {0x00, 0x00, 0x00, 0x32, 0x30, 0x00, 0x32, 0x30, 0x00, 0x32, 0x30, 0x00, 0x22, 0x00, 0x00, 0x00}},
    {0x2808, {0x00, 0x00, 0x00, 0x26, 0x06, 0x00, 0x22, 0x00, 0x00, 0x22, 0x00, 0x00, 0x22, 0x00, 0x00, 0x00}},
    {0x2809, {0x00, 0x00, 0x00, 0x36, 0x36, 0x00, 0x22, 0x00, 0x00, 0x22, 0x00, 0x00, 0x22, 0x00, 0x00, 0x00}},
    {0x280a, {0x00, 0x00, 0x00, 0x26, 0x06, 0x00, 0x32, 0x30, 0x00, 0x22, 0x00, 0x00, 0x22, 0x00, 0x00, 0x00}},
    {0x280b, {0x00, 0x00, 0x00, 0x36, 0x36, 0x00, 0x32, 0x30, 0x00, 0x22, 0x00, 0x00, 0x22, 0x00, 0x00, 0x00}},
    {0x280c, {0x00, 0x00, 0x00, 0x26, 0x06, 0x00, 0x22, 0x00, 0x00, 0x32, 0x30, 0x00, 0x22, 0x00, 0x00, 0x00}},
    {0x280d, {0x00, 0x00, 0x00, 0x36, 0x36, 0x00, 0x22, 0x00, 0x00, 0x32, 0x30, 0x00, 0x22, 0x00, 0x00, 0x00}},
    {0x280e, {0x00, 0x00, 0x00, 0x26, 0x06, 0x00, 0x32, 0x30, 0x00, 0x32, 0x30, 0x00, 0x22, 0x00, 0x00, 0x00}},
    {0x280f, {0x00, 0x00, 0x00, 0x36, 0x36, 0x00, 0x32, 0x30, 0x00, 0x32, 0x30, 0x00, 0x22, 0x00, 0x00, 0x00}},
    {0x2810, {0x00, 0x00, 0x00, 0x22, 0x00, 0x00, 0x26, 0x06, 0x00, 0x22, 0x00, 0x00, 0x22, 0x00, 0x00, 0x00}},
    {0x2811, {0x00, 0x00, 0x00, 0x32, 0x30, 0x00, 0x26, 0x06, 0x00, 0x22, 0x00, 0x00, 0x22, 0x00, 0x00, 0x00}},
    {0x2812, {0x00, 0x00, 0x00, 0x22, 0x00, 0x00, 0x36, 0x36, 0x00, 0x22, 0x00, 0x00, 0x22, 0x00, 0x00, 0x00}},
    {0x2813, {0x00, 0x00, 0x00, 0x32, 0x30, 0x00, 0x36, 0x36, 0x00, 0x22, 0x00, 0x00, 0x22, 0x00, 0x00, 0x00}},
    {0x2814, {0x00, 0x00, 0x00, 0x22, 0x00, 0x00, 0x26, 0x06, 0x00, 0x32, 0x30, 0x00, 0x22, 0x00, 0x00, 0x00}},
    {0x2815, {0x00, 0x00, 0x00, 0x32, 0x30, 0x00, 0x26, 0x06, 0x00, 0x32, 0x30, 0x00, 0x22, 0x00, 0x00, 0x00}},
    {0x2816, {0x00, 0x00, 0x00, 0x22, 0x00, 0x00, 0x36, 0x36, 0x00, 0x32, 0x30, 0x00, 0x22, 0x00, 0x00, 0x00}},
    {0x2817, {0x00, 0x00, 0x00, 0x32, 0x30, 0x00, 0x36, 0x36, 0x00, 0x32, 0x30, 0x00, 0x22, 0x00, 0x00, 0x00}},
    {0x2818, {0x00, 0x00, 0x00, 0x26, 0x06, 0x00, 0x26, 0x06, 0x00, 0x22, 0x00, 0x00, 0x22, 0x00, 0x00, 0x00}},
    {0x2819, {0x00, 0x00, 0x00, 0x36, 0x36, 0x00, 0x26, 0x06, 0x00, 0x22, 0x00, 0x00, 0x22, 0x00, 0x00, 0x00}},
    {0x281a, {0x00, 0x00, 0x00, 0x26, 0x06, 0x00, 0x36, 0x36, 0x00, 0x22, 0x00, 0x00, 0x22, 0x00, 0x00, 0x00}},
    {0x281b, {0x00, 0x00, 0x00, 0x36, 0x36, 0x00, 0x36, 0x36, 0x00, 0x22, 0x00, 0x00, 0x22, 0x00, 0x00, 0x00}},
    {0x281c, {0x00, 0x00, 0x00, 0x26, 0x06, 0x00, 0x26, 0x06, 0x00, 0x32, 0x30, 0x00, 0x22, 0x00, 0x00, 0x00}},
    {0x281d, {0x00, 0x00, 0x00, 0x36, 0x36, 0x00, 0x26, 0x06, 0x00, 0x32, 0x30, 0x00, 0x22, 0x00, 0x00, 0x00}},
    {0x281e, {0x00, 0x00, 0x00, 0x26, 0x06, 0x00, 0x36, 0x36, 0x00, 0x32, 0x30, 0x00, 0x22, 0x00, 0x00, 0x00}},
    {0x281f, {0x00, 0x00, 0x00, 0x36, 0x36, 0x00, 0x36, 0x36, 0x00, 0x32, 0x30, 0x00, 0x22, 0x00, 0x00, 0x00}},
    {0x2820, {0x00, 0x00, 0x00, 0x22, 0x00, 0x00, 0x22, 0x00, 0x00, 0x26, 0x06, 0x00, 0x22, 0x00, 0x00, 0x00}},
    {0x2821, {0x00, 0x00, 0x00, 0x32, 0x30, 0x00, 0x22, 0x00, 0x00, 0x26, 0x06, 0x00, 0x22, 0x00, 0x00, 0x00}},
    {0x2822, {0x00, 0x00, 0x00, 0x22, 0x00, 0x00, 0x32, 0x30, 0x00, 0x26, 0x06, 0x00, 0x22, 0x00, 0x00, 0x00}},
    {0x2823, {0x00, 0x00, 0x00, 0x32, 0x30, 0x00, 0x32, 0x30, 0x00, 0x26, 0x06, 0x00, 0x22, 0x00, 0x00, 0x00}},
    {0x2824, {0x00, 0x00, 0x00, 0x22, 0x00, 0x00, 0x22, 0x00, 0x00, 0x36, 0x36, 0x00, 0x22, 0x00, 0x00, 0x00}},
    {0x2825, {0x00, 0x00, 0x00, 0x32, 0x30, 0x00, 0x22, 0x00, 0x00, 0x36, 0x36, 0x00, 0x22, 0x00, 0x00, 0x00}},
    {0x2826, {0x00, 0x00, 0x00, 0x22, 0x00, 0x00, 0x32, 0x30, 0x00, 0x36, 0x36, 0x00, 0x22, 0x00, 0x00, 0x00}},
    {0x2827, {0x00, 0x00, 0x00, 0x32, 0x30, 0x00, 0x32, 0x30, 0x00, 0x36, 0x36, 0x00, 0x22, 0x00, 0x00, 0x00}},
    {0x2828, {0x00, 0x00, 0x00, 0x26, 0x06, 0x00, 0x22, 0x00, 0x00, 0x26, 0x06, 0x00, 0x22, 0x00, 0x00, 0x00}},
    {0x2829, {0x00, 0x00, 0x00, 0x36, 0x36, 0x00, 0x22, 0x00, 0x00, 0x26, 0x06, 0x00, 0x22, 0x00, 0x00, 0x00}},
    {0x282a, {0x00, 0x00, 0x00, 0x26, 0x06, 0x00, 0x32, 0x30, 0x00, 0x26, 0x06, 0x00, 0x22, 0x00, 0x00, 0x00}},
    {0x282b, {0x00, 0x00, 0x00, 0x36, 0x36, 0x00, 0x32, 0x30, 0x00, 0x26, 0x06, 0x00, 0x22, 0x00, 0x00, 0x00}},
    {0x282c, {0x00, 0x00, 0x00, 0x26, 0x06, 0x00, 0x22, 0x00, 0x00, 0x36, 0x36, 0x00, 0x22, 0x00, 0x00, 0x00}},
    {0x282d, {0x00, 0x00, 0x00, 0x36, 0x36, 0x00, 0x22, 0x00, 0x00, 0x36, 0x36, 0x00, 0x22, 0x00, 0x00, 0x00}},
    {0x282e, {0x00, 0x00, 0x00, 0x26, 0x06, 0x00, 0x32, 0x30, 0x00, 0x36, 0x36, 0x00, 0x22, 0x00, 0x00, 0x00}},
    {0x282f, {0x00, 0x00, 0x00, 0x36, 0x36, 0x00, 0x32, 0x30, 0x00, 0x36, 0x36, 0x00, 0x22, 0x00, 0x00, 0x00}},
    {0x2830, {0x00, 0x00, 0x00, 0x22, 0x00, 0x00, 0x26, 0x06, 0x00, 0x26, 0x06, 0x00, 0x22, 0x00, 0x00, 0x00}},
    {0x2831, {0x00, 0x00, 0x00, 0x32, 0x30, 0x00, 0x26, 0x06, 0x00, 0x26, 0x06, 0x00, 0x22, 0x00, 0x00, 0x00}},
    {0x2832, {0x00, 0x00, 0x00, 0x22, 0x00, 0x00, 0x36, 0x36, 0x00, 0x26, 0x06, 0x00, 0x22, 0x00, 0x00, 0x00}},
    {0x2833, {0x00, 0x00, 0x00, 0x32, 0x30, 0x00, 0x36, 0x36, 0x00, 0x26, 0x06, 0x00, 0x22, 0x00, 0x00, 0x00}},
    {0x2834, {0x00, 0x00, 0x00, 0x22, 0x00, 0x00, 0x26, 0x06, 0x00, 0x36, 0x36, 0x00, 0x22, 0x00, 0x00, 0x00}},
    {0x2835, {0x00, 0x00, 0x00, 0x32, 0x30, 0x00, 0x26, 0x06, 0x00, 0x36, 0x36, 0x00, 0x22, 0x00, 0x00, 0x00}},
    {0x2836, {0x00, 0x00, 0x00, 0x22, 0x00, 0x00, 0x36, 0x36, 0x00, 0x36, 0x36, 0x00, 0x22, 0x00, 0x00, 0x00}},
    {0x2837, {0x00, 0x00, 0x00, 0x32, 0x30, 0x00, 0x36, 0x36, 0x00, 0x36, 0x36, 0x00, 0x22, 0x00, 0x00, 0x00}},
    {0x2838, {0x00, 0x00, 0x00, 0x26, 0x06, 0x00, 0x26, 0x06, 0x00, 0x26, 0x06, 0x00, 0x22, 0x00, 0x00, 0x00}},
    {0x2839, {0x00, 0x00, 0x00, 0x36, 0x36, 0x00, 0x26, 0x06, 0x00, 0x26, 0x06, 0x00, 0x22, 0x00, 0x00, 0x00}},
    {0x283a, {0x00, 0x00, 0x00, 0x26, 0x06, 0x00, 0x36, 0x36, 0x00, 0x26, 0x06, 0x00, 0x22, 0x00, 0x00, 0x00}},
    {0x283b, {0x00, 0x00, 0x00, 0x36, 0x36, 0x00, 0x36, 0x36, 0x00, 0x26, 0x06, 0x00, 0x22, 0x00, 0x00, 0x00}},
    {0x283c, {0x00, 0x00, 0x00, 0x26, 0x06, 0x00, 0x26, 0x06, 0x00, 0x36, 0x36, 0x00, 0x22, 0x00, 0x00, 0x00}},
    {0x283d, {0x00, 0x00, 0x00, 0x36, 0x36, 0x00, 0x26, 0x06, 0x00, 0x36, 0x36, 0x00, 0x22, 0x00, 0x00, 0x00}},
    {0x283e, {0x00, 0x00, 0x00, 0x26, 0x06, 0x00, 0x36, 0x36, 0x00, 0x36, 0x36, 0x00, 0x22, 0x00, 0x00, 0x00}},
    {0x283f, {0x00, 0x00, 0x00, 0x36, 0x36, 0x00, 0x36, 0x36, 0x00, 0x36, 0x36, 0x00, 0x22, 0x00, 0x00, 0x00}},
    {0x2840, {0x00, 0x00, 0x00, 0x22, 0x00, 0x00, 0x22, 0x00, 0x00, 0x22, 0x00, 0x00, 0x32, 0x30, 0x00, 0x00}},
    {0x2841, {0x00, 0x00, 0x00, 0x32, 0x30, 0x00, 0x22, 0x00, 0x00, 0x22, 0x00, 0x00, 0x32, 0x30, 0x00, 0x00}},
    {0x2842, {0x00, 0x00, 0x00, 0x22, 0x00, 0x00, 0x32, 0x30, 0x00, 0x22, 0x00, 0x00, 0x32, 0x30, 0x00, 0x00}},
    {0x2843, {0x00, 0x00, 0x00, 0x32, 0x30, 0x00, 0x32, 0x30, 0x00, 0x22, 0x00, 0x00, 0x32, 0x30, 0x00, 0x00}},
    {0x2844, {0x00, 0x00, 0x00, 0x22, 0x00, 0x00, 0x22, 0x00, 0x00, 0x32, 0x30, 0x00, 0x32, 0x30, 0x00, 0x00}},
    {0x2845, {0x00, 0x00, 0x00, 0x32, 0x30, 0x00, 0x22, 0x00, 0x00, 0x32, 0x30, 0x00, 0x32, 0x30, 0x00, 0x00}},
    {0x2846, {0x00, 0x00, 0x00, 0x22, 0x00, 0x00, 0x32, 0x30, 0x00, 0x32, 0x30, 0x00, 0x32, 0x30, 0x00, 0x00}},
    {0x2847, {0x00, 0x00, 0x00, 0x32, 0x30, 0x00, 0x32, 0x30, 0x00, 0x32, 0x30, 0x00, 0x32, 0x30, 0x00, 0x00}},
    {0x2848, {0x00, 0x00, 0x00, 0x26, 0x06, 0x00, 0x22, 0x00, 0x00, 0x22, 0x00, 0x00, 0x32, 0x30, 0x00, 0x00}},
    {0x2849, {0x00, 0x00, 0x00, 0x36, 0x36, 0x00, 0x22, 0x00, 0x00, 0x22, 0x00, 0x00, 0x32, 0x30, 0x00, 0x00}},
    {0x284a, {0x00, 0x00, 0x00, 0x26, 0x06, 0x00, 0x32, 0x30, 0x00, 0x22, 0x00, 0x00, 0x32, 0x30, 0x00, 0x00}},
    {0x284b, {0x00, 0x00, 0x00, 0x36, 0x36, 0x00, 0x32, 0x30, 0x00, 0x22, 0x00, 0x00, 0x32, 0x30, 0x00, 0x00}},
    {0x284c, {0x00, 0x00, 0x00, 0x26, 0x06, 0x00, 0x22, 0x00, 0x00, 0x32, 0x30, 0x00, 0x32, 0x30, 0x00, 0x00}},
    {0x284d, {0x00, 0x00, 0x00, 0x36, 0x36, 0x00, 0x22, 0x00, 0x00, 0x32, 0x30, 0x00, 0x32, 0x30, 0x00, 0x00}},
    {0x284e, {0x00, 0x00, 0x00, 0x26, 0x06, 0x00, 0x32, 0x30, 0x00, 0x32, 0x30, 0x00, 0x32, 0x30, 0x00, 0x00}},
    {0x284f, {0x00, 0x00, 0x00, 0x36, 0x36, 0x00, 0x32, 0x30, 0x00, 0x32, 0x30, 0x00, 0x32, 0x30, 0x00, 0x00}},
    {0x2850, {0x00, 0x00, 0x00, 0x22, 0x00, 0x00, 0x26, 0x06, 0x00, 0x22, 0x00, 0x00, 0x32, 0x30, 0x00, 0x00}},
    {0x2851, {0x00, 0x00, 0x00, 0x32, 0x30, 0x00, 0x26, 0x06, 0x00, 0x22, 0x00, 0x00, 0x32, 0x30, 0x00, 0x00}},
    {0x2852, {0x00, 0x00, 0x00, 0x22, 0x00, 0x00, 0x36, 0x36, 0x00, 0x22, 0x00, 0x00, 0x32, 0x30, 0x00, 0x00}},
    {0x2853, {0x00, 0x00, 0x00, 0x32, 0x30, 0x00, 0x36, 0x36, 0x00, 0x22, 0x00, 0x00, 0x32, 0x30, 0x00, 0x00}},
    {0x2854, {0x00, 0x00, 0x00, 0x22, 0x00, 0x00, 0x26, 0x06, 0x00, 0x32, 0x30, 0x00, 0x32, 0x30, 0x00, 0x00}},
    {0x2855, {0x00, 0x00, 0x00, 0x32, 0x30, 0x00, 0x26, 0x06, 0x00, 0x32, 0x30, 0x00, 0x32, 0x30, 0x00, 0x00}},
    {0x2856, {0x00, 0x00, 0x00, 0x22, 0x00, 0x00, 0x36, 0x36, 0x00, 0x32, 0x30, 0x00, 0x32, 0x30, 0x00, 0x00}},
    {0x2857, {0x00, 0x00, 0x00, 0x32, 0x30, 0x00, 0x36, 0x36, 0x00, 0x32, 0x30, 0x00, 0x32, 0x30, 0x00, 0x00}},
    {0x2858, {0x00, 0x00, 0x00, 0x26, 0x06, 0x00, 0x26, 0x06, 0x00, 0x22, 0x00, 0x00, 0x32, 0x30, 0x00, 0x00}},
    {0x2859, {0x00, 0x00, 0x00, 0x36, 0x36, 0x00, 0x26, 0x06, 0x00, 0x22, 0x00, 0x00, 0x32, 0x30, 0x00, 0x00}},
    {0x285a, {0x00, 0x00, 0x00, 0x26, 0x06, 0x00, 0x36, 0x36, 0x00, 0x22, 0x00, 0x00, 0x32, 0x30, 0x00, 0x00}},
    {0x285b, {0x00, 0x00, 0x00, 0x36, 0x36, 0x00, 0x36, 0x36, 0x00, 0x22, 0x00, 0x00, 0x32, 0x30, 0x00, 0x00}},
    {0x285c, {0x00, 0x00, 0x00, 0x26, 0x06, 0x00, 0x26, 0x06, 0x00, 0x32, 0x30, 0x00, 0x32, 0x30, 0x00, 0x00}},
    {0x285d, {0x00, 0x00, 0x00, 0x36, 0x36, 0x00, 0x26, 0x06, 0x00, 0x32, 0x30, 0x00, 0x32, 0x30, 0x00, 0x00}},
    {0x285e, {0x00, 0x00, 0x00, 0x26, 0x06, 0x00, 0x36, 0x36, 0x00, 0x32, 0x30, 0x00, 0x32, 0x30, 0x00, 0x00}},
    {0x285f, {0x00, 0x00, 0x00, 0x36, 0x36, 0x00, 0x36, 0x36, 0x00, 0x32, 0x30, 0x00, 0x32, 0x30, 0x00, 0x00}},
    {0x2860, {0x00, 0x00, 0x00, 0x22, 0x00, 0x00, 0x22, 0x00, 0x00, 0x26, 0x06, 0x00, 0x32, 0x30, 0x00, 0x00}},
    {0x2861, {0x00, 0x00, 0x00, 0x32, 0x30, 0x00, 0x22, 0x00, 0x00, 0x26, 0x06, 0x00, 0x32, 0x30, 0x00, 0x00}},
    {0x2862, {0x00, 0x00, 0x00, 0x22, 0x00, 0x00, 0x32, 0x30, 0x00, 0x26, 0x06, 0x00, 0x32, 0x30, 0x00, 0x00}},
    {0x2863, {0x00, 0x00, 0x00, 0x32, 0x30, 0x00, 0x32, 0x30, 0x00, 0x26, 0x06, 0x00, 0x32, 0x30, 0x00, 0x00}},
    {0x2864, {0x00, 0x00, 0x00, 0x22, 0x00, 0x00, 0x22, 0x00, 0x00, 0x36, 0x36, 0x00, 0x32, 0x30, 0x00, 0x00}},
    {0x2865, {0x00, 0x00, 0x00, 0x32, 0x30, 0x00, 0x22, 0x00, 0x00, 0x36, 0x36, 0x00, 0x32, 0x30, 0x00, 0x00}},
    {0x2866, {0x00, 0x00, 0x00, 0x22, 0x00, 0x00, 0x32, 0x30, 0x00, 0x36, 0x36, 0x00, 0x32, 0x30, 0x00, 0x00}},
    {0x2867, {0x00, 0x00, 0x00, 0x32, 0x30, 0x00, 0x32, 0x30, 0x00, 0x36, 0x36, 0x00, 0x32, 0x30, 0x00, 0x00}},
    {0x2868, {0x00, 0x00, 0x00, 0x26, 0x06, 0x00, 0x22, 0x00, 0x00, 0x26, 0x06, 0x00, 0x32, 0x30, 0x00, 0x00}},
    {0x2869, {0x00, 0x00, 0x00, 0x36, 0x36, 0x00, 0x22, 0x00, 0x00, 0x26, 0x06, 0x00, 0x32, 0x30, 0x00, 0x00}},
    {0x286a, {0x00, 0x00, 0x00, 0x26, 0x06, 0x00, 0x32, 0x30, 0x00, 0x26, 0x06, 0x00, 0x32, 0x30, 0x00, 0x00}},
    {0x286b, {0x00, 0x00, 0x00, 0x36, 0x36, 0x00, 0x32, 0x30, 0x00, 0x26, 0x06, 0x00, 0x32, 0x30, 0x00, 0x00}},
    {0x286c, {0x00, 0x00, 0x00, 0x26, 0x06, 0x00, 0x22, 0x00, 0x00, 0x36, 0x36, 0x00, 0x32, 0x30, 0x00, 0x00}},
    {0x286d, {0x00, 0x00, 0x00, 0x36, 0x36, 0x00, 0x22, 0x00, 0x00, 0x36, 0x36, 0x00, 0x32, 0x30, 0x00, 0x00}},
    {0x286e, {0x00, 0x00, 0x00, 0x26, 0x06, 0x00, 0x32, 0x30, 0x00, 0x36, 0x36, 0x00, 0x32, 0x30, 0x00, 0x00}},
    {0x286f, {0x00, 0x00, 0x00, 0x36, 0x36, 0x00, 0x32, 0x30, 0x00, 0x36, 0x36, 0x00, 0x32, 0x30, 0x00, 0x00}},
    {0x2870, {0x00, 0x00, 0x00, 0x22, 0x00, 0x00, 0x26, 0x06, 0x00, 0x26, 0x06, 0x00, 0x32, 0x30, 0x00, 0x00}},
    {0x2871, {0x00, 0x00, 0x00, 0x32, 0x30, 0x00, 0x26, 0x06, 0x00, 0x26, 0x06, 0x00, 0x32, 0x30, 0x00, 0x00}},
    {0x2872, {0x00, 0x00, 0x00, 0x22, 0x00, 0x00, 0x36, 0x36, 0x00, 0x26, 0x06, 0x00, 0x32, 0x30, 0x00, 0x00}},
    {0x2873, {0x00, 0x00, 0x00, 0x32, 0x30, 0x00, 0x36, 0x36, 0x00, 0x26, 0x06, 0x00, 0x32, 0x30, 0x00, 0x00}},
    {0x2874, {0x00, 0x00, 0x00, 0x22, 0x00, 0x00, 0x26, 0x06, 0x00, 0x36, 0x36, 0x00, 0x32, 0x30, 0x00, 0x00}},
    {0x2875, {0x00, 0x00, 0x00, 0x32, 0x30, 0x00, 0x26, 0x06, 0x00, 0x36, 0x36, 0x00, 0x32, 0x30, 0x00, 0x00}},
    {0x2876, {0x00, 0x00, 0x00, 0x22, 0x00, 0x00, 0x36, 0x36, 0x00, 0x36, 0x36, 0x00, 0x32, 0x30, 0x00, 0x00}},
    {0x2877, {0x00, 0x00, 0x00, 0x32, 0x30, 0x00, 0x36, 0x36, 0x00, 0x36, 0x36, 0x00, 0x32, 0x30, 0x00, 0x00}},
    {0x2878, {0x00, 0x00, 0x00, 0x26, 0x06, 0x00, 0x26, 0x06, 0x00, 0x26, 0x06, 0x00, 0x32, 0x30, 0x00, 0x00}},
    {0x2879, {0x00, 0x00, 0x00, 0x36, 0x36, 0x00, 0x26, 0x06, 0x00, 0x26, 0x06, 0x00, 0x32, 0x30, 0x00, 0x00}},
    {0x287a, {0x00, 0x00, 0x00, 0x26, 0x06, 0x00, 0x36, 0x36, 0x00, 0x26, 0x06, 0x00, 0x32, 0x30, 0x00, 0x00}},
    {0x287b, {0x00, 0x00, 0x00, 0x36, 0x36, 0x00, 0x36, 0x36, 0x00, 0x26, 0x06, 0x00, 0x32, 0x30, 0x00, 0x00}},
    {0x287c, {0x00, 0x00, 0x00, 0x26, 0x06, 0x00, 0x26, 0x06, 0x00, 0x36, 0x36, 0x00, 0x32, 0x30, 0x00, 0x00}},
    {0x287d, {0x00, 0x00, 0x00, 0x36, 0x36, 0x00, 0x26, 0x06, 0x00, 0x36, 0x36, 0x00, 0x32, 0x30, 0x00, 0x00}},
    {0x287e, {0x00, 0x00, 0x00, 0x26, 0x06, 0x00, 0x36, 0x36, 0x00, 0x36, 0x36, 0x00, 0x32, 0x30, 0x00, 0x00}},
    {0x287f, {0x00, 0x00, 0x00, 0x36, 0x36, 0x00, 0x36, 0x36, 0x00, 0x36, 0x36, 0x00, 0x32, 0x30, 0x00, 0x00}},
    {0x2880, {0x00, 0x00, 0x00, 0x22, 0x00, 0x00, 0x22, 0x00, 0x00, 0x22, 0x00, 0x00, 0x26, 0x06, 0x00, 0x00}},
    {0x2881, {0x00, 0x00, 0x00, 0x32, 0x30, 0x00, 0x22, 0x00, 0x00, 0x22, 0x00, 0x00, 0x26, 0x06, 0x00, 0x00}},
    {0x2882, {0x00, 0x00, 0x00, 0x22, 0x00, 0x00, 0x32, 0x30, 0x00, 0x22, 0x00, 0x00, 0x26, 0x06, 0x00, 0x00}},
    {0x2883, {0x00, 0x00, 0x00, 0x32, 0x30, 0x00, 0x32, 0x30, 0x00, 0x22, 0x00, 0x00, 0x26, 0x06, 0x00, 0x00}},
    {0x2884, {0x00, 0x00, 0x00, 0x22, 0x00, 0x00, 0x22, 0x00, 0x00, 0x32, 0x30, 0x00, 0x26, 0x06, 0x00, 0x00}},
    {0x2885, {0x00, 0x00, 0x00, 0x32, 0x30, 0x00, 0x22, 0x00, 0x00, 0x32, 0x30, 0x00, 0x26, 0x06, 0x00, 0x00}},
    {0x2886, {0x00, 0x00, 0x00, 0x22, 0x00, 0x00, 0x32, 0x30, 0x00, 0x32, 0x30, 0x00, 0x26, 0x06, 0x00, 0x00}},
    {0x2887, {0x00, 0x00, 0x00, 0x32, 0x30, 0x00, 0x32, 0x30, 0x00, 0x32, 0x30, 0x00, 0x26, 0x06, 0x00, 0x00}},
    {0x2888, {0x00, 0x00, 0x00, 0x26, 0x06, 0x00, 0x22, 0x00, 0x00, 0x22, 0x00, 0x00, 0x26, 0x06, 0x00, 0x00}},
    {0x2889, {0x00, 0x00, 0x00, 0x36, 0x36, 0x00, 0x22, 0x00, 0x00, 0x22, 0x00, 0x00, 0x26, 0x06, 0x00, 0x00}},
    {0x288a, {0x00, 0x00, 0x00, 0x26, 0x06, 0x00, 0x32, 0x30, 0x00, 0x22, 0x00, 0x00, 0x26, 0x06, 0x00, 0x00}},
    {0x288b, {0x00, 0x00, 0x00, 0x36, 0x36, 0x00, 0x32, 0x30, 0x00, 0x22, 0x00, 0x00, 0x26, 0x06, 0x00, 0x00}},
    {0x288c, {0x00, 0x00, 0x00, 0x26, 0x06, 0x00, 0x22, 0x00, 0x00, 0x32, 0x30, 0x00, 0x26, 0x06, 0x00, 0x00}},
    {0x288d, {0x00, 0x00, 0x00, 0x36, 0x36, 0x00, 0x22, 0x00, 0x00, 0x32, 0x30, 0x00, 0x26, 0x06, 0x00, 0x00}},
    {0x288e, {0x00, 0x00, 0x00, 0x26, 0x06, 0x00, 0x32, 0x30, 0x00, 0x32, 0x30, 0x00, 0x26, 0x06, 0x00, 0x00}},
    {0x288f, {0x00, 0x00, 0x00, 0x36, 0x36, 0x00, 0x32, 0x30, 0x00, 0x32, 0x30, 0x00, 0x26, 0x06, 0x00, 0x00}},
    {0x2890, {0x00, 0x00, 0x00, 0x22, 0x00, 0x00, 0x26, 0x06, 0x00, 0x22, 0x00, 0x00, 0x26, 0x06, 0x00, 0x00}},
    {0x2891, {0x00, 0x00, 0x00, 0x32, 0x30, 0x00, 0x26, 0x06, 0x00, 0x22, 0x00, 0x00, 0x26, 0x06, 0x00, 0x00}},
    {0x2892, {0x00, 0x00, 0x00, 0x22, 0x00, 0x00, 0x36, 0x36, 0x00, 0x22, 0x00, 0x00, 0x26, 0x06, 0x00, 0x00}},
    {0x2893, {0x00, 0x00, 0x00, 0x32, 0x30, 0x00, 0x36, 0x36, 0x00, 0x22, 0x00, 0x00, 0x26, 0x06, 0x00, 0x00}},
    {0x2894, {0x00, 0x00, 0x00, 0x22, 0x00, 0x00, 0x26, 0x06, 0x00, 0x32, 0x30, 0x00, 0x26, 0x06, 0x00, 0x00}},
    {0x2895, {0x00, 0x00, 0x00, 0x32, 0x30, 0x00, 0x26, 0x06, 0x00, 0x32, 0x30, 0x00, 0x26, 0x06, 0x00, 0x00}},
    {0x2896, {0x00, 0x00, 0x00, 0x22, 0x00, 0x00, 0x36, 0x36, 0x00, 0x32, 0x30, 0x00, 0x26, 0x06, 0x00, 0x00}},
    {0x2897, {0x00, 0x00, 0x00, 0x32, 0x30, 0x00, 0x36, 0x36, 0x00, 0x32, 0x30, 0x00, 0x26, 0x06, 0x00, 0x00}},
    {0x2898, {0x00, 0x00, 0x00, 0x26, 0x06, 0x00, 0x26, 0x06, 0x00, 0x22, 0x00, 0x00, 0x26, 0x06, 0x00, 0x00}},
    {0x2899, {0x00, 0x00, 0x00, 0x36, 0x36, 0x00, 0x26, 0x06, 0x00, 0x22, 0x00, 0x00, 0x26, 0x06, 0x00, 0x00}},
    {0x289a, {0x00, 0x00, 0x00, 0x26, 0x06, 0x00, 0x36, 0x36, 0x00, 0x22, 0x00, 0x00, 0x26, 0x06, 0x00, 0x00}},
    {0x289b, {0x00, 0x00, 0x00, 0x36, 0x36, 0x00, 0x36, 0x36, 0x00, 0x22, 0x00, 0x00, 0x26, 0x06, 0x00, 0x00}},
    {0x289c, {0x00, 0x00, 0x00, 0x26, 0x06, 0x00, 0x26, 0x06, 0x00, 0x32, 0x30, 0x00, 0x26, 0x06, 0x00, 0x00}},
    {0x289d, {0x00, 0x00, 0x00, 0x36, 0x36, 0x00, 0x26, 0x06, 0x00, 0x32, 0x30, 0x00, 0x26, 0x06, 0x00, 0x00}},
    {0x289e, {0x00, 0x00, 0x00, 0x26, 0x06, 0x00, 0x36, 0x36, 0x00, 0x32, 0x30, 0x00, 0x26, 0x06, 0x00, 0x00}},
    {0x289f, {0x00, 0x00, 0x00, 0x36, 0x36, 0x00, 0x36, 0x36, 0x00, 0x32, 0x30, 0x00, 0x26, 0x06, 0x00, 0x00}},
    {0x28a0, {0x00, 0x00, 0x00, 0x22, 0x00, 0x00, 0x22, 0x00, 0x00, 0x26, 0x06, 0x00, 0x26, 0x06, 0x00, 0x00}},
    {0x28a1, {0x00, 0x00, 0x00, 0x32, 0x30, 0x00, 0x22, 0x00, 0x00, 0x26, 0x06, 0x00, 0x26, 0x06, 0x00, 0x00}},
    {0x28a2, {0x00, 0x00, 0x00, 0x22, 0x00, 0x00, 0x32, 0x30, 0x00, 0x26, 0x06, 0x00, 0x26, 0x06, 0x00, 0x00}},
    {0x28a3, {0x00, 0x00, 0x00, 0x32, 0x30, 0x00, 0x32, 0x30, 0x00, 0x26, 0x06, 0x00, 0x26, 0x06, 0x00, 0x00}},
    {0x28a4, {0x00, 0x00, 0x00, 0x22, 0x00, 0x00, 0x22, 0x00, 0x00, 0x36, 0x36, 0x00, 0x26, 0x06, 0x00, 0x00}},
    {0x28a5, {0x00, 0x00, 0x00, 0x32, 0x30, 0x00, 0x22, 0x00, 0x00, 0x36, 0x36, 0x00, 0x26, 0x06, 0x00, 0x00}},
    {0x28a6, {0x00, 0x00, 0x00, 0x22, 0x00, 0x00, 0x32, 0x30, 0x00, 0x36, 0x36, 0x00, 0x26, 0x06, 0x00, 0x00}},
    {0x28a7, {0x00, 0x00, 0x00, 0x32, 0x30, 0x00, 0x32, 0x30, 0x00, 0x36, 0x36, 0x00, 0x26, 0x06, 0x00, 0x00}},
    {0x28a8, {0x00, 0x00, 0x00, 0x26, 0x06, 0x00, 0x22, 0x00, 0x00, 0x26, 0x06, 0x00, 0x26, 0x06, 0x00, 0x00}},
    {0x28a9, {0x00, 0x00, 0x00, 0x36, 0x36, 0x00, 0x22, 0x00, 0x00, 0x26, 0x06, 0x00, 0x26, 0x06, 0x00, 0x00}},
    {0x28aa, {0x00, 0x00, 0x00, 0x26, 0x06, 0x00, 0x32, 0x30, 0x00, 0x26, 0x06, 0x00, 0x26, 0x06, 0x00, 0x00}},
    {0x28ab, {0x00, 0x00, 0x00, 0x36, 0x36, 0x00, 0x32, 0x30, 0x00, 0x26, 0x06, 0x00, 0x26, 0x06, 0x00, 0x00}},
    {0x28ac, {0x00, 0x00, 0x00, 0x26, 0x06, 0x00, 0x22, 0x00, 0x00, 0x36, 0x36, 0x00, 0x26, 0x06, 0x00, 0x00}},
    {0x28ad, {0x00, 0x00, 0x00, 0x36, 0x36, 0x00, 0x22, 0x00, 0x00, 0x36, 0x36, 0x00, 0x26, 0x06, 0x00, 0x00}},
    {0x28ae, {0x00, 0x00, 0x00, 0x26, 0x06, 0x00, 0x32, 0x30, 0x00, 0x36, 0x36, 0x00, 0x26, 0x06, 0x00, 0x00}},
    {0x28af, {0x00, 0x00, 0x00, 0x36, 0x36, 0x00, 0x32, 0x30, 0x00, 0x36, 0x36, 0x00, 0x26, 0x06, 0x00, 0x00}},
    {0x28b0, {0x00, 0x00, 0x00, 0x22, 0x00, 0x00, 0x26, 0x06, 0x00, 0x26, 0x06, 0x00, 0x26, 0x06, 0x00, 0x00}},
    {0x28b1, {0x00, 0x00, 0x00, 0x32, 0x30, 0x00, 0x26, 0x06, 0x00, 0x26, 0x06, 0x00, 0x26, 0x06, 0x00, 0x00}},
    {0x28b2, {0x00, 0x00, 0x00, 0x22, 0x00, 0x00, 0x36, 0x36, 0x00, 0x26, 0x06, 0x00, 0x26, 0x06, 0x00, 0x00}},
    {0x28b3, {0x00, 0x00, 0x00, 0x32, 0x30, 0x00, 0x36, 0x36, 0x00, 0x26, 0x06, 0x00, 0x26, 0x06, 0x00, 0x00}},
    {0x28b4, {0x00, 0x00, 0x00, 0x22, 0x00, 0x00, 0x26, 0x06, 0x00, 0x36, 0x36, 0x00, 0x26, 0x06, 0x00, 0x00}},
    {0x28b5, {0x00, 0x00, 0x00, 0x32, 0x30, 0x00, 0x26, 0x06, 0x00, 0x36, 0x36, 0x00, 0x26, 0x06, 0x00, 0x00}},
    {0x28b6, {0x00, 0x00, 0x00, 0x22, 0x00, 0x00, 0x36, 0x36, 0x00, 0x36, 0x36, 0x00, 0x26, 0x06, 0x00, 0x00}},
    {0x28b7, {0x00, 0x00, 0x00, 0x32, 0x30, 0x00, 0x36, 0x36, 0x00, 0x36, 0x36, 0x00, 0x26, 0x06, 0x00, 0x00}},
    {0x28b8, {0x00, 0x00, 0x00, 0x26, 0x06, 0x00, 0x26, 0x06, 0x00, 0x26, 0x06, 0x00, 0x26, 0x06, 0x00, 0x00}},
    {0x28b9, {0x00, 0x00, 0x00, 0x36, 0x36, 0x00, 0x26, 0x06, 0x00, 0x26, 0x06, 0x00, 0x26, 0x06, 0x00, 0x00}},
    {0x28ba, {0x00, 0x00, 0x00, 0x26, 0x06, 0x00, 0x36, 0x36, 0x00, 0x26, 0x06, 0x00, 0x26, 0x06, 0x00, 0x00}},
    {0x28bb, {0x00, 0x00, 0x00, 0x36, 0x36, 0x00, 0x36, 0x36, 0x00, 0x26, 0x06, 0x00, 0x26, 0x06, 0x00, 0x00}},
    {0x28bc, {0x00, 0x00, 0x00, 0x26, 0x06, 0x00, 0x26, 0x06, 0x00, 0x36, 0x36, 0x00, 0x26, 0x06, 0x00, 0x00}},
    {0x28bd, {0x00, 0x00, 0x00, 0x36, 0x36, 0x00, 0x26, 0x06, 0x00, 0x36, 0x36, 0x00, 0x26, 0x06, 0x00, 0x00}},
    {0x28be, {0x00, 0x00, 0x00, 0x26, 0x06, 0x00, 0x36, 0x36, 0x00, 0x36, 0x36, 0x00, 0x26, 0x06, 0x00, 0x00}},
    {0x28bf, {0x00, 0x00, 0x00, 0x36, 0x36, 0x00, 0x36, 0x36, 0x00, 0x36, 0x36, 0x00, 0x26, 0x06, 0x00, 0x00}},
    {0x28c0, {0x00, 0x00, 0x00, 0x22, 0x00, 0x00, 0x22, 0x00, 0x00, 0x22, 0x00, 0x00, 0x36, 0x36, 0x00, 0x00}},
    {0x28c1, {0x00, 0x00, 0x00, 0x32, 0x30, 0x00, 0x22, 0x00, 0x00, 0x22, 0x00, 0x00, 0x36, 0x36, 0x00, 0x00}},
    {0x28c2, {0x00, 0x00, 0x00, 0x22, 0x00, 0x00, 0x32, 0x30, 0x00, 0x22, 0x00, 0x00, 0x36, 0x36, 0x00, 0x00}},
    {0x28c3, {0x00, 0x00, 0x00, 0x32, 0x30, 0x00, 0x32, 0x30, 0x00, 0x22, 0x00, 0x00, 0x36, 0x36, 0x00, 0x00}},
    {0x28c4, {0x00, 0x00, 0x00, 0x22, 0x00, 0x00, 0x22, 0x00, 0x00, 0x32, 0x30, 0x00, 0x36, 0x36, 0x00, 0x00}},
    {0x28c5, {0x00, 0x00, 0x00, 0x32, 0x30, 0x00, 0x22, 0x00, 0x00, 0x32, 0x30, 0x00, 0x36, 0x36, 0x00, 0x00}},
    {0x28c6, {0x00, 0x00, 0x00, 0x22, 0x00, 0x00, 0x32, 0x30, 0x00, 0x32, 0x30, 0x00, 0x36, 0x36, 0x00, 0x00}},
    {0x28c7, {0x00, 0x00, 0x00, 0x32, 0x30, 0x00, 0x32, 0x30, 0x00, 0x32, 0x30, 0x00, 0x36, 0x36, 0x00, 0x00}},
    {0x28c8, {0x00, 0x00, 0x00, 0x26, 0x06, 0x00, 0x22, 0x00, 0x00, 0x22, 0x00, 0x00, 0x36, 0x36, 0x00, 0x00}},
    {0x28c9, {0x00, 0x00, 0x00, 0x36, 0x36, 0x00, 0x22, 0x00, 0x00, 0x22, 0x00, 0x00, 0x36, 0x36, 0x00, 0x00}},
    {0x28ca, {0x00, 0x00, 0x00, 0x26, 0x06, 0x00, 0x32, 0x30, 0x00, 0x22, 0x00, 0x00, 0x36, 0x36, 0x00, 0x00}},
    {0x28cb, {0x00, 0x00, 0x00, 0x36, 0x36, 0x00, 0x32, 0x30, 0x00, 0x22, 0x00, 0x00, 0x36, 0x36, 0x00, 0x00}},
    {0x28cc, {0x00, 0x00, 0x00, 0x26, 0x06, 0x00, 0x22, 0x00, 0x00, 0x32, 0x30, 0x00, 0x36, 0x36, 0x00, 0x00}},
    {0x28cd, {0x00, 0x00, 0x00, 0x36, 0x36, 0x00, 0x22, 0x00, 0x00, 0x32, 0x30, 0x00, 0x36, 0x36, 0x00, 0x00}},
    {0x28ce, {0x00, 0x00, 0x00, 0x26, 0x06, 0x00, 0x32, 0x30, 0x00, 0x32, 0x30, 0x00, 0x36, 0x36, 0x00, 0x00}},
    {0x28cf, {0x00, 0x00, 0x00, 0x36, 0x36, 0x00, 0x32, 0x30, 0x00, 0x32, 0x30, 0x00, 0x36, 0x36, 0x00, 0x00}},
    {0x28d0, {0x00, 0x00, 0x00, 0x22, 0x00, 0x00, 0x26, 0x06, 0x00, 0x22, 0x00, 0x00, 0x36, 0x36, 0x00, 0x00}},
    {0x28d1, {0x00, 0x00, 0x00, 0x32, 0x30, 0x00, 0x26, 0x06, 0x00, 0x22, 0x00, 0x00, 0x36, 0x36, 0x00, 0x00}},
    {0x28d2, {0x00, 0x00, 0x00, 0x22, 0x00, 0x00, 0x36, 0x36, 0x00, 0x22, 0x00, 0x00, 0x36, 0x36, 0x00, 0x00}},
    {0x28d3, {0x00, 0x00, 0x00, 0x32, 0x30, 0x00, 0x36, 0x36, 0x00, 0x22, 0x00, 0x00, 0x36, 0x36, 0x00, 0x00}},
    {0x28d4, {0x00, 0x00, 0x00, 0x22, 0x00, 0x00, 0x26, 0x06, 0x00, 0x32, 0x30, 0x00, 0x36, 0x36, 0x00, 0x00}},
    {0x28d5, {0x00, 0x00, 0x00, 0x32, 0x30, 0x00, 0x26, 0x06, 0x00, 0x32, 0x30, 0x00, 0x36, 0x36, 0x00, 0x00}},
    {0x28d6, {0x00, 0x00, 0x00, 0x22, 0x00, 0x00, 0x36, 0x36, 0x00, 0x32, 0x30, 0x00, 0x36, 0x36, 0x00, 0x00}},
    {0x28d7, {0x00, 0x00, 0x00, 0x32, 0x30, 0x00, 0x36, 0x36, 0x00, 0x32, 0x30, 0x00, 0x36, 0x36, 0x00, 0x00}},
    {0x28d8, {0x00, 0x00, 0x00, 0x26, 0x06, 0x00, 0x26, 0x06, 0x00, 0x22, 0x00, 0x00, 0x36, 0x36, 0x00, 0x00}},
    {0x28d9, {0x00, 0x00, 0x00, 0x36, 0x36, 0x00, 0x26, 0x06, 0x00, 0x22, 0x00, 0x00, 0x36, 0x36, 0x00, 0x00}},
    {0x28da, {0x00, 0x00, 0x00, 0x26, 0x06, 0x00, 0x36, 0x36, 0x00, 0x22, 0x00, 0x00, 0x36, 0x36, 0x00, 0x00}},
    {0x28db, {0x00, 0x00, 0x00, 0x36, 0x36, 0x00, 0x36, 0x36, 0x00, 0x22, 0x00, 0x00, 0x36, 0x36, 0x00, 0x00}},
    {0x28dc, {0x00, 0x00, 0x00, 0x26, 0x06, 0x00, 0x26, 0x06, 0x00, 0x32, 0x30, 0x00, 0x36, 0x36, 0x00, 0x00}},
    {0x28dd, {0x00, 0x00, 0x00, 0x36, 0x36, 0x00, 0x26, 0x06, 0x00, 0x32, 0x30, 0x00, 0x36, 0x36, 0x00, 0x00}},
    {0x28de, {0x00, 0x00, 0x00, 0x26, 0x06, 0x00, 0x36, 0x36, 0x00, 0x32, 0x30, 0x00, 0x36, 0x36, 0x00, 0x00}},
    {0x28df, {0x00, 0x00, 0x00, 0x36, 0x36, 0x00, 0x36, 0x36, 0x00, 0x32, 0x30, 0x00, 0x36, 0x36, 0x00, 0x00}},
    {0x28e0, {0x00, 0x00, 0x00, 0x22, 0x00, 0x00, 0x22, 0x00, 0x00, 0x26, 0x06, 0x00, 0x36, 0x36, 0x00, 0x00}},
    {0x28e1, {0x00, 0x00, 0x00, 0x32, 0x30, 0x00, 0x22, 0x00, 0x00, 0x26, 0x06, 0x00, 0x36, 0x36, 0x00, 0x00}},
    {0x28e2, {0x00, 0x00, 0x00, 0x22, 0x00, 0x00, 0x32, 0x30, 0x00, 0x26, 0x06, 0x00, 0x36, 0x36, 0x00, 0x00}},
    {0x28e3, {0x00, 0x00, 0x00, 0x32, 0x30, 0x00, 0x32, 0x30, 0x00, 0x26, 0x06, 0x00, 0x36, 0x36, 0x00, 0x00}},
    {0x28e4, {0x00, 0x00, 0x00, 0x22, 0x00, 0x00, 0x22, 0x00, 0x00, 0x36, 0x36, 0x00, 0x36, 0x36, 0x00, 0x00}},
    {0x28e5, {0x00, 0x00, 0x00, 0x32, 0x30, 0x00, 0x22, 0x00, 0x00, 0x36, 0x36, 0x00, 0x36, 0x36, 0x00, 0x00}},
    {0x28e6, {0x00, 0x00, 0x00, 0x22, 0x00, 0x00, 0x32, 0x30, 0x00, 0x36, 0x36, 0x00, 0x36, 0x36, 0x00, 0x00}},
    {0x28e7, {0x00, 0x00, 0x00, 0x32, 0x30, 0x00, 0x32, 0x30, 0x00, 0x36, 0x36, 0x00, 0x36, 0x36, 0x00, 0x00}},
    {0x28e8, {0x00, 0x00, 0x00, 0x26, 0x06, 0x00, 0x22, 0x00, 0x00, 0x26, 0x06, 0x00, 0x36, 0x36, 0x00, 0x00}},
    {0x28e9, {0x00, 0x00, 0x00, 0x36, 0x36, 0x00, 0x22, 0x00, 0x00, 0x26, 0x06, 0x00, 0x36, 0x36, 0x00, 0x00}},
    {0x28ea, {0x00, 0x00, 0x00, 0x26, 0x06, 0x00, 0x32, 0x30, 0x00, 0x26, 0x06, 0x00, 0x36, 0x36, 0x00, 0x00}},
    {0x28eb, {0x00, 0x00, 0x00, 0x36, 0x36, 0x00, 0x32, 0x30, 0x00, 0x26, 0x06, 0x00, 0x36, 0x36, 0x00, 0x00}},
    {0x28ec, {0x00, 0x00, 0x00, 0x26, 0x06, 0x00, 0x22, 0x00, 0x00, 0x36, 0x36, 0x00, 0x36, 0x36, 0x00, 0x00}},
    {0x28ed, {0x00, 0x00, 0x00, 0x36, 0x36, 0x00, 0x22, 0x00, 0x00, 0x36, 0x36, 0x00, 0x36, 0x36, 0x00, 0x00}},
    {0x28ee, {0x00, 0x00, 0x00, 0x26, 0x06, 0x00, 0x32, 0x30, 0x00, 0x36, 0x36, 0x00, 0x36, 0x36, 0x00, 0x00}},
    {0x28ef, {0x00, 0x00, 0x00, 0x36, 0x36, 0x00, 0x32, 0x30, 0x00, 0x36, 0x36, 0x00, 0x36, 0x36, 0x00, 0x00}},
    {0x28f0, {0x00, 0x00, 0x00, 0x22, 0x00, 0x00, 0x26, 0x06, 0x00, 0x26, 0x06, 0x00, 0x36, 0x36, 0x00, 0x00}},
    {0x28f1, {0x00, 0x00, 0x00, 0x32, 0x30, 0x00, 0x26, 0x06, 0x00, 0x26, 0x06, 0x00, 0x36, 0x36, 0x00, 0x00}},
    {0x28f2, {0x00, 0x00, 0x00, 0x22, 0x00, 0x00, 0x36, 0x36, 0x00, 0x26, 0x06, 0x00, 0x36, 0x36, 0x00, 0x00}},
    {0x28f3, {0x00, 0x00, 0x00, 0x32, 0x30, 0x00, 0x36, 0x36, 0x00, 0x26, 0x06, 0x00, 0x36, 0x36, 0x00, 0x00}},
    {0x28f4, {0x00, 0x00, 0x00, 0x22, 0x00, 0x00, 0x26, 0x06, 0x00, 0x36, 0x36, 0x00, 0x36, 0x36, 0x00, 0x00}},
    {0x28f5, {0x00, 0x00, 0x00, 0x32, 0x30, 0x00, 0x26, 0x06, 0x00, 0x36, 0x36, 0x00, 0x36, 0x36, 0x00, 0x00}},
    {0x28f6, {0x00, 0x00, 0x00, 0x22, 0x00, 0x00, 0x36, 0x36, 0x00, 0x36, 0x36, 0x00, 0x36, 0x36, 0x00, 0x00}},
    {0x28f7, {0x00, 0x00, 0x00, 0x32, 0x30, 0x00, 0x36, 0x36, 0x00, 0x36, 0x36, 0x00, 0x36, 0x36, 0x00, 0x00}},
    {0x28f8, {0x00, 0x00, 0x00, 0x26, 0x06, 0x00, 0x26, 0x06, 0x00, 0x26, 0x06, 0x00, 0x36, 0x36, 0x00, 0x00}},
    {0x28f9, {0x00, 0x00, 0x00, 0x36, 0x36, 0x00, 0x26, 0x06, 0x00, 0x26, 0x06, 0x00, 0x36, 0x36, 0x00, 0x00}},
    {0x28fa, {0x00, 0x00, 0x00, 0x26, 0x06, 0x00, 0x36, 0x36, 0x00, 0x26, 0x06, 0x00, 0x36, 0x36, 0x00, 0x00}},
    {0x28fb, {0x00, 0x00, 0x00, 0x36, 0x36, 0x00, 0x36, 0x36, 0x00, 0x26, 0x06, 0x00, 0x36, 0x36, 0x00, 0x00}},
    {0x28fc, {0x00, 0x00, 0x00, 0x26, 0x06, 0x00, 0x26, 0x06, 0x00, 0x36, 0x36, 0x00, 0x36, 0x36, 0x00, 0x00}},
    {0x28fd, {0x00, 0x00, 0x00, 0x36, 0x36, 0x00, 0x26, 0x06, 0x00, 0x36, 0x36, 0x00, 0x36, 0x36, 0x00, 0x00}},
    {0x28fe, {0x00, 0x00, 0x00, 0x26, 0x06, 0x00, 0x36, 0x36, 0x00, 0x36, 0x36, 0x00, 0x36, 0x36, 0x00, 0x00}},
    {0x28ff, {0x00, 0x00, 0x00, 0x36, 0x36, 0x00, 0x36, 0x36, 0x00, 0x36, 0x36, 0x00, 0x36, 0x36, 0x00, 0x00}},
    {0x2b06, {0x00, 0x00, 0x10, 0x38, 0x7c, 0xfe, 0x38, 0x38, 0x38, 0x38, 0x38, 0x38, 0x38, 0x38, 0x00, 0x00}},
    {0x2b07, {0x00, 0x00, 0x38, 0x38, 0x38, 0x38, 0x38, 0x38, 0x38, 0x38, 0xfe, 0x7c, 0x38, 0x10, 0x00, 0x00}},
};
static constexpr uint16_t GLYPH_COUNT = sizeof(GLYPHS) / sizeof(GLYPHS[0]);
static_assert(sizeof(Glyph) == 18);
}  // namespace TerminalFontData
