#pragma once

#include <cstdint>

// Generated from Terminus Font 8x16 4.49.1 with selected glyphs from GNU Unifont 16.0.04 by
// scripts/generate_terminal_font.py. Terminus and selected GNU Unifont glyphs; SIL Open Font License 1.1.
namespace TerminalFontData {
struct Glyph {
  uint16_t codepoint;
  uint8_t rows[16];
};

static constexpr Glyph GLYPHS[] = {
    {0x0020, {0x00, 0x00, 0x00, 0x00, 0x00, 0x00, 0x00, 0x00, 0x00, 0x00, 0x00, 0x00, 0x00, 0x00, 0x00, 0x00}},
    {0x0021, {0x00, 0x00, 0x10, 0x10, 0x10, 0x10, 0x10, 0x10, 0x10, 0x00, 0x10, 0x10, 0x00, 0x00, 0x00, 0x00}},
    {0x0022, {0x00, 0x24, 0x24, 0x24, 0x00, 0x00, 0x00, 0x00, 0x00, 0x00, 0x00, 0x00, 0x00, 0x00, 0x00, 0x00}},
    {0x0023, {0x00, 0x00, 0x24, 0x24, 0x24, 0x7e, 0x24, 0x24, 0x7e, 0x24, 0x24, 0x24, 0x00, 0x00, 0x00, 0x00}},
    {0x0024, {0x00, 0x10, 0x10, 0x7c, 0x92, 0x90, 0x90, 0x7c, 0x12, 0x12, 0x92, 0x7c, 0x10, 0x10, 0x00, 0x00}},
    {0x0025, {0x00, 0x00, 0x64, 0x94, 0x68, 0x08, 0x10, 0x10, 0x20, 0x2c, 0x52, 0x4c, 0x00, 0x00, 0x00, 0x00}},
    {0x0026, {0x00, 0x00, 0x18, 0x24, 0x24, 0x18, 0x30, 0x4a, 0x44, 0x44, 0x44, 0x3a, 0x00, 0x00, 0x00, 0x00}},
    {0x0027, {0x00, 0x10, 0x10, 0x10, 0x00, 0x00, 0x00, 0x00, 0x00, 0x00, 0x00, 0x00, 0x00, 0x00, 0x00, 0x00}},
    {0x0028, {0x00, 0x00, 0x08, 0x10, 0x20, 0x20, 0x20, 0x20, 0x20, 0x20, 0x10, 0x08, 0x00, 0x00, 0x00, 0x00}},
    {0x0029, {0x00, 0x00, 0x20, 0x10, 0x08, 0x08, 0x08, 0x08, 0x08, 0x08, 0x10, 0x20, 0x00, 0x00, 0x00, 0x00}},
    {0x002a, {0x00, 0x00, 0x00, 0x00, 0x00, 0x24, 0x18, 0x7e, 0x18, 0x24, 0x00, 0x00, 0x00, 0x00, 0x00, 0x00}},
    {0x002b, {0x00, 0x00, 0x00, 0x00, 0x00, 0x10, 0x10, 0x7c, 0x10, 0x10, 0x00, 0x00, 0x00, 0x00, 0x00, 0x00}},
    {0x002c, {0x00, 0x00, 0x00, 0x00, 0x00, 0x00, 0x00, 0x00, 0x00, 0x00, 0x10, 0x10, 0x20, 0x00, 0x00, 0x00}},
    {0x002d, {0x00, 0x00, 0x00, 0x00, 0x00, 0x00, 0x00, 0x7e, 0x00, 0x00, 0x00, 0x00, 0x00, 0x00, 0x00, 0x00}},
    {0x002e, {0x00, 0x00, 0x00, 0x00, 0x00, 0x00, 0x00, 0x00, 0x00, 0x00, 0x10, 0x10, 0x00, 0x00, 0x00, 0x00}},
    {0x002f, {0x00, 0x00, 0x04, 0x04, 0x08, 0x08, 0x10, 0x10, 0x20, 0x20, 0x40, 0x40, 0x00, 0x00, 0x00, 0x00}},
    {0x0030, {0x00, 0x00, 0x3c, 0x42, 0x42, 0x46, 0x4a, 0x52, 0x62, 0x42, 0x42, 0x3c, 0x00, 0x00, 0x00, 0x00}},
    {0x0031, {0x00, 0x00, 0x08, 0x18, 0x28, 0x08, 0x08, 0x08, 0x08, 0x08, 0x08, 0x3e, 0x00, 0x00, 0x00, 0x00}},
    {0x0032, {0x00, 0x00, 0x3c, 0x42, 0x42, 0x02, 0x04, 0x08, 0x10, 0x20, 0x40, 0x7e, 0x00, 0x00, 0x00, 0x00}},
    {0x0033, {0x00, 0x00, 0x3c, 0x42, 0x42, 0x02, 0x1c, 0x02, 0x02, 0x42, 0x42, 0x3c, 0x00, 0x00, 0x00, 0x00}},
    {0x0034, {0x00, 0x00, 0x02, 0x06, 0x0a, 0x12, 0x22, 0x42, 0x7e, 0x02, 0x02, 0x02, 0x00, 0x00, 0x00, 0x00}},
    {0x0035, {0x00, 0x00, 0x7e, 0x40, 0x40, 0x40, 0x7c, 0x02, 0x02, 0x02, 0x42, 0x3c, 0x00, 0x00, 0x00, 0x00}},
    {0x0036, {0x00, 0x00, 0x1c, 0x20, 0x40, 0x40, 0x7c, 0x42, 0x42, 0x42, 0x42, 0x3c, 0x00, 0x00, 0x00, 0x00}},
    {0x0037, {0x00, 0x00, 0x7e, 0x02, 0x02, 0x04, 0x04, 0x08, 0x08, 0x10, 0x10, 0x10, 0x00, 0x00, 0x00, 0x00}},
    {0x0038, {0x00, 0x00, 0x3c, 0x42, 0x42, 0x42, 0x3c, 0x42, 0x42, 0x42, 0x42, 0x3c, 0x00, 0x00, 0x00, 0x00}},
    {0x0039, {0x00, 0x00, 0x3c, 0x42, 0x42, 0x42, 0x42, 0x3e, 0x02, 0x02, 0x04, 0x38, 0x00, 0x00, 0x00, 0x00}},
    {0x003a, {0x00, 0x00, 0x00, 0x00, 0x00, 0x10, 0x10, 0x00, 0x00, 0x00, 0x10, 0x10, 0x00, 0x00, 0x00, 0x00}},
    {0x003b, {0x00, 0x00, 0x00, 0x00, 0x00, 0x10, 0x10, 0x00, 0x00, 0x00, 0x10, 0x10, 0x20, 0x00, 0x00, 0x00}},
    {0x003c, {0x00, 0x00, 0x00, 0x04, 0x08, 0x10, 0x20, 0x40, 0x20, 0x10, 0x08, 0x04, 0x00, 0x00, 0x00, 0x00}},
    {0x003d, {0x00, 0x00, 0x00, 0x00, 0x00, 0x7e, 0x00, 0x00, 0x7e, 0x00, 0x00, 0x00, 0x00, 0x00, 0x00, 0x00}},
    {0x003e, {0x00, 0x00, 0x00, 0x40, 0x20, 0x10, 0x08, 0x04, 0x08, 0x10, 0x20, 0x40, 0x00, 0x00, 0x00, 0x00}},
    {0x003f, {0x00, 0x00, 0x3c, 0x42, 0x42, 0x42, 0x04, 0x08, 0x08, 0x00, 0x08, 0x08, 0x00, 0x00, 0x00, 0x00}},
    {0x0040, {0x00, 0x00, 0x7c, 0x82, 0x9e, 0xa2, 0xa2, 0xa2, 0xa6, 0x9a, 0x80, 0x7e, 0x00, 0x00, 0x00, 0x00}},
    {0x0041, {0x00, 0x00, 0x3c, 0x42, 0x42, 0x42, 0x42, 0x7e, 0x42, 0x42, 0x42, 0x42, 0x00, 0x00, 0x00, 0x00}},
    {0x0042, {0x00, 0x00, 0x7c, 0x42, 0x42, 0x42, 0x7c, 0x42, 0x42, 0x42, 0x42, 0x7c, 0x00, 0x00, 0x00, 0x00}},
    {0x0043, {0x00, 0x00, 0x3c, 0x42, 0x42, 0x40, 0x40, 0x40, 0x40, 0x42, 0x42, 0x3c, 0x00, 0x00, 0x00, 0x00}},
    {0x0044, {0x00, 0x00, 0x78, 0x44, 0x42, 0x42, 0x42, 0x42, 0x42, 0x42, 0x44, 0x78, 0x00, 0x00, 0x00, 0x00}},
    {0x0045, {0x00, 0x00, 0x7e, 0x40, 0x40, 0x40, 0x78, 0x40, 0x40, 0x40, 0x40, 0x7e, 0x00, 0x00, 0x00, 0x00}},
    {0x0046, {0x00, 0x00, 0x7e, 0x40, 0x40, 0x40, 0x78, 0x40, 0x40, 0x40, 0x40, 0x40, 0x00, 0x00, 0x00, 0x00}},
    {0x0047, {0x00, 0x00, 0x3c, 0x42, 0x42, 0x40, 0x40, 0x4e, 0x42, 0x42, 0x42, 0x3c, 0x00, 0x00, 0x00, 0x00}},
    {0x0048, {0x00, 0x00, 0x42, 0x42, 0x42, 0x42, 0x7e, 0x42, 0x42, 0x42, 0x42, 0x42, 0x00, 0x00, 0x00, 0x00}},
    {0x0049, {0x00, 0x00, 0x38, 0x10, 0x10, 0x10, 0x10, 0x10, 0x10, 0x10, 0x10, 0x38, 0x00, 0x00, 0x00, 0x00}},
    {0x004a, {0x00, 0x00, 0x0e, 0x04, 0x04, 0x04, 0x04, 0x04, 0x04, 0x44, 0x44, 0x38, 0x00, 0x00, 0x00, 0x00}},
    {0x004b, {0x00, 0x00, 0x42, 0x44, 0x48, 0x50, 0x60, 0x60, 0x50, 0x48, 0x44, 0x42, 0x00, 0x00, 0x00, 0x00}},
    {0x004c, {0x00, 0x00, 0x40, 0x40, 0x40, 0x40, 0x40, 0x40, 0x40, 0x40, 0x40, 0x7e, 0x00, 0x00, 0x00, 0x00}},
    {0x004d, {0x00, 0x00, 0x82, 0xc6, 0xaa, 0x92, 0x92, 0x82, 0x82, 0x82, 0x82, 0x82, 0x00, 0x00, 0x00, 0x00}},
    {0x004e, {0x00, 0x00, 0x42, 0x42, 0x42, 0x62, 0x52, 0x4a, 0x46, 0x42, 0x42, 0x42, 0x00, 0x00, 0x00, 0x00}},
    {0x004f, {0x00, 0x00, 0x3c, 0x42, 0x42, 0x42, 0x42, 0x42, 0x42, 0x42, 0x42, 0x3c, 0x00, 0x00, 0x00, 0x00}},
    {0x0050, {0x00, 0x00, 0x7c, 0x42, 0x42, 0x42, 0x42, 0x7c, 0x40, 0x40, 0x40, 0x40, 0x00, 0x00, 0x00, 0x00}},
    {0x0051, {0x00, 0x00, 0x3c, 0x42, 0x42, 0x42, 0x42, 0x42, 0x42, 0x42, 0x4a, 0x3c, 0x02, 0x00, 0x00, 0x00}},
    {0x0052, {0x00, 0x00, 0x7c, 0x42, 0x42, 0x42, 0x42, 0x7c, 0x50, 0x48, 0x44, 0x42, 0x00, 0x00, 0x00, 0x00}},
    {0x0053, {0x00, 0x00, 0x3c, 0x42, 0x40, 0x40, 0x3c, 0x02, 0x02, 0x42, 0x42, 0x3c, 0x00, 0x00, 0x00, 0x00}},
    {0x0054, {0x00, 0x00, 0xfe, 0x10, 0x10, 0x10, 0x10, 0x10, 0x10, 0x10, 0x10, 0x10, 0x00, 0x00, 0x00, 0x00}},
    {0x0055, {0x00, 0x00, 0x42, 0x42, 0x42, 0x42, 0x42, 0x42, 0x42, 0x42, 0x42, 0x3c, 0x00, 0x00, 0x00, 0x00}},
    {0x0056, {0x00, 0x00, 0x42, 0x42, 0x42, 0x42, 0x42, 0x24, 0x24, 0x24, 0x18, 0x18, 0x00, 0x00, 0x00, 0x00}},
    {0x0057, {0x00, 0x00, 0x82, 0x82, 0x82, 0x82, 0x82, 0x92, 0x92, 0xaa, 0xc6, 0x82, 0x00, 0x00, 0x00, 0x00}},
    {0x0058, {0x00, 0x00, 0x42, 0x42, 0x24, 0x24, 0x18, 0x18, 0x24, 0x24, 0x42, 0x42, 0x00, 0x00, 0x00, 0x00}},
    {0x0059, {0x00, 0x00, 0x82, 0x82, 0x44, 0x44, 0x28, 0x10, 0x10, 0x10, 0x10, 0x10, 0x00, 0x00, 0x00, 0x00}},
    {0x005a, {0x00, 0x00, 0x7e, 0x02, 0x02, 0x04, 0x08, 0x10, 0x20, 0x40, 0x40, 0x7e, 0x00, 0x00, 0x00, 0x00}},
    {0x005b, {0x00, 0x00, 0x38, 0x20, 0x20, 0x20, 0x20, 0x20, 0x20, 0x20, 0x20, 0x38, 0x00, 0x00, 0x00, 0x00}},
    {0x005c, {0x00, 0x00, 0x40, 0x40, 0x20, 0x20, 0x10, 0x10, 0x08, 0x08, 0x04, 0x04, 0x00, 0x00, 0x00, 0x00}},
    {0x005d, {0x00, 0x00, 0x38, 0x08, 0x08, 0x08, 0x08, 0x08, 0x08, 0x08, 0x08, 0x38, 0x00, 0x00, 0x00, 0x00}},
    {0x005e, {0x00, 0x10, 0x28, 0x44, 0x00, 0x00, 0x00, 0x00, 0x00, 0x00, 0x00, 0x00, 0x00, 0x00, 0x00, 0x00}},
    {0x005f, {0x00, 0x00, 0x00, 0x00, 0x00, 0x00, 0x00, 0x00, 0x00, 0x00, 0x00, 0x00, 0x00, 0x7e, 0x00, 0x00}},
    {0x0060, {0x10, 0x08, 0x00, 0x00, 0x00, 0x00, 0x00, 0x00, 0x00, 0x00, 0x00, 0x00, 0x00, 0x00, 0x00, 0x00}},
    {0x0061, {0x00, 0x00, 0x00, 0x00, 0x00, 0x3c, 0x02, 0x3e, 0x42, 0x42, 0x42, 0x3e, 0x00, 0x00, 0x00, 0x00}},
    {0x0062, {0x00, 0x00, 0x40, 0x40, 0x40, 0x7c, 0x42, 0x42, 0x42, 0x42, 0x42, 0x7c, 0x00, 0x00, 0x00, 0x00}},
    {0x0063, {0x00, 0x00, 0x00, 0x00, 0x00, 0x3c, 0x42, 0x40, 0x40, 0x40, 0x42, 0x3c, 0x00, 0x00, 0x00, 0x00}},
    {0x0064, {0x00, 0x00, 0x02, 0x02, 0x02, 0x3e, 0x42, 0x42, 0x42, 0x42, 0x42, 0x3e, 0x00, 0x00, 0x00, 0x00}},
    {0x0065, {0x00, 0x00, 0x00, 0x00, 0x00, 0x3c, 0x42, 0x42, 0x7e, 0x40, 0x40, 0x3c, 0x00, 0x00, 0x00, 0x00}},
    {0x0066, {0x00, 0x00, 0x0e, 0x10, 0x10, 0x7c, 0x10, 0x10, 0x10, 0x10, 0x10, 0x10, 0x00, 0x00, 0x00, 0x00}},
    {0x0067, {0x00, 0x00, 0x00, 0x00, 0x00, 0x3e, 0x42, 0x42, 0x42, 0x42, 0x42, 0x3e, 0x02, 0x02, 0x3c, 0x00}},
    {0x0068, {0x00, 0x00, 0x40, 0x40, 0x40, 0x7c, 0x42, 0x42, 0x42, 0x42, 0x42, 0x42, 0x00, 0x00, 0x00, 0x00}},
    {0x0069, {0x00, 0x00, 0x10, 0x10, 0x00, 0x30, 0x10, 0x10, 0x10, 0x10, 0x10, 0x38, 0x00, 0x00, 0x00, 0x00}},
    {0x006a, {0x00, 0x00, 0x04, 0x04, 0x00, 0x0c, 0x04, 0x04, 0x04, 0x04, 0x04, 0x04, 0x44, 0x44, 0x38, 0x00}},
    {0x006b, {0x00, 0x00, 0x40, 0x40, 0x40, 0x42, 0x44, 0x48, 0x70, 0x48, 0x44, 0x42, 0x00, 0x00, 0x00, 0x00}},
    {0x006c, {0x00, 0x00, 0x30, 0x10, 0x10, 0x10, 0x10, 0x10, 0x10, 0x10, 0x10, 0x38, 0x00, 0x00, 0x00, 0x00}},
    {0x006d, {0x00, 0x00, 0x00, 0x00, 0x00, 0xfc, 0x92, 0x92, 0x92, 0x92, 0x92, 0x92, 0x00, 0x00, 0x00, 0x00}},
    {0x006e, {0x00, 0x00, 0x00, 0x00, 0x00, 0x7c, 0x42, 0x42, 0x42, 0x42, 0x42, 0x42, 0x00, 0x00, 0x00, 0x00}},
    {0x006f, {0x00, 0x00, 0x00, 0x00, 0x00, 0x3c, 0x42, 0x42, 0x42, 0x42, 0x42, 0x3c, 0x00, 0x00, 0x00, 0x00}},
    {0x0070, {0x00, 0x00, 0x00, 0x00, 0x00, 0x7c, 0x42, 0x42, 0x42, 0x42, 0x42, 0x7c, 0x40, 0x40, 0x40, 0x00}},
    {0x0071, {0x00, 0x00, 0x00, 0x00, 0x00, 0x3e, 0x42, 0x42, 0x42, 0x42, 0x42, 0x3e, 0x02, 0x02, 0x02, 0x00}},
    {0x0072, {0x00, 0x00, 0x00, 0x00, 0x00, 0x5e, 0x60, 0x40, 0x40, 0x40, 0x40, 0x40, 0x00, 0x00, 0x00, 0x00}},
    {0x0073, {0x00, 0x00, 0x00, 0x00, 0x00, 0x3e, 0x40, 0x40, 0x3c, 0x02, 0x02, 0x7c, 0x00, 0x00, 0x00, 0x00}},
    {0x0074, {0x00, 0x00, 0x10, 0x10, 0x10, 0x7c, 0x10, 0x10, 0x10, 0x10, 0x10, 0x0e, 0x00, 0x00, 0x00, 0x00}},
    {0x0075, {0x00, 0x00, 0x00, 0x00, 0x00, 0x42, 0x42, 0x42, 0x42, 0x42, 0x42, 0x3e, 0x00, 0x00, 0x00, 0x00}},
    {0x0076, {0x00, 0x00, 0x00, 0x00, 0x00, 0x42, 0x42, 0x42, 0x24, 0x24, 0x18, 0x18, 0x00, 0x00, 0x00, 0x00}},
    {0x0077, {0x00, 0x00, 0x00, 0x00, 0x00, 0x82, 0x82, 0x92, 0x92, 0x92, 0x92, 0x7c, 0x00, 0x00, 0x00, 0x00}},
    {0x0078, {0x00, 0x00, 0x00, 0x00, 0x00, 0x42, 0x42, 0x24, 0x18, 0x24, 0x42, 0x42, 0x00, 0x00, 0x00, 0x00}},
    {0x0079, {0x00, 0x00, 0x00, 0x00, 0x00, 0x42, 0x42, 0x42, 0x42, 0x42, 0x42, 0x3e, 0x02, 0x02, 0x3c, 0x00}},
    {0x007a, {0x00, 0x00, 0x00, 0x00, 0x00, 0x7e, 0x04, 0x08, 0x10, 0x20, 0x40, 0x7e, 0x00, 0x00, 0x00, 0x00}},
    {0x007b, {0x00, 0x00, 0x0c, 0x10, 0x10, 0x10, 0x20, 0x10, 0x10, 0x10, 0x10, 0x0c, 0x00, 0x00, 0x00, 0x00}},
    {0x007c, {0x00, 0x00, 0x10, 0x10, 0x10, 0x10, 0x10, 0x10, 0x10, 0x10, 0x10, 0x10, 0x00, 0x00, 0x00, 0x00}},
    {0x007d, {0x00, 0x00, 0x30, 0x08, 0x08, 0x08, 0x04, 0x08, 0x08, 0x08, 0x08, 0x30, 0x00, 0x00, 0x00, 0x00}},
    {0x007e, {0x00, 0x62, 0x92, 0x8c, 0x00, 0x00, 0x00, 0x00, 0x00, 0x00, 0x00, 0x00, 0x00, 0x00, 0x00, 0x00}},
    {0x00a0, {0x00, 0x00, 0x00, 0x00, 0x00, 0x00, 0x00, 0x00, 0x00, 0x00, 0x00, 0x00, 0x00, 0x00, 0x00, 0x00}},
    {0x00a1, {0x00, 0x00, 0x10, 0x10, 0x00, 0x10, 0x10, 0x10, 0x10, 0x10, 0x10, 0x10, 0x00, 0x00, 0x00, 0x00}},
    {0x00a2, {0x00, 0x00, 0x00, 0x10, 0x10, 0x7c, 0x92, 0x90, 0x90, 0x90, 0x92, 0x7c, 0x10, 0x10, 0x00, 0x00}},
    {0x00a3, {0x00, 0x00, 0x18, 0x24, 0x20, 0x20, 0x78, 0x20, 0x20, 0x20, 0x22, 0x7e, 0x00, 0x00, 0x00, 0x00}},
    {0x00a4, {0x00, 0x00, 0x00, 0x00, 0x44, 0x38, 0x44, 0x44, 0x44, 0x38, 0x44, 0x00, 0x00, 0x00, 0x00, 0x00}},
    {0x00a5, {0x00, 0x00, 0x82, 0x82, 0x44, 0x28, 0x10, 0x7c, 0x10, 0x7c, 0x10, 0x10, 0x00, 0x00, 0x00, 0x00}},
    {0x00a6, {0x00, 0x00, 0x10, 0x10, 0x10, 0x10, 0x00, 0x00, 0x10, 0x10, 0x10, 0x10, 0x00, 0x00, 0x00, 0x00}},
    {0x00a7, {0x00, 0x38, 0x44, 0x40, 0x30, 0x48, 0x44, 0x44, 0x24, 0x18, 0x04, 0x44, 0x38, 0x00, 0x00, 0x00}},
    {0x00a8, {0x24, 0x24, 0x00, 0x00, 0x00, 0x00, 0x00, 0x00, 0x00, 0x00, 0x00, 0x00, 0x00, 0x00, 0x00, 0x00}},
    {0x00a9, {0x00, 0x00, 0x00, 0x7e, 0x81, 0x99, 0xa5, 0xa1, 0xa5, 0x99, 0x81, 0x7e, 0x00, 0x00, 0x00, 0x00}},
    {0x00aa, {0x00, 0x38, 0x04, 0x3c, 0x44, 0x3c, 0x00, 0x7c, 0x00, 0x00, 0x00, 0x00, 0x00, 0x00, 0x00, 0x00}},
    {0x00ab, {0x00, 0x00, 0x00, 0x00, 0x00, 0x12, 0x24, 0x48, 0x90, 0x48, 0x24, 0x12, 0x00, 0x00, 0x00, 0x00}},
    {0x00ac, {0x00, 0x00, 0x00, 0x00, 0x00, 0x7e, 0x02, 0x02, 0x02, 0x00, 0x00, 0x00, 0x00, 0x00, 0x00, 0x00}},
    {0x00ad, {0x00, 0x00, 0x00, 0x00, 0x00, 0x00, 0x00, 0x3c, 0x00, 0x00, 0x00, 0x00, 0x00, 0x00, 0x00, 0x00}},
    {0x00ae, {0x00, 0x00, 0x00, 0x7e, 0x81, 0xb9, 0xa5, 0xb9, 0xa9, 0xa5, 0x81, 0x7e, 0x00, 0x00, 0x00, 0x00}},
    {0x00af, {0x3c, 0x00, 0x00, 0x00, 0x00, 0x00, 0x00, 0x00, 0x00, 0x00, 0x00, 0x00, 0x00, 0x00, 0x00, 0x00}},
    {0x00b0, {0x00, 0x18, 0x24, 0x24, 0x18, 0x00, 0x00, 0x00, 0x00, 0x00, 0x00, 0x00, 0x00, 0x00, 0x00, 0x00}},
    {0x00b1, {0x00, 0x00, 0x00, 0x00, 0x00, 0x10, 0x10, 0x7c, 0x10, 0x10, 0x00, 0x7c, 0x00, 0x00, 0x00, 0x00}},
    {0x00b2, {0x00, 0x18, 0x24, 0x04, 0x08, 0x10, 0x3c, 0x00, 0x00, 0x00, 0x00, 0x00, 0x00, 0x00, 0x00, 0x00}},
    {0x00b3, {0x00, 0x38, 0x04, 0x18, 0x04, 0x04, 0x38, 0x00, 0x00, 0x00, 0x00, 0x00, 0x00, 0x00, 0x00, 0x00}},
    {0x00b4, {0x08, 0x10, 0x00, 0x00, 0x00, 0x00, 0x00, 0x00, 0x00, 0x00, 0x00, 0x00, 0x00, 0x00, 0x00, 0x00}},
    {0x00b5, {0x00, 0x00, 0x00, 0x00, 0x00, 0x42, 0x42, 0x42, 0x42, 0x42, 0x46, 0x7a, 0x40, 0x40, 0x40, 0x00}},
    {0x00b6, {0x00, 0x00, 0x7e, 0x92, 0x92, 0x92, 0x92, 0x72, 0x12, 0x12, 0x12, 0x12, 0x00, 0x00, 0x00, 0x00}},
    {0x00b7, {0x00, 0x00, 0x00, 0x00, 0x00, 0x00, 0x00, 0x10, 0x10, 0x00, 0x00, 0x00, 0x00, 0x00, 0x00, 0x00}},
    {0x00b8, {0x00, 0x00, 0x00, 0x00, 0x00, 0x00, 0x00, 0x00, 0x00, 0x00, 0x00, 0x00, 0x10, 0x10, 0x20, 0x00}},
    {0x00b9, {0x00, 0x10, 0x30, 0x10, 0x10, 0x10, 0x38, 0x00, 0x00, 0x00, 0x00, 0x00, 0x00, 0x00, 0x00, 0x00}},
    {0x00ba, {0x00, 0x38, 0x44, 0x44, 0x44, 0x38, 0x00, 0x7c, 0x00, 0x00, 0x00, 0x00, 0x00, 0x00, 0x00, 0x00}},
    {0x00bb, {0x00, 0x00, 0x00, 0x00, 0x00, 0x90, 0x48, 0x24, 0x12, 0x24, 0x48, 0x90, 0x00, 0x00, 0x00, 0x00}},
    {0x00bc, {0x00, 0x20, 0x60, 0x20, 0x22, 0x24, 0x08, 0x10, 0x22, 0x46, 0x8a, 0x1e, 0x02, 0x02, 0x00, 0x00}},
    {0x00bd, {0x00, 0x20, 0x60, 0x20, 0x22, 0x24, 0x08, 0x10, 0x20, 0x4c, 0x92, 0x04, 0x08, 0x1e, 0x00, 0x00}},
    {0x00be, {0x00, 0xe0, 0x10, 0x60, 0x12, 0xe4, 0x08, 0x10, 0x22, 0x46, 0x8a, 0x1e, 0x02, 0x02, 0x00, 0x00}},
    {0x00bf, {0x00, 0x00, 0x10, 0x10, 0x00, 0x10, 0x10, 0x20, 0x42, 0x42, 0x42, 0x3c, 0x00, 0x00, 0x00, 0x00}},
    {0x00c0, {0x10, 0x08, 0x00, 0x3c, 0x42, 0x42, 0x42, 0x7e, 0x42, 0x42, 0x42, 0x42, 0x00, 0x00, 0x00, 0x00}},
    {0x00c1, {0x08, 0x10, 0x00, 0x3c, 0x42, 0x42, 0x42, 0x7e, 0x42, 0x42, 0x42, 0x42, 0x00, 0x00, 0x00, 0x00}},
    {0x00c2, {0x18, 0x24, 0x00, 0x3c, 0x42, 0x42, 0x42, 0x7e, 0x42, 0x42, 0x42, 0x42, 0x00, 0x00, 0x00, 0x00}},
    {0x00c3, {0x32, 0x4c, 0x00, 0x3c, 0x42, 0x42, 0x42, 0x7e, 0x42, 0x42, 0x42, 0x42, 0x00, 0x00, 0x00, 0x00}},
    {0x00c4, {0x24, 0x24, 0x00, 0x3c, 0x42, 0x42, 0x42, 0x7e, 0x42, 0x42, 0x42, 0x42, 0x00, 0x00, 0x00, 0x00}},
    {0x00c5, {0x18, 0x24, 0x18, 0x3c, 0x42, 0x42, 0x42, 0x7e, 0x42, 0x42, 0x42, 0x42, 0x00, 0x00, 0x00, 0x00}},
    {0x00c6, {0x00, 0x00, 0x7e, 0x90, 0x90, 0x90, 0xfc, 0x90, 0x90, 0x90, 0x90, 0x9e, 0x00, 0x00, 0x00, 0x00}},
    {0x00c7, {0x00, 0x00, 0x3c, 0x42, 0x42, 0x40, 0x40, 0x40, 0x40, 0x42, 0x42, 0x3c, 0x10, 0x10, 0x20, 0x00}},
    {0x00c8, {0x10, 0x08, 0x00, 0x7e, 0x40, 0x40, 0x40, 0x78, 0x40, 0x40, 0x40, 0x7e, 0x00, 0x00, 0x00, 0x00}},
    {0x00c9, {0x08, 0x10, 0x00, 0x7e, 0x40, 0x40, 0x40, 0x78, 0x40, 0x40, 0x40, 0x7e, 0x00, 0x00, 0x00, 0x00}},
    {0x00ca, {0x18, 0x24, 0x00, 0x7e, 0x40, 0x40, 0x40, 0x78, 0x40, 0x40, 0x40, 0x7e, 0x00, 0x00, 0x00, 0x00}},
    {0x00cb, {0x24, 0x24, 0x00, 0x7e, 0x40, 0x40, 0x40, 0x78, 0x40, 0x40, 0x40, 0x7e, 0x00, 0x00, 0x00, 0x00}},
    {0x00cc, {0x20, 0x10, 0x00, 0x38, 0x10, 0x10, 0x10, 0x10, 0x10, 0x10, 0x10, 0x38, 0x00, 0x00, 0x00, 0x00}},
    {0x00cd, {0x08, 0x10, 0x00, 0x38, 0x10, 0x10, 0x10, 0x10, 0x10, 0x10, 0x10, 0x38, 0x00, 0x00, 0x00, 0x00}},
    {0x00ce, {0x18, 0x24, 0x00, 0x38, 0x10, 0x10, 0x10, 0x10, 0x10, 0x10, 0x10, 0x38, 0x00, 0x00, 0x00, 0x00}},
    {0x00cf, {0x44, 0x44, 0x00, 0x38, 0x10, 0x10, 0x10, 0x10, 0x10, 0x10, 0x10, 0x38, 0x00, 0x00, 0x00, 0x00}},
    {0x00d0, {0x00, 0x00, 0x78, 0x44, 0x42, 0x42, 0xf2, 0x42, 0x42, 0x42, 0x44, 0x78, 0x00, 0x00, 0x00, 0x00}},
    {0x00d1, {0x32, 0x4c, 0x00, 0x42, 0x42, 0x62, 0x52, 0x4a, 0x46, 0x42, 0x42, 0x42, 0x00, 0x00, 0x00, 0x00}},
    {0x00d2, {0x10, 0x08, 0x00, 0x3c, 0x42, 0x42, 0x42, 0x42, 0x42, 0x42, 0x42, 0x3c, 0x00, 0x00, 0x00, 0x00}},
    {0x00d3, {0x08, 0x10, 0x00, 0x3c, 0x42, 0x42, 0x42, 0x42, 0x42, 0x42, 0x42, 0x3c, 0x00, 0x00, 0x00, 0x00}},
    {0x00d4, {0x18, 0x24, 0x00, 0x3c, 0x42, 0x42, 0x42, 0x42, 0x42, 0x42, 0x42, 0x3c, 0x00, 0x00, 0x00, 0x00}},
    {0x00d5, {0x32, 0x4c, 0x00, 0x3c, 0x42, 0x42, 0x42, 0x42, 0x42, 0x42, 0x42, 0x3c, 0x00, 0x00, 0x00, 0x00}},
    {0x00d6, {0x24, 0x24, 0x00, 0x3c, 0x42, 0x42, 0x42, 0x42, 0x42, 0x42, 0x42, 0x3c, 0x00, 0x00, 0x00, 0x00}},
    {0x00d7, {0x00, 0x00, 0x00, 0x00, 0x00, 0x42, 0x24, 0x18, 0x18, 0x24, 0x42, 0x00, 0x00, 0x00, 0x00, 0x00}},
    {0x00d8, {0x00, 0x00, 0x3c, 0x43, 0x42, 0x46, 0x4a, 0x52, 0x62, 0x42, 0xc2, 0x3c, 0x00, 0x00, 0x00, 0x00}},
    {0x00d9, {0x10, 0x08, 0x42, 0x42, 0x42, 0x42, 0x42, 0x42, 0x42, 0x42, 0x42, 0x3c, 0x00, 0x00, 0x00, 0x00}},
    {0x00da, {0x08, 0x10, 0x42, 0x42, 0x42, 0x42, 0x42, 0x42, 0x42, 0x42, 0x42, 0x3c, 0x00, 0x00, 0x00, 0x00}},
    {0x00db, {0x18, 0x24, 0x00, 0x42, 0x42, 0x42, 0x42, 0x42, 0x42, 0x42, 0x42, 0x3c, 0x00, 0x00, 0x00, 0x00}},
    {0x00dc, {0x24, 0x24, 0x00, 0x42, 0x42, 0x42, 0x42, 0x42, 0x42, 0x42, 0x42, 0x3c, 0x00, 0x00, 0x00, 0x00}},
    {0x00dd, {0x08, 0x10, 0x82, 0x82, 0x44, 0x44, 0x28, 0x10, 0x10, 0x10, 0x10, 0x10, 0x00, 0x00, 0x00, 0x00}},
    {0x00de, {0x00, 0x00, 0x40, 0x40, 0x7c, 0x42, 0x42, 0x42, 0x42, 0x7c, 0x40, 0x40, 0x00, 0x00, 0x00, 0x00}},
    {0x00df, {0x00, 0x00, 0x38, 0x44, 0x44, 0x48, 0x7c, 0x42, 0x42, 0x42, 0x62, 0x5c, 0x00, 0x00, 0x00, 0x00}},
    {0x00e0, {0x00, 0x00, 0x10, 0x08, 0x00, 0x3c, 0x02, 0x3e, 0x42, 0x42, 0x42, 0x3e, 0x00, 0x00, 0x00, 0x00}},
    {0x00e1, {0x00, 0x00, 0x08, 0x10, 0x00, 0x3c, 0x02, 0x3e, 0x42, 0x42, 0x42, 0x3e, 0x00, 0x00, 0x00, 0x00}},
    {0x00e2, {0x00, 0x00, 0x18, 0x24, 0x00, 0x3c, 0x02, 0x3e, 0x42, 0x42, 0x42, 0x3e, 0x00, 0x00, 0x00, 0x00}},
    {0x00e3, {0x00, 0x00, 0x32, 0x4c, 0x00, 0x3c, 0x02, 0x3e, 0x42, 0x42, 0x42, 0x3e, 0x00, 0x00, 0x00, 0x00}},
    {0x00e4, {0x00, 0x00, 0x24, 0x24, 0x00, 0x3c, 0x02, 0x3e, 0x42, 0x42, 0x42, 0x3e, 0x00, 0x00, 0x00, 0x00}},
    {0x00e5, {0x00, 0x00, 0x18, 0x24, 0x18, 0x3c, 0x02, 0x3e, 0x42, 0x42, 0x42, 0x3e, 0x00, 0x00, 0x00, 0x00}},
    {0x00e6, {0x00, 0x00, 0x00, 0x00, 0x00, 0x6c, 0x12, 0x72, 0x9e, 0x90, 0x90, 0x6c, 0x00, 0x00, 0x00, 0x00}},
    {0x00e7, {0x00, 0x00, 0x00, 0x00, 0x00, 0x3c, 0x42, 0x40, 0x40, 0x40, 0x42, 0x3c, 0x10, 0x10, 0x20, 0x00}},
    {0x00e8, {0x00, 0x00, 0x10, 0x08, 0x00, 0x3c, 0x42, 0x42, 0x7e, 0x40, 0x40, 0x3c, 0x00, 0x00, 0x00, 0x00}},
    {0x00e9, {0x00, 0x00, 0x08, 0x10, 0x00, 0x3c, 0x42, 0x42, 0x7e, 0x40, 0x40, 0x3c, 0x00, 0x00, 0x00, 0x00}},
    {0x00ea, {0x00, 0x00, 0x18, 0x24, 0x00, 0x3c, 0x42, 0x42, 0x7e, 0x40, 0x40, 0x3c, 0x00, 0x00, 0x00, 0x00}},
    {0x00eb, {0x00, 0x00, 0x24, 0x24, 0x00, 0x3c, 0x42, 0x42, 0x7e, 0x40, 0x40, 0x3c, 0x00, 0x00, 0x00, 0x00}},
    {0x00ec, {0x00, 0x00, 0x20, 0x10, 0x00, 0x30, 0x10, 0x10, 0x10, 0x10, 0x10, 0x38, 0x00, 0x00, 0x00, 0x00}},
    {0x00ed, {0x00, 0x00, 0x08, 0x10, 0x00, 0x30, 0x10, 0x10, 0x10, 0x10, 0x10, 0x38, 0x00, 0x00, 0x00, 0x00}},
    {0x00ee, {0x00, 0x00, 0x30, 0x48, 0x00, 0x30, 0x10, 0x10, 0x10, 0x10, 0x10, 0x38, 0x00, 0x00, 0x00, 0x00}},
    {0x00ef, {0x00, 0x00, 0x48, 0x48, 0x00, 0x30, 0x10, 0x10, 0x10, 0x10, 0x10, 0x38, 0x00, 0x00, 0x00, 0x00}},
    {0x00f0, {0x00, 0x00, 0x28, 0x10, 0x28, 0x3c, 0x42, 0x42, 0x42, 0x42, 0x42, 0x3c, 0x00, 0x00, 0x00, 0x00}},
    {0x00f1, {0x00, 0x00, 0x32, 0x4c, 0x00, 0x7c, 0x42, 0x42, 0x42, 0x42, 0x42, 0x42, 0x00, 0x00, 0x00, 0x00}},
    {0x00f2, {0x00, 0x00, 0x10, 0x08, 0x00, 0x3c, 0x42, 0x42, 0x42, 0x42, 0x42, 0x3c, 0x00, 0x00, 0x00, 0x00}},
    {0x00f3, {0x00, 0x00, 0x08, 0x10, 0x00, 0x3c, 0x42, 0x42, 0x42, 0x42, 0x42, 0x3c, 0x00, 0x00, 0x00, 0x00}},
    {0x00f4, {0x00, 0x00, 0x18, 0x24, 0x00, 0x3c, 0x42, 0x42, 0x42, 0x42, 0x42, 0x3c, 0x00, 0x00, 0x00, 0x00}},
    {0x00f5, {0x00, 0x00, 0x32, 0x4c, 0x00, 0x3c, 0x42, 0x42, 0x42, 0x42, 0x42, 0x3c, 0x00, 0x00, 0x00, 0x00}},
    {0x00f6, {0x00, 0x00, 0x24, 0x24, 0x00, 0x3c, 0x42, 0x42, 0x42, 0x42, 0x42, 0x3c, 0x00, 0x00, 0x00, 0x00}},
    {0x00f7, {0x00, 0x00, 0x00, 0x00, 0x10, 0x10, 0x00, 0x7c, 0x00, 0x10, 0x10, 0x00, 0x00, 0x00, 0x00, 0x00}},
    {0x00f8, {0x00, 0x00, 0x00, 0x00, 0x02, 0x3c, 0x46, 0x4a, 0x52, 0x62, 0x42, 0xbc, 0x00, 0x00, 0x00, 0x00}},
    {0x00f9, {0x00, 0x00, 0x10, 0x08, 0x00, 0x42, 0x42, 0x42, 0x42, 0x42, 0x42, 0x3e, 0x00, 0x00, 0x00, 0x00}},
    {0x00fa, {0x00, 0x00, 0x08, 0x10, 0x00, 0x42, 0x42, 0x42, 0x42, 0x42, 0x42, 0x3e, 0x00, 0x00, 0x00, 0x00}},
    {0x00fb, {0x00, 0x00, 0x18, 0x24, 0x00, 0x42, 0x42, 0x42, 0x42, 0x42, 0x42, 0x3e, 0x00, 0x00, 0x00, 0x00}},
    {0x00fc, {0x00, 0x00, 0x24, 0x24, 0x00, 0x42, 0x42, 0x42, 0x42, 0x42, 0x42, 0x3e, 0x00, 0x00, 0x00, 0x00}},
    {0x00fd, {0x00, 0x00, 0x08, 0x10, 0x00, 0x42, 0x42, 0x42, 0x42, 0x42, 0x42, 0x3e, 0x02, 0x02, 0x3c, 0x00}},
    {0x00fe, {0x00, 0x00, 0x40, 0x40, 0x40, 0x7c, 0x42, 0x42, 0x42, 0x42, 0x42, 0x7c, 0x40, 0x40, 0x40, 0x00}},
    {0x00ff, {0x00, 0x00, 0x24, 0x24, 0x00, 0x42, 0x42, 0x42, 0x42, 0x42, 0x42, 0x3e, 0x02, 0x02, 0x3c, 0x00}},
    {0x0100, {0x3c, 0x00, 0x3c, 0x42, 0x42, 0x42, 0x42, 0x7e, 0x42, 0x42, 0x42, 0x42, 0x00, 0x00, 0x00, 0x00}},
    {0x0101, {0x00, 0x00, 0x00, 0x3c, 0x00, 0x3c, 0x02, 0x3e, 0x42, 0x42, 0x42, 0x3e, 0x00, 0x00, 0x00, 0x00}},
    {0x0102, {0x24, 0x18, 0x00, 0x3c, 0x42, 0x42, 0x42, 0x7e, 0x42, 0x42, 0x42, 0x42, 0x00, 0x00, 0x00, 0x00}},
    {0x0103, {0x00, 0x00, 0x24, 0x18, 0x00, 0x3c, 0x02, 0x3e, 0x42, 0x42, 0x42, 0x3e, 0x00, 0x00, 0x00, 0x00}},
    {0x0104, {0x00, 0x00, 0x3c, 0x42, 0x42, 0x42, 0x42, 0x7e, 0x42, 0x42, 0x42, 0x42, 0x02, 0x04, 0x03, 0x00}},
    {0x0105, {0x00, 0x00, 0x00, 0x00, 0x00, 0x3c, 0x02, 0x3e, 0x42, 0x42, 0x42, 0x3e, 0x02, 0x04, 0x03, 0x00}},
    {0x0106, {0x08, 0x10, 0x00, 0x3c, 0x42, 0x42, 0x40, 0x40, 0x40, 0x42, 0x42, 0x3c, 0x00, 0x00, 0x00, 0x00}},
    {0x0107, {0x00, 0x00, 0x08, 0x10, 0x00, 0x3c, 0x42, 0x40, 0x40, 0x40, 0x42, 0x3c, 0x00, 0x00, 0x00, 0x00}},
    {0x0108, {0x18, 0x24, 0x00, 0x3c, 0x42, 0x42, 0x40, 0x40, 0x40, 0x42, 0x42, 0x3c, 0x00, 0x00, 0x00, 0x00}},
    {0x0109, {0x00, 0x00, 0x18, 0x24, 0x00, 0x3c, 0x42, 0x40, 0x40, 0x40, 0x42, 0x3c, 0x00, 0x00, 0x00, 0x00}},
    {0x010a, {0x10, 0x10, 0x00, 0x3c, 0x42, 0x42, 0x40, 0x40, 0x40, 0x42, 0x42, 0x3c, 0x00, 0x00, 0x00, 0x00}},
    {0x010b, {0x00, 0x00, 0x10, 0x10, 0x00, 0x3c, 0x42, 0x40, 0x40, 0x40, 0x42, 0x3c, 0x00, 0x00, 0x00, 0x00}},
    {0x010c, {0x24, 0x18, 0x00, 0x3c, 0x42, 0x42, 0x40, 0x40, 0x40, 0x42, 0x42, 0x3c, 0x00, 0x00, 0x00, 0x00}},
    {0x010d, {0x00, 0x00, 0x24, 0x18, 0x00, 0x3c, 0x42, 0x40, 0x40, 0x40, 0x42, 0x3c, 0x00, 0x00, 0x00, 0x00}},
    {0x010e, {0x24, 0x18, 0x00, 0x78, 0x44, 0x42, 0x42, 0x42, 0x42, 0x42, 0x44, 0x78, 0x00, 0x00, 0x00, 0x00}},
    {0x010f, {0x24, 0x18, 0x02, 0x02, 0x02, 0x3e, 0x42, 0x42, 0x42, 0x42, 0x42, 0x3e, 0x00, 0x00, 0x00, 0x00}},
    {0x0110, {0x00, 0x00, 0x78, 0x44, 0x42, 0x42, 0xf2, 0x42, 0x42, 0x42, 0x44, 0x78, 0x00, 0x00, 0x00, 0x00}},
    {0x0111, {0x00, 0x00, 0x02, 0x0f, 0x02, 0x3e, 0x42, 0x42, 0x42, 0x42, 0x42, 0x3e, 0x00, 0x00, 0x00, 0x00}},
    {0x0112, {0x3c, 0x00, 0x7e, 0x40, 0x40, 0x40, 0x78, 0x40, 0x40, 0x40, 0x40, 0x7e, 0x00, 0x00, 0x00, 0x00}},
    {0x0113, {0x00, 0x00, 0x00, 0x3c, 0x00, 0x3c, 0x42, 0x42, 0x7e, 0x40, 0x40, 0x3c, 0x00, 0x00, 0x00, 0x00}},
    {0x0114, {0x24, 0x18, 0x00, 0x7e, 0x40, 0x40, 0x40, 0x78, 0x40, 0x40, 0x40, 0x7e, 0x00, 0x00, 0x00, 0x00}},
    {0x0115, {0x00, 0x00, 0x24, 0x18, 0x00, 0x3c, 0x42, 0x42, 0x7e, 0x40, 0x40, 0x3c, 0x00, 0x00, 0x00, 0x00}},
    {0x0116, {0x10, 0x10, 0x00, 0x7e, 0x40, 0x40, 0x40, 0x78, 0x40, 0x40, 0x40, 0x7e, 0x00, 0x00, 0x00, 0x00}},
    {0x0117, {0x00, 0x00, 0x10, 0x10, 0x00, 0x3c, 0x42, 0x42, 0x7e, 0x40, 0x40, 0x3c, 0x00, 0x00, 0x00, 0x00}},
    {0x0118, {0x00, 0x00, 0x7e, 0x40, 0x40, 0x40, 0x78, 0x40, 0x40, 0x40, 0x40, 0x7e, 0x02, 0x04, 0x03, 0x00}},
    {0x0119, {0x00, 0x00, 0x00, 0x00, 0x00, 0x3c, 0x42, 0x42, 0x7e, 0x40, 0x40, 0x3c, 0x08, 0x10, 0x0c, 0x00}},
    {0x011a, {0x24, 0x18, 0x00, 0x7e, 0x40, 0x40, 0x40, 0x78, 0x40, 0x40, 0x40, 0x7e, 0x00, 0x00, 0x00, 0x00}},
    {0x011b, {0x00, 0x00, 0x24, 0x18, 0x00, 0x3c, 0x42, 0x42, 0x7e, 0x40, 0x40, 0x3c, 0x00, 0x00, 0x00, 0x00}},
    {0x011c, {0x18, 0x24, 0x00, 0x3c, 0x42, 0x40, 0x40, 0x4e, 0x42, 0x42, 0x42, 0x3c, 0x00, 0x00, 0x00, 0x00}},
    {0x011d, {0x00, 0x00, 0x18, 0x24, 0x00, 0x3e, 0x42, 0x42, 0x42, 0x42, 0x42, 0x3e, 0x02, 0x02, 0x3c, 0x00}},
    {0x011e, {0x24, 0x18, 0x00, 0x3c, 0x42, 0x40, 0x40, 0x4e, 0x42, 0x42, 0x42, 0x3c, 0x00, 0x00, 0x00, 0x00}},
    {0x011f, {0x00, 0x00, 0x24, 0x18, 0x00, 0x3e, 0x42, 0x42, 0x42, 0x42, 0x42, 0x3e, 0x02, 0x02, 0x3c, 0x00}},
    {0x0120, {0x10, 0x10, 0x00, 0x3c, 0x42, 0x40, 0x40, 0x4e, 0x42, 0x42, 0x42, 0x3c, 0x00, 0x00, 0x00, 0x00}},
    {0x0121, {0x00, 0x00, 0x08, 0x08, 0x00, 0x3e, 0x42, 0x42, 0x42, 0x42, 0x42, 0x3e, 0x02, 0x02, 0x3c, 0x00}},
    {0x0122, {0x00, 0x00, 0x3c, 0x42, 0x42, 0x40, 0x40, 0x4e, 0x42, 0x42, 0x42, 0x3c, 0x00, 0x10, 0x10, 0x20}},
    {0x0123, {0x00, 0x04, 0x08, 0x08, 0x00, 0x3e, 0x42, 0x42, 0x42, 0x42, 0x42, 0x3e, 0x02, 0x02, 0x3c, 0x00}},
    {0x0124, {0x18, 0x24, 0x00, 0x42, 0x42, 0x42, 0x42, 0x7e, 0x42, 0x42, 0x42, 0x42, 0x00, 0x00, 0x00, 0x00}},
    {0x0125, {0x0c, 0x12, 0x40, 0x40, 0x40, 0x7c, 0x42, 0x42, 0x42, 0x42, 0x42, 0x42, 0x00, 0x00, 0x00, 0x00}},
    {0x0126, {0x00, 0x00, 0x42, 0xff, 0x42, 0x42, 0x7e, 0x42, 0x42, 0x42, 0x42, 0x42, 0x00, 0x00, 0x00, 0x00}},
    {0x0127, {0x00, 0x00, 0x40, 0xf0, 0x40, 0x7c, 0x42, 0x42, 0x42, 0x42, 0x42, 0x42, 0x00, 0x00, 0x00, 0x00}},
    {0x0128, {0x32, 0x4c, 0x00, 0x38, 0x10, 0x10, 0x10, 0x10, 0x10, 0x10, 0x10, 0x38, 0x00, 0x00, 0x00, 0x00}},
    {0x0129, {0x00, 0x00, 0x34, 0x58, 0x00, 0x30, 0x10, 0x10, 0x10, 0x10, 0x10, 0x38, 0x00, 0x00, 0x00, 0x00}},
    {0x012a, {0x7c, 0x00, 0x38, 0x10, 0x10, 0x10, 0x10, 0x10, 0x10, 0x10, 0x10, 0x38, 0x00, 0x00, 0x00, 0x00}},
    {0x012b, {0x00, 0x00, 0x00, 0x78, 0x00, 0x30, 0x10, 0x10, 0x10, 0x10, 0x10, 0x38, 0x00, 0x00, 0x00, 0x00}},
    {0x012c, {0x24, 0x18, 0x00, 0x38, 0x10, 0x10, 0x10, 0x10, 0x10, 0x10, 0x10, 0x38, 0x00, 0x00, 0x00, 0x00}},
    {0x012d, {0x00, 0x00, 0x48, 0x30, 0x00, 0x30, 0x10, 0x10, 0x10, 0x10, 0x10, 0x38, 0x00, 0x00, 0x00, 0x00}},
    {0x012e, {0x00, 0x00, 0x38, 0x10, 0x10, 0x10, 0x10, 0x10, 0x10, 0x10, 0x10, 0x38, 0x10, 0x20, 0x18, 0x00}},
    {0x012f, {0x00, 0x00, 0x10, 0x10, 0x00, 0x30, 0x10, 0x10, 0x10, 0x10, 0x10, 0x38, 0x10, 0x20, 0x18, 0x00}},
    {0x0130, {0x10, 0x10, 0x00, 0x38, 0x10, 0x10, 0x10, 0x10, 0x10, 0x10, 0x10, 0x38, 0x00, 0x00, 0x00, 0x00}},
    {0x0131, {0x00, 0x00, 0x00, 0x00, 0x00, 0x30, 0x10, 0x10, 0x10, 0x10, 0x10, 0x38, 0x00, 0x00, 0x00, 0x00}},
    {0x0132, {0x00, 0x00, 0xe7, 0x42, 0x42, 0x42, 0x42, 0x42, 0x42, 0x52, 0x52, 0xec, 0x00, 0x00, 0x00, 0x00}},
    {0x0133, {0x00, 0x00, 0x42, 0x42, 0x00, 0xc6, 0x42, 0x42, 0x42, 0x42, 0x42, 0xe2, 0x12, 0x12, 0x0c, 0x00}},
    {0x0134, {0x0c, 0x12, 0x00, 0x0e, 0x04, 0x04, 0x04, 0x04, 0x04, 0x44, 0x44, 0x38, 0x00, 0x00, 0x00, 0x00}},
    {0x0135, {0x00, 0x00, 0x0c, 0x12, 0x00, 0x0c, 0x04, 0x04, 0x04, 0x04, 0x04, 0x04, 0x44, 0x44, 0x38, 0x00}},
    {0x0136, {0x00, 0x00, 0x42, 0x44, 0x48, 0x50, 0x60, 0x60, 0x50, 0x48, 0x44, 0x42, 0x00, 0x10, 0x10, 0x20}},
    {0x0137, {0x00, 0x00, 0x40, 0x40, 0x40, 0x42, 0x44, 0x48, 0x70, 0x48, 0x44, 0x42, 0x00, 0x10, 0x10, 0x20}},
    {0x0138, {0x00, 0x00, 0x00, 0x00, 0x00, 0x42, 0x44, 0x48, 0x70, 0x48, 0x44, 0x42, 0x00, 0x00, 0x00, 0x00}},
    {0x0139, {0x20, 0x40, 0x00, 0x40, 0x40, 0x40, 0x40, 0x40, 0x40, 0x40, 0x40, 0x7e, 0x00, 0x00, 0x00, 0x00}},
    {0x013a, {0x08, 0x10, 0x00, 0x30, 0x10, 0x10, 0x10, 0x10, 0x10, 0x10, 0x10, 0x38, 0x00, 0x00, 0x00, 0x00}},
    {0x013b, {0x00, 0x00, 0x40, 0x40, 0x40, 0x40, 0x40, 0x40, 0x40, 0x40, 0x40, 0x7e, 0x00, 0x10, 0x10, 0x20}},
    {0x013c, {0x00, 0x00, 0x30, 0x10, 0x10, 0x10, 0x10, 0x10, 0x10, 0x10, 0x10, 0x38, 0x00, 0x10, 0x10, 0x20}},
    {0x013d, {0x24, 0x18, 0x40, 0x40, 0x40, 0x40, 0x40, 0x40, 0x40, 0x40, 0x40, 0x7e, 0x00, 0x00, 0x00, 0x00}},
    {0x013e, {0x48, 0x30, 0x00, 0x30, 0x10, 0x10, 0x10, 0x10, 0x10, 0x10, 0x10, 0x38, 0x00, 0x00, 0x00, 0x00}},
    {0x013f, {0x00, 0x00, 0x40, 0x40, 0x40, 0x40, 0x44, 0x44, 0x40, 0x40, 0x40, 0x7e, 0x00, 0x00, 0x00, 0x00}},
    {0x0140, {0x00, 0x00, 0x30, 0x10, 0x10, 0x10, 0x11, 0x11, 0x10, 0x10, 0x10, 0x38, 0x00, 0x00, 0x00, 0x00}},
    {0x0141, {0x00, 0x00, 0x40, 0x40, 0x40, 0x40, 0x60, 0xc0, 0x40, 0x40, 0x40, 0x7e, 0x00, 0x00, 0x00, 0x00}},
    {0x0142, {0x00, 0x00, 0x30, 0x10, 0x10, 0x10, 0x18, 0x30, 0x10, 0x10, 0x10, 0x38, 0x00, 0x00, 0x00, 0x00}},
    {0x0143, {0x08, 0x10, 0x42, 0x42, 0x42, 0x62, 0x52, 0x4a, 0x46, 0x42, 0x42, 0x42, 0x00, 0x00, 0x00, 0x00}},
    {0x0144, {0x00, 0x00, 0x08, 0x10, 0x00, 0x7c, 0x42, 0x42, 0x42, 0x42, 0x42, 0x42, 0x00, 0x00, 0x00, 0x00}},
    {0x0145, {0x00, 0x00, 0x42, 0x42, 0x42, 0x62, 0x52, 0x4a, 0x46, 0x42, 0x42, 0x42, 0x00, 0x10, 0x10, 0x20}},
    {0x0146, {0x00, 0x00, 0x00, 0x00, 0x00, 0x7c, 0x42, 0x42, 0x42, 0x42, 0x42, 0x42, 0x00, 0x10, 0x10, 0x20}},
    {0x0147, {0x24, 0x18, 0x42, 0x42, 0x42, 0x62, 0x52, 0x4a, 0x46, 0x42, 0x42, 0x42, 0x00, 0x00, 0x00, 0x00}},
    {0x0148, {0x00, 0x00, 0x24, 0x18, 0x00, 0x7c, 0x42, 0x42, 0x42, 0x42, 0x42, 0x42, 0x00, 0x00, 0x00, 0x00}},
    {0x0149, {0x00, 0x40, 0x40, 0x80, 0x00, 0x7c, 0x42, 0x42, 0x42, 0x42, 0x42, 0x42, 0x00, 0x00, 0x00, 0x00}},
    {0x014a, {0x00, 0x00, 0x42, 0x42, 0x42, 0x62, 0x52, 0x4a, 0x46, 0x42, 0x42, 0x42, 0x02, 0x02, 0x0c, 0x00}},
    {0x014b, {0x00, 0x00, 0x00, 0x00, 0x00, 0x7c, 0x42, 0x42, 0x42, 0x42, 0x42, 0x42, 0x02, 0x02, 0x0c, 0x00}},
    {0x014c, {0x3c, 0x00, 0x3c, 0x42, 0x42, 0x42, 0x42, 0x42, 0x42, 0x42, 0x42, 0x3c, 0x00, 0x00, 0x00, 0x00}},
    {0x014d, {0x00, 0x00, 0x00, 0x3c, 0x00, 0x3c, 0x42, 0x42, 0x42, 0x42, 0x42, 0x3c, 0x00, 0x00, 0x00, 0x00}},
    {0x014e, {0x24, 0x18, 0x00, 0x3c, 0x42, 0x42, 0x42, 0x42, 0x42, 0x42, 0x42, 0x3c, 0x00, 0x00, 0x00, 0x00}},
    {0x014f, {0x00, 0x00, 0x24, 0x18, 0x00, 0x3c, 0x42, 0x42, 0x42, 0x42, 0x42, 0x3c, 0x00, 0x00, 0x00, 0x00}},
    {0x0150, {0x12, 0x24, 0x00, 0x3c, 0x42, 0x42, 0x42, 0x42, 0x42, 0x42, 0x42, 0x3c, 0x00, 0x00, 0x00, 0x00}},
    {0x0151, {0x00, 0x00, 0x12, 0x24, 0x00, 0x3c, 0x42, 0x42, 0x42, 0x42, 0x42, 0x3c, 0x00, 0x00, 0x00, 0x00}},
    {0x0152, {0x00, 0x00, 0x7e, 0x90, 0x90, 0x90, 0x9c, 0x90, 0x90, 0x90, 0x90, 0x7e, 0x00, 0x00, 0x00, 0x00}},
    {0x0153, {0x00, 0x00, 0x00, 0x00, 0x00, 0x7c, 0x92, 0x92, 0x9e, 0x90, 0x90, 0x7c, 0x00, 0x00, 0x00, 0x00}},
    {0x0154, {0x08, 0x10, 0x00, 0x7c, 0x42, 0x42, 0x42, 0x7c, 0x50, 0x48, 0x44, 0x42, 0x00, 0x00, 0x00, 0x00}},
    {0x0155, {0x00, 0x00, 0x08, 0x10, 0x00, 0x5e, 0x60, 0x40, 0x40, 0x40, 0x40, 0x40, 0x00, 0x00, 0x00, 0x00}},
    {0x0156, {0x00, 0x00, 0x7c, 0x42, 0x42, 0x42, 0x42, 0x7c, 0x50, 0x48, 0x44, 0x42, 0x00, 0x10, 0x10, 0x20}},
    {0x0157, {0x00, 0x00, 0x00, 0x00, 0x00, 0x5e, 0x60, 0x40, 0x40, 0x40, 0x40, 0x40, 0x00, 0x40, 0x40, 0x80}},
    {0x0158, {0x24, 0x18, 0x00, 0x7c, 0x42, 0x42, 0x42, 0x7c, 0x50, 0x48, 0x44, 0x42, 0x00, 0x00, 0x00, 0x00}},
    {0x0159, {0x00, 0x00, 0x24, 0x18, 0x00, 0x5e, 0x60, 0x40, 0x40, 0x40, 0x40, 0x40, 0x00, 0x00, 0x00, 0x00}},
    {0x015a, {0x08, 0x10, 0x00, 0x3c, 0x42, 0x40, 0x40, 0x3c, 0x02, 0x02, 0x42, 0x3c, 0x00, 0x00, 0x00, 0x00}},
    {0x015b, {0x00, 0x00, 0x04, 0x08, 0x00, 0x3e, 0x40, 0x40, 0x3c, 0x02, 0x02, 0x7c, 0x00, 0x00, 0x00, 0x00}},
    {0x015c, {0x18, 0x24, 0x00, 0x3c, 0x42, 0x40, 0x40, 0x3c, 0x02, 0x02, 0x42, 0x3c, 0x00, 0x00, 0x00, 0x00}},
    {0x015d, {0x00, 0x00, 0x18, 0x24, 0x00, 0x3e, 0x40, 0x40, 0x3c, 0x02, 0x02, 0x7c, 0x00, 0x00, 0x00, 0x00}},
    {0x015e, {0x00, 0x00, 0x3c, 0x42, 0x40, 0x40, 0x3c, 0x02, 0x02, 0x42, 0x42, 0x3c, 0x10, 0x10, 0x20, 0x00}},
    {0x015f, {0x00, 0x00, 0x00, 0x00, 0x00, 0x3e, 0x40, 0x40, 0x3c, 0x02, 0x02, 0x7c, 0x10, 0x10, 0x20, 0x00}},
    {0x0160, {0x24, 0x18, 0x00, 0x3c, 0x42, 0x40, 0x40, 0x3c, 0x02, 0x02, 0x42, 0x3c, 0x00, 0x00, 0x00, 0x00}},
    {0x0161, {0x00, 0x00, 0x24, 0x18, 0x00, 0x3e, 0x40, 0x40, 0x3c, 0x02, 0x02, 0x7c, 0x00, 0x00, 0x00, 0x00}},
    {0x0162, {0x00, 0x00, 0xfe, 0x10, 0x10, 0x10, 0x10, 0x10, 0x10, 0x10, 0x10, 0x10, 0x08, 0x08, 0x10, 0x00}},
    {0x0163, {0x00, 0x00, 0x10, 0x10, 0x10, 0x7c, 0x10, 0x10, 0x10, 0x10, 0x10, 0x0e, 0x04, 0x04, 0x08, 0x00}},
    {0x0164, {0x24, 0x18, 0x00, 0xfe, 0x10, 0x10, 0x10, 0x10, 0x10, 0x10, 0x10, 0x10, 0x00, 0x00, 0x00, 0x00}},
    {0x0165, {0x24, 0x18, 0x00, 0x10, 0x10, 0x7c, 0x10, 0x10, 0x10, 0x10, 0x10, 0x0e, 0x00, 0x00, 0x00, 0x00}},
    {0x0166, {0x00, 0x00, 0xfe, 0x10, 0x10, 0x10, 0x7c, 0x10, 0x10, 0x10, 0x10, 0x10, 0x00, 0x00, 0x00, 0x00}},
    {0x0167, {0x00, 0x00, 0x10, 0x10, 0x10, 0x7c, 0x10, 0x38, 0x10, 0x10, 0x10, 0x0e, 0x00, 0x00, 0x00, 0x00}},
    {0x0168, {0x32, 0x4c, 0x00, 0x42, 0x42, 0x42, 0x42, 0x42, 0x42, 0x42, 0x42, 0x3c, 0x00, 0x00, 0x00, 0x00}},
    {0x0169, {0x00, 0x00, 0x32, 0x4c, 0x00, 0x42, 0x42, 0x42, 0x42, 0x42, 0x42, 0x3e, 0x00, 0x00, 0x00, 0x00}},
    {0x016a, {0x3c, 0x00, 0x42, 0x42, 0x42, 0x42, 0x42, 0x42, 0x42, 0x42, 0x42, 0x3c, 0x00, 0x00, 0x00, 0x00}},
    {0x016b, {0x00, 0x00, 0x00, 0x3c, 0x00, 0x42, 0x42, 0x42, 0x42, 0x42, 0x42, 0x3e, 0x00, 0x00, 0x00, 0x00}},
    {0x016c, {0x24, 0x18, 0x42, 0x42, 0x42, 0x42, 0x42, 0x42, 0x42, 0x42, 0x42, 0x3c, 0x00, 0x00, 0x00, 0x00}},
    {0x016d, {0x00, 0x00, 0x24, 0x18, 0x00, 0x42, 0x42, 0x42, 0x42, 0x42, 0x42, 0x3e, 0x00, 0x00, 0x00, 0x00}},
    {0x016e, {0x18, 0x24, 0x18, 0x42, 0x42, 0x42, 0x42, 0x42, 0x42, 0x42, 0x42, 0x3c, 0x00, 0x00, 0x00, 0x00}},
    {0x016f, {0x00, 0x00, 0x18, 0x24, 0x18, 0x42, 0x42, 0x42, 0x42, 0x42, 0x42, 0x3e, 0x00, 0x00, 0x00, 0x00}},
    {0x0170, {0x12, 0x24, 0x00, 0x42, 0x42, 0x42, 0x42, 0x42, 0x42, 0x42, 0x42, 0x3c, 0x00, 0x00, 0x00, 0x00}},
    {0x0171, {0x00, 0x00, 0x12, 0x24, 0x00, 0x42, 0x42, 0x42, 0x42, 0x42, 0x42, 0x3e, 0x00, 0x00, 0x00, 0x00}},
    {0x0172, {0x00, 0x00, 0x42, 0x42, 0x42, 0x42, 0x42, 0x42, 0x42, 0x42, 0x42, 0x3c, 0x08, 0x10, 0x0c, 0x00}},
    {0x0173, {0x00, 0x00, 0x00, 0x00, 0x00, 0x42, 0x42, 0x42, 0x42, 0x42, 0x42, 0x3e, 0x02, 0x04, 0x03, 0x00}},
    {0x0174, {0x18, 0x24, 0x00, 0x82, 0x82, 0x82, 0x82, 0x92, 0x92, 0xaa, 0xc6, 0x82, 0x00, 0x00, 0x00, 0x00}},
    {0x0175, {0x00, 0x00, 0x18, 0x24, 0x00, 0x82, 0x82, 0x92, 0x92, 0x92, 0x92, 0x7c, 0x00, 0x00, 0x00, 0x00}},
    {0x0176, {0x18, 0x24, 0x00, 0x82, 0x82, 0x44, 0x44, 0x28, 0x10, 0x10, 0x10, 0x10, 0x00, 0x00, 0x00, 0x00}},
    {0x0177, {0x00, 0x00, 0x18, 0x24, 0x00, 0x42, 0x42, 0x42, 0x42, 0x42, 0x42, 0x3e, 0x02, 0x02, 0x3c, 0x00}},
    {0x0178, {0x44, 0x44, 0x00, 0x82, 0x82, 0x44, 0x44, 0x28, 0x10, 0x10, 0x10, 0x10, 0x00, 0x00, 0x00, 0x00}},
    {0x0179, {0x08, 0x10, 0x00, 0x7e, 0x02, 0x04, 0x08, 0x10, 0x20, 0x40, 0x40, 0x7e, 0x00, 0x00, 0x00, 0x00}},
    {0x017a, {0x00, 0x00, 0x08, 0x10, 0x00, 0x7e, 0x04, 0x08, 0x10, 0x20, 0x40, 0x7e, 0x00, 0x00, 0x00, 0x00}},
    {0x017b, {0x10, 0x10, 0x00, 0x7e, 0x02, 0x04, 0x08, 0x10, 0x20, 0x40, 0x40, 0x7e, 0x00, 0x00, 0x00, 0x00}},
    {0x017c, {0x00, 0x00, 0x10, 0x10, 0x00, 0x7e, 0x04, 0x08, 0x10, 0x20, 0x40, 0x7e, 0x00, 0x00, 0x00, 0x00}},
    {0x017d, {0x24, 0x18, 0x00, 0x7e, 0x02, 0x04, 0x08, 0x10, 0x20, 0x40, 0x40, 0x7e, 0x00, 0x00, 0x00, 0x00}},
    {0x017e, {0x00, 0x00, 0x24, 0x18, 0x00, 0x7e, 0x04, 0x08, 0x10, 0x20, 0x40, 0x7e, 0x00, 0x00, 0x00, 0x00}},
    {0x017f, {0x00, 0x00, 0x0e, 0x10, 0x10, 0x10, 0x10, 0x10, 0x10, 0x10, 0x10, 0x10, 0x00, 0x00, 0x00, 0x00}},
    {0x0192, {0x00, 0x00, 0x0c, 0x12, 0x10, 0x10, 0x7c, 0x10, 0x10, 0x10, 0x10, 0x10, 0x10, 0x90, 0x60, 0x00}},
    {0x01cd, {0x24, 0x18, 0x00, 0x3c, 0x42, 0x42, 0x42, 0x7e, 0x42, 0x42, 0x42, 0x42, 0x00, 0x00, 0x00, 0x00}},
    {0x01ce, {0x00, 0x00, 0x24, 0x18, 0x00, 0x3c, 0x02, 0x3e, 0x42, 0x42, 0x42, 0x3e, 0x00, 0x00, 0x00, 0x00}},
    {0x01cf, {0x24, 0x18, 0x00, 0x38, 0x10, 0x10, 0x10, 0x10, 0x10, 0x10, 0x10, 0x38, 0x00, 0x00, 0x00, 0x00}},
    {0x01d0, {0x00, 0x00, 0x48, 0x30, 0x00, 0x30, 0x10, 0x10, 0x10, 0x10, 0x10, 0x38, 0x00, 0x00, 0x00, 0x00}},
    {0x01d1, {0x24, 0x18, 0x00, 0x3c, 0x42, 0x42, 0x42, 0x42, 0x42, 0x42, 0x42, 0x3c, 0x00, 0x00, 0x00, 0x00}},
    {0x01d2, {0x00, 0x00, 0x24, 0x18, 0x00, 0x3c, 0x42, 0x42, 0x42, 0x42, 0x42, 0x3c, 0x00, 0x00, 0x00, 0x00}},
    {0x01d3, {0x24, 0x18, 0x42, 0x42, 0x42, 0x42, 0x42, 0x42, 0x42, 0x42, 0x42, 0x3c, 0x00, 0x00, 0x00, 0x00}},
    {0x01d4, {0x00, 0x00, 0x24, 0x18, 0x00, 0x42, 0x42, 0x42, 0x42, 0x42, 0x42, 0x3e, 0x00, 0x00, 0x00, 0x00}},
    {0x01e2, {0x7c, 0x00, 0x7e, 0x90, 0x90, 0x90, 0xfc, 0x90, 0x90, 0x90, 0x90, 0x9e, 0x00, 0x00, 0x00, 0x00}},
    {0x01e3, {0x00, 0x00, 0x00, 0x7c, 0x00, 0x6c, 0x12, 0x72, 0x9e, 0x90, 0x90, 0x6c, 0x00, 0x00, 0x00, 0x00}},
    {0x01e6, {0x24, 0x18, 0x00, 0x3c, 0x42, 0x40, 0x40, 0x4e, 0x42, 0x42, 0x42, 0x3c, 0x00, 0x00, 0x00, 0x00}},
    {0x01e7, {0x00, 0x00, 0x24, 0x18, 0x00, 0x3e, 0x42, 0x42, 0x42, 0x42, 0x42, 0x3e, 0x02, 0x02, 0x3c, 0x00}},
    {0x01e8, {0x24, 0x18, 0x42, 0x44, 0x48, 0x50, 0x60, 0x60, 0x50, 0x48, 0x44, 0x42, 0x00, 0x00, 0x00, 0x00}},
    {0x01e9, {0x24, 0x18, 0x40, 0x40, 0x40, 0x42, 0x44, 0x48, 0x70, 0x48, 0x44, 0x42, 0x00, 0x00, 0x00, 0x00}},
    {0x01ea, {0x00, 0x00, 0x3c, 0x42, 0x42, 0x42, 0x42, 0x42, 0x42, 0x42, 0x42, 0x3c, 0x08, 0x10, 0x0c, 0x00}},
    {0x01eb, {0x00, 0x00, 0x00, 0x00, 0x00, 0x3c, 0x42, 0x42, 0x42, 0x42, 0x42, 0x3c, 0x08, 0x10, 0x0c, 0x00}},
    {0x01ec, {0x3c, 0x00, 0x3c, 0x42, 0x42, 0x42, 0x42, 0x42, 0x42, 0x42, 0x42, 0x3c, 0x08, 0x10, 0x0c, 0x00}},
    {0x01ed, {0x00, 0x00, 0x00, 0x3c, 0x00, 0x3c, 0x42, 0x42, 0x42, 0x42, 0x42, 0x3c, 0x08, 0x10, 0x0c, 0x00}},
    {0x01f0, {0x00, 0x00, 0x12, 0x0c, 0x00, 0x0c, 0x04, 0x04, 0x04, 0x04, 0x04, 0x04, 0x44, 0x44, 0x38, 0x00}},
    {0x01f4, {0x08, 0x10, 0x00, 0x3c, 0x42, 0x40, 0x40, 0x4e, 0x42, 0x42, 0x42, 0x3c, 0x00, 0x00, 0x00, 0x00}},
    {0x01f5, {0x00, 0x00, 0x04, 0x08, 0x00, 0x3e, 0x42, 0x42, 0x42, 0x42, 0x42, 0x3e, 0x02, 0x02, 0x3c, 0x00}},
    {0x01fc, {0x08, 0x10, 0x00, 0x7e, 0x90, 0x90, 0x90, 0xfc, 0x90, 0x90, 0x90, 0x9e, 0x00, 0x00, 0x00, 0x00}},
    {0x01fd, {0x00, 0x00, 0x08, 0x10, 0x00, 0x6c, 0x12, 0x72, 0x9e, 0x90, 0x90, 0x6c, 0x00, 0x00, 0x00, 0x00}},
    {0x01fe, {0x08, 0x10, 0x00, 0x3d, 0x42, 0x46, 0x4a, 0x52, 0x62, 0x42, 0xc2, 0x3c, 0x00, 0x00, 0x00, 0x00}},
    {0x01ff, {0x00, 0x00, 0x08, 0x10, 0x02, 0x3c, 0x46, 0x4a, 0x52, 0x62, 0x42, 0xbc, 0x00, 0x00, 0x00, 0x00}},
    {0x02c7, {0x24, 0x18, 0x00, 0x00, 0x00, 0x00, 0x00, 0x00, 0x00, 0x00, 0x00, 0x00, 0x00, 0x00, 0x00, 0x00}},
    {0x02d8, {0x24, 0x18, 0x00, 0x00, 0x00, 0x00, 0x00, 0x00, 0x00, 0x00, 0x00, 0x00, 0x00, 0x00, 0x00, 0x00}},
    {0x02d9, {0x10, 0x10, 0x00, 0x00, 0x00, 0x00, 0x00, 0x00, 0x00, 0x00, 0x00, 0x00, 0x00, 0x00, 0x00, 0x00}},
    {0x02db, {0x00, 0x00, 0x00, 0x00, 0x00, 0x00, 0x00, 0x00, 0x00, 0x00, 0x00, 0x00, 0x08, 0x10, 0x0c, 0x00}},
    {0x02dc, {0x32, 0x4c, 0x00, 0x00, 0x00, 0x00, 0x00, 0x00, 0x00, 0x00, 0x00, 0x00, 0x00, 0x00, 0x00, 0x00}},
    {0x02dd, {0x12, 0x24, 0x00, 0x00, 0x00, 0x00, 0x00, 0x00, 0x00, 0x00, 0x00, 0x00, 0x00, 0x00, 0x00, 0x00}},
    {0x0306, {0x24, 0x18, 0x00, 0x00, 0x00, 0x00, 0x00, 0x00, 0x00, 0x00, 0x00, 0x00, 0x00, 0x00, 0x00, 0x00}},
    {0x0308, {0x24, 0x24, 0x00, 0x00, 0x00, 0x00, 0x00, 0x00, 0x00, 0x00, 0x00, 0x00, 0x00, 0x00, 0x00, 0x00}},
    {0x0391, {0x00, 0x00, 0x3c, 0x42, 0x42, 0x42, 0x42, 0x7e, 0x42, 0x42, 0x42, 0x42, 0x00, 0x00, 0x00, 0x00}},
    {0x0392, {0x00, 0x00, 0x7c, 0x42, 0x42, 0x42, 0x7c, 0x42, 0x42, 0x42, 0x42, 0x7c, 0x00, 0x00, 0x00, 0x00}},
    {0x0393, {0x00, 0x00, 0x7e, 0x40, 0x40, 0x40, 0x40, 0x40, 0x40, 0x40, 0x40, 0x40, 0x00, 0x00, 0x00, 0x00}},
    {0x0394, {0x00, 0x00, 0x10, 0x10, 0x28, 0x28, 0x44, 0x44, 0x44, 0x82, 0x82, 0xfe, 0x00, 0x00, 0x00, 0x00}},
    {0x0395, {0x00, 0x00, 0x7e, 0x40, 0x40, 0x40, 0x78, 0x40, 0x40, 0x40, 0x40, 0x7e, 0x00, 0x00, 0x00, 0x00}},
    {0x0396, {0x00, 0x00, 0x7e, 0x02, 0x02, 0x04, 0x08, 0x10, 0x20, 0x40, 0x40, 0x7e, 0x00, 0x00, 0x00, 0x00}},
    {0x0397, {0x00, 0x00, 0x42, 0x42, 0x42, 0x42, 0x7e, 0x42, 0x42, 0x42, 0x42, 0x42, 0x00, 0x00, 0x00, 0x00}},
    {0x0398, {0x00, 0x00, 0x3c, 0x42, 0x42, 0x42, 0x5a, 0x42, 0x42, 0x42, 0x42, 0x3c, 0x00, 0x00, 0x00, 0x00}},
    {0x0399, {0x00, 0x00, 0x38, 0x10, 0x10, 0x10, 0x10, 0x10, 0x10, 0x10, 0x10, 0x38, 0x00, 0x00, 0x00, 0x00}},
    {0x039a, {0x00, 0x00, 0x42, 0x44, 0x48, 0x50, 0x60, 0x60, 0x50, 0x48, 0x44, 0x42, 0x00, 0x00, 0x00, 0x00}},
    {0x039b, {0x00, 0x00, 0x10, 0x10, 0x28, 0x28, 0x44, 0x44, 0x44, 0x82, 0x82, 0x82, 0x00, 0x00, 0x00, 0x00}},
    {0x039c, {0x00, 0x00, 0x82, 0xc6, 0xaa, 0x92, 0x92, 0x82, 0x82, 0x82, 0x82, 0x82, 0x00, 0x00, 0x00, 0x00}},
    {0x039d, {0x00, 0x00, 0x42, 0x42, 0x42, 0x62, 0x52, 0x4a, 0x46, 0x42, 0x42, 0x42, 0x00, 0x00, 0x00, 0x00}},
    {0x039f, {0x00, 0x00, 0x3c, 0x42, 0x42, 0x42, 0x42, 0x42, 0x42, 0x42, 0x42, 0x3c, 0x00, 0x00, 0x00, 0x00}},
    {0x03a0, {0x00, 0x00, 0x7e, 0x42, 0x42, 0x42, 0x42, 0x42, 0x42, 0x42, 0x42, 0x42, 0x00, 0x00, 0x00, 0x00}},
    {0x03a1, {0x00, 0x00, 0x7c, 0x42, 0x42, 0x42, 0x42, 0x7c, 0x40, 0x40, 0x40, 0x40, 0x00, 0x00, 0x00, 0x00}},
    {0x03a3, {0x00, 0x00, 0x7e, 0x40, 0x20, 0x10, 0x08, 0x08, 0x10, 0x20, 0x40, 0x7e, 0x00, 0x00, 0x00, 0x00}},
    {0x03a4, {0x00, 0x00, 0xfe, 0x10, 0x10, 0x10, 0x10, 0x10, 0x10, 0x10, 0x10, 0x10, 0x00, 0x00, 0x00, 0x00}},
    {0x03a5, {0x00, 0x00, 0x82, 0x82, 0x44, 0x44, 0x28, 0x10, 0x10, 0x10, 0x10, 0x10, 0x00, 0x00, 0x00, 0x00}},
    {0x03a6, {0x00, 0x00, 0x10, 0x7c, 0x92, 0x92, 0x92, 0x92, 0x92, 0x92, 0x7c, 0x10, 0x00, 0x00, 0x00, 0x00}},
    {0x03a7, {0x00, 0x00, 0x42, 0x42, 0x24, 0x24, 0x18, 0x18, 0x24, 0x24, 0x42, 0x42, 0x00, 0x00, 0x00, 0x00}},
    {0x03a8, {0x00, 0x00, 0x92, 0x92, 0x92, 0x92, 0x92, 0x92, 0x92, 0x7c, 0x10, 0x10, 0x00, 0x00, 0x00, 0x00}},
    {0x03a9, {0x00, 0x00, 0x3c, 0x42, 0x42, 0x42, 0x42, 0x42, 0x42, 0x24, 0x24, 0x66, 0x00, 0x00, 0x00, 0x00}},
    {0x03b1, {0x00, 0x00, 0x00, 0x00, 0x00, 0x3a, 0x46, 0x44, 0x44, 0x44, 0x46, 0x3a, 0x00, 0x00, 0x00, 0x00}},
    {0x03b4, {0x00, 0x00, 0x3e, 0x10, 0x08, 0x3c, 0x42, 0x42, 0x42, 0x42, 0x42, 0x3c, 0x00, 0x00, 0x00, 0x00}},
    {0x03b5, {0x00, 0x00, 0x00, 0x00, 0x00, 0x3c, 0x42, 0x40, 0x38, 0x40, 0x42, 0x3c, 0x00, 0x00, 0x00, 0x00}},
    {0x03ba, {0x00, 0x00, 0x00, 0x00, 0x00, 0x42, 0x44, 0x48, 0x70, 0x48, 0x44, 0x42, 0x00, 0x00, 0x00, 0x00}},
    {0x03bc, {0x00, 0x00, 0x00, 0x00, 0x00, 0x42, 0x42, 0x42, 0x42, 0x42, 0x46, 0x7a, 0x40, 0x40, 0x40, 0x00}},
    {0x03bd, {0x00, 0x00, 0x00, 0x00, 0x00, 0x42, 0x42, 0x42, 0x24, 0x24, 0x18, 0x18, 0x00, 0x00, 0x00, 0x00}},
    {0x03bf, {0x00, 0x00, 0x00, 0x00, 0x00, 0x3c, 0x42, 0x42, 0x42, 0x42, 0x42, 0x3c, 0x00, 0x00, 0x00, 0x00}},
    {0x03c0, {0x00, 0x00, 0x00, 0x00, 0x00, 0x7e, 0x42, 0x42, 0x42, 0x42, 0x42, 0x42, 0x00, 0x00, 0x00, 0x00}},
    {0x03c3, {0x00, 0x00, 0x00, 0x00, 0x00, 0x3e, 0x44, 0x44, 0x44, 0x44, 0x44, 0x38, 0x00, 0x00, 0x00, 0x00}},
    {0x03c4, {0x00, 0x00, 0x00, 0x00, 0x00, 0xfe, 0x10, 0x10, 0x10, 0x10, 0x10, 0x0c, 0x00, 0x00, 0x00, 0x00}},
    {0x03c6, {0x00, 0x00, 0x00, 0x00, 0x00, 0x4c, 0x92, 0x92, 0x92, 0x92, 0x92, 0x7c, 0x10, 0x10, 0x10, 0x00}},
    {0x0401, {0x24, 0x24, 0x00, 0x7e, 0x40, 0x40, 0x40, 0x78, 0x40, 0x40, 0x40, 0x7e, 0x00, 0x00, 0x00, 0x00}},
    {0x0406, {0x00, 0x00, 0x38, 0x10, 0x10, 0x10, 0x10, 0x10, 0x10, 0x10, 0x10, 0x38, 0x00, 0x00, 0x00, 0x00}},
    {0x0407, {0x44, 0x44, 0x00, 0x38, 0x10, 0x10, 0x10, 0x10, 0x10, 0x10, 0x10, 0x38, 0x00, 0x00, 0x00, 0x00}},
    {0x040e, {0x24, 0x18, 0x42, 0x42, 0x42, 0x42, 0x42, 0x3e, 0x02, 0x02, 0x02, 0x3c, 0x00, 0x00, 0x00, 0x00}},
    {0x0410, {0x00, 0x00, 0x3c, 0x42, 0x42, 0x42, 0x42, 0x7e, 0x42, 0x42, 0x42, 0x42, 0x00, 0x00, 0x00, 0x00}},
    {0x0411, {0x00, 0x00, 0x7c, 0x40, 0x40, 0x7c, 0x42, 0x42, 0x42, 0x42, 0x42, 0x7c, 0x00, 0x00, 0x00, 0x00}},
    {0x0412, {0x00, 0x00, 0x7c, 0x42, 0x42, 0x42, 0x7c, 0x42, 0x42, 0x42, 0x42, 0x7c, 0x00, 0x00, 0x00, 0x00}},
    {0x0413, {0x00, 0x00, 0x7e, 0x40, 0x40, 0x40, 0x40, 0x40, 0x40, 0x40, 0x40, 0x40, 0x00, 0x00, 0x00, 0x00}},
    {0x0414, {0x00, 0x00, 0x3c, 0x44, 0x44, 0x44, 0x44, 0x44, 0x44, 0x44, 0x44, 0xfe, 0x82, 0x00, 0x00, 0x00}},
    {0x0415, {0x00, 0x00, 0x7e, 0x40, 0x40, 0x40, 0x78, 0x40, 0x40, 0x40, 0x40, 0x7e, 0x00, 0x00, 0x00, 0x00}},
    {0x0416, {0x00, 0x00, 0x92, 0x92, 0x92, 0x54, 0x38, 0x54, 0x92, 0x92, 0x92, 0x92, 0x00, 0x00, 0x00, 0x00}},
    {0x0417, {0x00, 0x00, 0x3c, 0x42, 0x42, 0x02, 0x1c, 0x02, 0x02, 0x42, 0x42, 0x3c, 0x00, 0x00, 0x00, 0x00}},
    {0x0418, {0x00, 0x00, 0x42, 0x42, 0x42, 0x46, 0x4a, 0x52, 0x62, 0x42, 0x42, 0x42, 0x00, 0x00, 0x00, 0x00}},
    {0x0419, {0x24, 0x18, 0x42, 0x42, 0x42, 0x46, 0x4a, 0x52, 0x62, 0x42, 0x42, 0x42, 0x00, 0x00, 0x00, 0x00}},
    {0x041a, {0x00, 0x00, 0x42, 0x44, 0x48, 0x50, 0x60, 0x60, 0x50, 0x48, 0x44, 0x42, 0x00, 0x00, 0x00, 0x00}},
    {0x041b, {0x00, 0x00, 0x0e, 0x12, 0x22, 0x22, 0x22, 0x22, 0x22, 0x22, 0x22, 0x42, 0x00, 0x00, 0x00, 0x00}},
    {0x041c, {0x00, 0x00, 0x82, 0xc6, 0xaa, 0x92, 0x92, 0x82, 0x82, 0x82, 0x82, 0x82, 0x00, 0x00, 0x00, 0x00}},
    {0x041d, {0x00, 0x00, 0x42, 0x42, 0x42, 0x42, 0x7e, 0x42, 0x42, 0x42, 0x42, 0x42, 0x00, 0x00, 0x00, 0x00}},
    {0x041e, {0x00, 0x00, 0x3c, 0x42, 0x42, 0x42, 0x42, 0x42, 0x42, 0x42, 0x42, 0x3c, 0x00, 0x00, 0x00, 0x00}},
    {0x041f, {0x00, 0x00, 0x7e, 0x42, 0x42, 0x42, 0x42, 0x42, 0x42, 0x42, 0x42, 0x42, 0x00, 0x00, 0x00, 0x00}},
    {0x0420, {0x00, 0x00, 0x7c, 0x42, 0x42, 0x42, 0x42, 0x7c, 0x40, 0x40, 0x40, 0x40, 0x00, 0x00, 0x00, 0x00}},
    {0x0421, {0x00, 0x00, 0x3c, 0x42, 0x42, 0x40, 0x40, 0x40, 0x40, 0x42, 0x42, 0x3c, 0x00, 0x00, 0x00, 0x00}},
    {0x0422, {0x00, 0x00, 0xfe, 0x10, 0x10, 0x10, 0x10, 0x10, 0x10, 0x10, 0x10, 0x10, 0x00, 0x00, 0x00, 0x00}},
    {0x0423, {0x00, 0x00, 0x42, 0x42, 0x42, 0x42, 0x42, 0x3e, 0x02, 0x02, 0x02, 0x3c, 0x00, 0x00, 0x00, 0x00}},
    {0x0424, {0x00, 0x10, 0x7c, 0x92, 0x92, 0x92, 0x92, 0x92, 0x92, 0x92, 0x92, 0x7c, 0x10, 0x00, 0x00, 0x00}},
    {0x0425, {0x00, 0x00, 0x42, 0x42, 0x24, 0x24, 0x18, 0x18, 0x24, 0x24, 0x42, 0x42, 0x00, 0x00, 0x00, 0x00}},
    {0x0426, {0x00, 0x00, 0x42, 0x42, 0x42, 0x42, 0x42, 0x42, 0x42, 0x42, 0x42, 0x3f, 0x01, 0x01, 0x00, 0x00}},
    {0x0427, {0x00, 0x00, 0x42, 0x42, 0x42, 0x42, 0x42, 0x3e, 0x02, 0x02, 0x02, 0x02, 0x00, 0x00, 0x00, 0x00}},
    {0x0428, {0x00, 0x00, 0x92, 0x92, 0x92, 0x92, 0x92, 0x92, 0x92, 0x92, 0x92, 0x7e, 0x00, 0x00, 0x00, 0x00}},
    {0x0429, {0x00, 0x00, 0x92, 0x92, 0x92, 0x92, 0x92, 0x92, 0x92, 0x92, 0x92, 0x7f, 0x01, 0x01, 0x00, 0x00}},
    {0x042a, {0x00, 0x00, 0xc0, 0x40, 0x40, 0x7c, 0x42, 0x42, 0x42, 0x42, 0x42, 0x7c, 0x00, 0x00, 0x00, 0x00}},
    {0x042b, {0x00, 0x00, 0x82, 0x82, 0x82, 0xf2, 0x8a, 0x8a, 0x8a, 0x8a, 0x8a, 0xf2, 0x00, 0x00, 0x00, 0x00}},
    {0x042c, {0x00, 0x00, 0x40, 0x40, 0x40, 0x7c, 0x42, 0x42, 0x42, 0x42, 0x42, 0x7c, 0x00, 0x00, 0x00, 0x00}},
    {0x042d, {0x00, 0x00, 0x3c, 0x42, 0x02, 0x02, 0x1e, 0x02, 0x02, 0x02, 0x42, 0x3c, 0x00, 0x00, 0x00, 0x00}},
    {0x042e, {0x00, 0x00, 0x8c, 0x92, 0x92, 0x92, 0x92, 0xf2, 0x92, 0x92, 0x92, 0x8c, 0x00, 0x00, 0x00, 0x00}},
    {0x042f, {0x00, 0x00, 0x3e, 0x42, 0x42, 0x42, 0x42, 0x3e, 0x0a, 0x12, 0x22, 0x42, 0x00, 0x00, 0x00, 0x00}},
    {0x0430, {0x00, 0x00, 0x00, 0x00, 0x00, 0x3c, 0x02, 0x3e, 0x42, 0x42, 0x42, 0x3e, 0x00, 0x00, 0x00, 0x00}},
    {0x0431, {0x00, 0x00, 0x3c, 0x40, 0x40, 0x7c, 0x42, 0x42, 0x42, 0x42, 0x42, 0x7c, 0x00, 0x00, 0x00, 0x00}},
    {0x0432, {0x00, 0x00, 0x38, 0x44, 0x44, 0x48, 0x7c, 0x42, 0x42, 0x42, 0x42, 0x7c, 0x00, 0x00, 0x00, 0x00}},
    {0x0433, {0x00, 0x00, 0x00, 0x00, 0x00, 0x7e, 0x40, 0x40, 0x40, 0x40, 0x40, 0x40, 0x00, 0x00, 0x00, 0x00}},
    {0x0434, {0x00, 0x00, 0x00, 0x00, 0x00, 0x3e, 0x42, 0x42, 0x42, 0x42, 0x42, 0x3e, 0x02, 0x02, 0x3c, 0x00}},
    {0x0435, {0x00, 0x00, 0x00, 0x00, 0x00, 0x3c, 0x42, 0x42, 0x7e, 0x40, 0x40, 0x3c, 0x00, 0x00, 0x00, 0x00}},
    {0x0436, {0x00, 0x00, 0x00, 0x00, 0x00, 0x92, 0x92, 0x54, 0x38, 0x54, 0x92, 0x92, 0x00, 0x00, 0x00, 0x00}},
    {0x0437, {0x00, 0x00, 0x00, 0x00, 0x00, 0x3c, 0x42, 0x02, 0x1c, 0x02, 0x42, 0x3c, 0x00, 0x00, 0x00, 0x00}},
    {0x0438, {0x00, 0x00, 0x00, 0x00, 0x00, 0x42, 0x42, 0x42, 0x42, 0x42, 0x42, 0x3e, 0x00, 0x00, 0x00, 0x00}},
    {0x0439, {0x00, 0x00, 0x24, 0x18, 0x00, 0x42, 0x42, 0x42, 0x42, 0x42, 0x42, 0x3e, 0x00, 0x00, 0x00, 0x00}},
    {0x043a, {0x00, 0x00, 0x00, 0x00, 0x00, 0x42, 0x44, 0x48, 0x70, 0x48, 0x44, 0x42, 0x00, 0x00, 0x00, 0x00}},
    {0x043b, {0x00, 0x00, 0x00, 0x00, 0x00, 0x1e, 0x22, 0x22, 0x22, 0x22, 0x22, 0x42, 0x00, 0x00, 0x00, 0x00}},
    {0x043c, {0x00, 0x00, 0x00, 0x00, 0x00, 0x82, 0xc6, 0xaa, 0x92, 0x82, 0x82, 0x82, 0x00, 0x00, 0x00, 0x00}},
    {0x043d, {0x00, 0x00, 0x00, 0x00, 0x00, 0x42, 0x42, 0x42, 0x7e, 0x42, 0x42, 0x42, 0x00, 0x00, 0x00, 0x00}},
    {0x043e, {0x00, 0x00, 0x00, 0x00, 0x00, 0x3c, 0x42, 0x42, 0x42, 0x42, 0x42, 0x3c, 0x00, 0x00, 0x00, 0x00}},
    {0x043f, {0x00, 0x00, 0x00, 0x00, 0x00, 0x7e, 0x42, 0x42, 0x42, 0x42, 0x42, 0x42, 0x00, 0x00, 0x00, 0x00}},
    {0x0440, {0x00, 0x00, 0x00, 0x00, 0x00, 0x7c, 0x42, 0x42, 0x42, 0x42, 0x42, 0x7c, 0x40, 0x40, 0x40, 0x00}},
    {0x0441, {0x00, 0x00, 0x00, 0x00, 0x00, 0x3c, 0x42, 0x40, 0x40, 0x40, 0x42, 0x3c, 0x00, 0x00, 0x00, 0x00}},
    {0x0442, {0x00, 0x00, 0x00, 0x00, 0x00, 0xfe, 0x10, 0x10, 0x10, 0x10, 0x10, 0x10, 0x00, 0x00, 0x00, 0x00}},
    {0x0443, {0x00, 0x00, 0x00, 0x00, 0x00, 0x42, 0x42, 0x42, 0x42, 0x42, 0x42, 0x3e, 0x02, 0x02, 0x3c, 0x00}},
    {0x0444, {0x00, 0x00, 0x00, 0x00, 0x10, 0x7c, 0x92, 0x92, 0x92, 0x92, 0x92, 0x7c, 0x10, 0x00, 0x00, 0x00}},
    {0x0445, {0x00, 0x00, 0x00, 0x00, 0x00, 0x42, 0x42, 0x24, 0x18, 0x24, 0x42, 0x42, 0x00, 0x00, 0x00, 0x00}},
    {0x0446, {0x00, 0x00, 0x00, 0x00, 0x00, 0x42, 0x42, 0x42, 0x42, 0x42, 0x42, 0x3f, 0x01, 0x01, 0x00, 0x00}},
    {0x0447, {0x00, 0x00, 0x00, 0x00, 0x00, 0x42, 0x42, 0x42, 0x3e, 0x02, 0x02, 0x02, 0x00, 0x00, 0x00, 0x00}},
    {0x0448, {0x00, 0x00, 0x00, 0x00, 0x00, 0x92, 0x92, 0x92, 0x92, 0x92, 0x92, 0x7e, 0x00, 0x00, 0x00, 0x00}},
    {0x0449, {0x00, 0x00, 0x00, 0x00, 0x00, 0x92, 0x92, 0x92, 0x92, 0x92, 0x92, 0x7f, 0x01, 0x01, 0x00, 0x00}},
    {0x044a, {0x00, 0x00, 0x00, 0x00, 0x00, 0x60, 0x20, 0x3c, 0x22, 0x22, 0x22, 0x3c, 0x00, 0x00, 0x00, 0x00}},
    {0x044b, {0x00, 0x00, 0x00, 0x00, 0x00, 0x82, 0x82, 0xf2, 0x8a, 0x8a, 0x8a, 0xf2, 0x00, 0x00, 0x00, 0x00}},
    {0x044c, {0x00, 0x00, 0x00, 0x00, 0x00, 0x40, 0x40, 0x78, 0x44, 0x44, 0x44, 0x78, 0x00, 0x00, 0x00, 0x00}},
    {0x044d, {0x00, 0x00, 0x00, 0x00, 0x00, 0x3c, 0x42, 0x02, 0x1e, 0x02, 0x42, 0x3c, 0x00, 0x00, 0x00, 0x00}},
    {0x044e, {0x00, 0x00, 0x00, 0x00, 0x00, 0x8c, 0x92, 0x92, 0xf2, 0x92, 0x92, 0x8c, 0x00, 0x00, 0x00, 0x00}},
    {0x044f, {0x00, 0x00, 0x00, 0x00, 0x00, 0x3e, 0x42, 0x42, 0x3e, 0x12, 0x22, 0x42, 0x00, 0x00, 0x00, 0x00}},
    {0x0451, {0x00, 0x00, 0x24, 0x24, 0x00, 0x3c, 0x42, 0x42, 0x7e, 0x40, 0x40, 0x3c, 0x00, 0x00, 0x00, 0x00}},
    {0x0456, {0x00, 0x00, 0x10, 0x10, 0x00, 0x30, 0x10, 0x10, 0x10, 0x10, 0x10, 0x38, 0x00, 0x00, 0x00, 0x00}},
    {0x0457, {0x00, 0x00, 0x48, 0x48, 0x00, 0x30, 0x10, 0x10, 0x10, 0x10, 0x10, 0x38, 0x00, 0x00, 0x00, 0x00}},
    {0x045e, {0x00, 0x00, 0x24, 0x18, 0x00, 0x42, 0x42, 0x42, 0x42, 0x42, 0x42, 0x3e, 0x02, 0x02, 0x3c, 0x00}},
    {0x0490, {0x02, 0x02, 0x7e, 0x40, 0x40, 0x40, 0x40, 0x40, 0x40, 0x40, 0x40, 0x40, 0x00, 0x00, 0x00, 0x00}},
    {0x0491, {0x00, 0x00, 0x00, 0x02, 0x02, 0x7e, 0x40, 0x40, 0x40, 0x40, 0x40, 0x40, 0x00, 0x00, 0x00, 0x00}},
    {0x2000, {0x00, 0x00, 0x00, 0x00, 0x00, 0x00, 0x00, 0x00, 0x00, 0x00, 0x00, 0x00, 0x00, 0x00, 0x00, 0x00}},
    {0x2001, {0x00, 0x00, 0x00, 0x00, 0x00, 0x00, 0x00, 0x00, 0x00, 0x00, 0x00, 0x00, 0x00, 0x00, 0x00, 0x00}},
    {0x2002, {0x00, 0x00, 0x00, 0x00, 0x00, 0x00, 0x00, 0x00, 0x00, 0x00, 0x00, 0x00, 0x00, 0x00, 0x00, 0x00}},
    {0x2003, {0x00, 0x00, 0x00, 0x00, 0x00, 0x00, 0x00, 0x00, 0x00, 0x00, 0x00, 0x00, 0x00, 0x00, 0x00, 0x00}},
    {0x2004, {0x00, 0x00, 0x00, 0x00, 0x00, 0x00, 0x00, 0x00, 0x00, 0x00, 0x00, 0x00, 0x00, 0x00, 0x00, 0x00}},
    {0x2005, {0x00, 0x00, 0x00, 0x00, 0x00, 0x00, 0x00, 0x00, 0x00, 0x00, 0x00, 0x00, 0x00, 0x00, 0x00, 0x00}},
    {0x2006, {0x00, 0x00, 0x00, 0x00, 0x00, 0x00, 0x00, 0x00, 0x00, 0x00, 0x00, 0x00, 0x00, 0x00, 0x00, 0x00}},
    {0x2007, {0x00, 0x00, 0x00, 0x00, 0x00, 0x00, 0x00, 0x00, 0x00, 0x00, 0x00, 0x00, 0x00, 0x00, 0x00, 0x00}},
    {0x2008, {0x00, 0x00, 0x00, 0x00, 0x00, 0x00, 0x00, 0x00, 0x00, 0x00, 0x00, 0x00, 0x00, 0x00, 0x00, 0x00}},
    {0x2009, {0x00, 0x00, 0x00, 0x00, 0x00, 0x00, 0x00, 0x00, 0x00, 0x00, 0x00, 0x00, 0x00, 0x00, 0x00, 0x00}},
    {0x200a, {0x00, 0x00, 0x00, 0x00, 0x00, 0x00, 0x00, 0x00, 0x00, 0x00, 0x00, 0x00, 0x00, 0x00, 0x00, 0x00}},
    {0x200b, {0x00, 0x00, 0x00, 0x00, 0x00, 0x00, 0x00, 0x00, 0x00, 0x00, 0x00, 0x00, 0x00, 0x00, 0x00, 0x00}},
    {0x200c, {0x00, 0x00, 0x00, 0x00, 0x00, 0x00, 0x00, 0x00, 0x00, 0x00, 0x00, 0x00, 0x00, 0x00, 0x00, 0x00}},
    {0x200d, {0x00, 0x00, 0x00, 0x00, 0x00, 0x00, 0x00, 0x00, 0x00, 0x00, 0x00, 0x00, 0x00, 0x00, 0x00, 0x00}},
    {0x200e, {0x00, 0x00, 0x00, 0x00, 0x00, 0x00, 0x00, 0x00, 0x00, 0x00, 0x00, 0x00, 0x00, 0x00, 0x00, 0x00}},
    {0x200f, {0x00, 0x00, 0x00, 0x00, 0x00, 0x00, 0x00, 0x00, 0x00, 0x00, 0x00, 0x00, 0x00, 0x00, 0x00, 0x00}},
    {0x2010, {0x00, 0x00, 0x00, 0x00, 0x00, 0x00, 0x00, 0x3c, 0x00, 0x00, 0x00, 0x00, 0x00, 0x00, 0x00, 0x00}},
    {0x2011, {0x00, 0x00, 0x00, 0x00, 0x00, 0x00, 0x00, 0x3c, 0x00, 0x00, 0x00, 0x00, 0x00, 0x00, 0x00, 0x00}},
    {0x2012, {0x00, 0x00, 0x00, 0x00, 0x00, 0x00, 0x00, 0x7e, 0x00, 0x00, 0x00, 0x00, 0x00, 0x00, 0x00, 0x00}},
    {0x2013, {0x00, 0x00, 0x00, 0x00, 0x00, 0x00, 0x00, 0x7e, 0x00, 0x00, 0x00, 0x00, 0x00, 0x00, 0x00, 0x00}},
    {0x2014, {0x00, 0x00, 0x00, 0x00, 0x00, 0x00, 0x00, 0xfe, 0x00, 0x00, 0x00, 0x00, 0x00, 0x00, 0x00, 0x00}},
    {0x2015, {0x00, 0x00, 0x00, 0x00, 0x00, 0x00, 0x00, 0xfe, 0x00, 0x00, 0x00, 0x00, 0x00, 0x00, 0x00, 0x00}},
    {0x2016, {0x00, 0x00, 0x28, 0x28, 0x28, 0x28, 0x28, 0x28, 0x28, 0x28, 0x28, 0x28, 0x00, 0x00, 0x00, 0x00}},
    {0x2017, {0x00, 0x00, 0x00, 0x00, 0x00, 0x00, 0x00, 0x00, 0x00, 0x00, 0x00, 0x00, 0x00, 0x7e, 0x00, 0x7e}},
    {0x2018, {0x00, 0x08, 0x10, 0x10, 0x00, 0x00, 0x00, 0x00, 0x00, 0x00, 0x00, 0x00, 0x00, 0x00, 0x00, 0x00}},
    {0x2019, {0x00, 0x08, 0x08, 0x10, 0x00, 0x00, 0x00, 0x00, 0x00, 0x00, 0x00, 0x00, 0x00, 0x00, 0x00, 0x00}},
    {0x201a, {0x00, 0x00, 0x00, 0x00, 0x00, 0x00, 0x00, 0x00, 0x00, 0x00, 0x08, 0x08, 0x10, 0x00, 0x00, 0x00}},
    {0x201b, {0x00, 0x10, 0x10, 0x08, 0x00, 0x00, 0x00, 0x00, 0x00, 0x00, 0x00, 0x00, 0x00, 0x00, 0x00, 0x00}},
    {0x201c, {0x00, 0x12, 0x24, 0x24, 0x00, 0x00, 0x00, 0x00, 0x00, 0x00, 0x00, 0x00, 0x00, 0x00, 0x00, 0x00}},
    {0x201d, {0x00, 0x12, 0x12, 0x24, 0x00, 0x00, 0x00, 0x00, 0x00, 0x00, 0x00, 0x00, 0x00, 0x00, 0x00, 0x00}},
    {0x201e, {0x00, 0x00, 0x00, 0x00, 0x00, 0x00, 0x00, 0x00, 0x00, 0x00, 0x24, 0x24, 0x48, 0x00, 0x00, 0x00}},
    {0x201f, {0x00, 0x48, 0x48, 0x24, 0x00, 0x00, 0x00, 0x00, 0x00, 0x00, 0x00, 0x00, 0x00, 0x00, 0x00, 0x00}},
    {0x2020, {0x00, 0x00, 0x10, 0x10, 0x7c, 0x10, 0x10, 0x10, 0x10, 0x10, 0x10, 0x10, 0x00, 0x00, 0x00, 0x00}},
    {0x2021, {0x00, 0x00, 0x10, 0x10, 0x7c, 0x10, 0x10, 0x10, 0x10, 0x7c, 0x10, 0x10, 0x00, 0x00, 0x00, 0x00}},
    {0x2022, {0x00, 0x00, 0x00, 0x00, 0x00, 0x00, 0x18, 0x3c, 0x3c, 0x18, 0x00, 0x00, 0x00, 0x00, 0x00, 0x00}},
    {0x2023, {0x00, 0x00, 0x00, 0x00, 0x00, 0x00, 0x20, 0x30, 0x38, 0x3c, 0x38, 0x30, 0x20, 0x00, 0x00, 0x00}},
    {0x2024, {0x00, 0x00, 0x00, 0x00, 0x00, 0x00, 0x00, 0x00, 0x00, 0x00, 0x00, 0x00, 0x18, 0x18, 0x00, 0x00}},
    {0x2025, {0x00, 0x00, 0x00, 0x00, 0x00, 0x00, 0x00, 0x00, 0x00, 0x00, 0x00, 0x00, 0x36, 0x36, 0x00, 0x00}},
    {0x2026, {0x00, 0x00, 0x00, 0x00, 0x00, 0x00, 0x00, 0x00, 0x00, 0x00, 0x92, 0x92, 0x00, 0x00, 0x00, 0x00}},
    {0x2027, {0x00, 0x00, 0x00, 0x00, 0x00, 0x00, 0x00, 0x00, 0x00, 0x18, 0x18, 0x00, 0x00, 0x00, 0x00, 0x00}},
    {0x202f, {0x00, 0x00, 0x00, 0x00, 0x00, 0x00, 0x00, 0x00, 0x00, 0x00, 0x00, 0x00, 0x00, 0x00, 0x00, 0x00}},
    {0x2030, {0x00, 0x00, 0x48, 0xa8, 0x50, 0x10, 0x20, 0x20, 0x40, 0x54, 0xaa, 0x94, 0x00, 0x00, 0x00, 0x00}},
    {0x2031, {0x00, 0x00, 0x00, 0x00, 0x40, 0xa0, 0xa0, 0x4c, 0x30, 0xc0, 0x2a, 0x55, 0x55, 0x2a, 0x00, 0x00}},
    {0x2032, {0x00, 0x10, 0x10, 0x10, 0x10, 0x00, 0x00, 0x00, 0x00, 0x00, 0x00, 0x00, 0x00, 0x00, 0x00, 0x00}},
    {0x2033, {0x00, 0x24, 0x24, 0x24, 0x24, 0x00, 0x00, 0x00, 0x00, 0x00, 0x00, 0x00, 0x00, 0x00, 0x00, 0x00}},
    {0x2034, {0x00, 0x00, 0x00, 0x00, 0x3f, 0x7e, 0x54, 0xa8, 0x00, 0x00, 0x00, 0x00, 0x00, 0x00, 0x00, 0x00}},
    {0x2035, {0x00, 0x00, 0x00, 0x00, 0x30, 0x18, 0x08, 0x04, 0x00, 0x00, 0x00, 0x00, 0x00, 0x00, 0x00, 0x00}},
    {0x2036, {0x00, 0x00, 0x00, 0x00, 0xcc, 0x66, 0x22, 0x11, 0x00, 0x00, 0x00, 0x00, 0x00, 0x00, 0x00, 0x00}},
    {0x2037, {0x00, 0x00, 0x00, 0x00, 0xfc, 0x7e, 0x2a, 0x15, 0x00, 0x00, 0x00, 0x00, 0x00, 0x00, 0x00, 0x00}},
    {0x2038, {0x00, 0x00, 0x00, 0x00, 0x00, 0x00, 0x00, 0x00, 0x00, 0x00, 0x00, 0x00, 0x00, 0x10, 0x28, 0x44}},
    {0x2039, {0x00, 0x00, 0x00, 0x00, 0x00, 0x04, 0x08, 0x10, 0x20, 0x10, 0x08, 0x04, 0x00, 0x00, 0x00, 0x00}},
    {0x203a, {0x00, 0x00, 0x00, 0x00, 0x00, 0x20, 0x10, 0x08, 0x04, 0x08, 0x10, 0x20, 0x00, 0x00, 0x00, 0x00}},
    {0x203b, {0x00, 0x00, 0x00, 0x00, 0x00, 0x49, 0x22, 0x14, 0x49, 0x14, 0x22, 0x49, 0x00, 0x00, 0x00, 0x00}},
    {0x203c, {0x00, 0x00, 0x24, 0x24, 0x24, 0x24, 0x24, 0x24, 0x24, 0x00, 0x24, 0x24, 0x00, 0x00, 0x00, 0x00}},
    {0x203d, {0x00, 0x00, 0x00, 0x00, 0x3c, 0x4a, 0x4a, 0x0a, 0x0c, 0x08, 0x08, 0x00, 0x08, 0x08, 0x00, 0x00}},
    {0x203e, {0x7e, 0x00, 0x00, 0x00, 0x00, 0x00, 0x00, 0x00, 0x00, 0x00, 0x00, 0x00, 0x00, 0x00, 0x00, 0x00}},
    {0x203f, {0x00, 0x00, 0x00, 0x00, 0x00, 0x00, 0x00, 0x00, 0x00, 0x00, 0x00, 0x00, 0x00, 0x00, 0x42, 0x3c}},
    {0x2040, {0x3c, 0x42, 0x00, 0x00, 0x00, 0x00, 0x00, 0x00, 0x00, 0x00, 0x00, 0x00, 0x00, 0x00, 0x00, 0x00}},
    {0x2041, {0x00, 0x00, 0x00, 0x00, 0x00, 0x00, 0x00, 0x00, 0x00, 0x00, 0x02, 0x04, 0x08, 0x10, 0x28, 0x44}},
    {0x2042, {0x00, 0x00, 0x00, 0x00, 0x00, 0x00, 0x08, 0x1c, 0x08, 0x00, 0x22, 0x77, 0x22, 0x00, 0x00, 0x00}},
    {0x2043, {0x00, 0x00, 0x00, 0x00, 0x00, 0x00, 0x00, 0x00, 0x3c, 0x3c, 0x00, 0x00, 0x00, 0x00, 0x00, 0x00}},
    {0x2044, {0x00, 0x00, 0x00, 0x00, 0x02, 0x02, 0x04, 0x08, 0x08, 0x10, 0x10, 0x20, 0x40, 0x40, 0x00, 0x00}},
    {0x2045, {0x00, 0x00, 0x00, 0x0e, 0x08, 0x08, 0x08, 0x08, 0x0e, 0x08, 0x08, 0x08, 0x08, 0x08, 0x0e, 0x00}},
    {0x2046, {0x00, 0x00, 0x00, 0x70, 0x10, 0x10, 0x10, 0x10, 0x70, 0x10, 0x10, 0x10, 0x10, 0x10, 0x70, 0x00}},
    {0x2047, {0x00, 0x00, 0x00, 0xee, 0x11, 0x11, 0x22, 0xcc, 0x88, 0x88, 0x88, 0x00, 0x00, 0x88, 0x00, 0x00}},
    {0x2048, {0x00, 0x00, 0x00, 0x72, 0x0a, 0x0a, 0x12, 0x62, 0x42, 0x42, 0x42, 0x00, 0x00, 0x42, 0x00, 0x00}},
    {0x2049, {0x00, 0x00, 0x00, 0x5c, 0x42, 0x42, 0x44, 0x58, 0x50, 0x50, 0x50, 0x00, 0x00, 0x50, 0x00, 0x00}},
    {0x204a, {0x00, 0x00, 0x00, 0x00, 0x00, 0x00, 0x7e, 0x02, 0x02, 0x02, 0x02, 0x04, 0x04, 0x04, 0x04, 0x04}},
    {0x204b, {0x00, 0x00, 0x00, 0x00, 0xfc, 0x5e, 0x5e, 0x5e, 0x5c, 0x50, 0x50, 0x50, 0x50, 0x50, 0x50, 0x00}},
    {0x204c, {0x00, 0x00, 0x00, 0x00, 0x1e, 0x3a, 0x3a, 0x3a, 0x1e, 0x00, 0x00, 0x00, 0x00, 0x00, 0x00, 0x00}},
    {0x204d, {0x00, 0x00, 0x00, 0x00, 0x78, 0x5c, 0x5c, 0x5c, 0x78, 0x00, 0x00, 0x00, 0x00, 0x00, 0x00, 0x00}},
    {0x204e, {0x00, 0x00, 0x00, 0x00, 0x00, 0x00, 0x00, 0x08, 0x49, 0x2a, 0x1c, 0x2a, 0x49, 0x08, 0x00, 0x00}},
    {0x204f, {0x00, 0x00, 0x00, 0x00, 0x00, 0x00, 0x18, 0x18, 0x00, 0x00, 0x00, 0x18, 0x10, 0x10, 0x08, 0x00}},
    {0x2050, {0x00, 0x00, 0x00, 0x3c, 0x42, 0x42, 0x00, 0x00, 0x00, 0x42, 0x42, 0x3c, 0x00, 0x00, 0x00, 0x00}},
    {0x2051, {0x00, 0x08, 0x49, 0x2a, 0x1c, 0x2a, 0x49, 0x08, 0x00, 0x08, 0x49, 0x2a, 0x1c, 0x2a, 0x49, 0x08}},
    {0x2052, {0x00, 0x00, 0x00, 0x00, 0x62, 0x62, 0x04, 0x08, 0x08, 0x10, 0x10, 0x20, 0x46, 0x46, 0x00, 0x00}},
    {0x2053, {0x00, 0x00, 0x00, 0x00, 0x00, 0x00, 0x00, 0x00, 0x00, 0x71, 0x8e, 0x00, 0x00, 0x00, 0x00, 0x00}},
    {0x2054, {0x00, 0x00, 0x00, 0x00, 0x00, 0x00, 0x00, 0x00, 0x00, 0x00, 0x00, 0x00, 0x00, 0x00, 0x3c, 0x42}},
    {0x2055, {0x00, 0x00, 0x00, 0x00, 0x92, 0x54, 0x38, 0xfe, 0x38, 0x54, 0x92, 0x00, 0x00, 0x00, 0x00, 0x00}},
    {0x2056, {0x00, 0x00, 0x00, 0x00, 0x00, 0x00, 0x06, 0x06, 0x00, 0x60, 0x60, 0x00, 0x06, 0x06, 0x00, 0x00}},
    {0x2058, {0x00, 0x00, 0x00, 0x00, 0x00, 0x00, 0x18, 0x18, 0x00, 0x66, 0x66, 0x00, 0x18, 0x18, 0x00, 0x00}},
    {0x2059, {0x00, 0x00, 0x00, 0x00, 0x00, 0x00, 0x66, 0x66, 0x00, 0x18, 0x18, 0x00, 0x66, 0x66, 0x00, 0x00}},
    {0x205a, {0x00, 0x00, 0x00, 0x00, 0x18, 0x18, 0x00, 0x00, 0x00, 0x00, 0x00, 0x00, 0x18, 0x18, 0x00, 0x00}},
    {0x205b, {0x00, 0x00, 0x00, 0x18, 0x18, 0x00, 0x00, 0x00, 0x66, 0x66, 0x00, 0x00, 0x00, 0x18, 0x18, 0x00}},
    {0x205c, {0x00, 0x00, 0x00, 0x00, 0x00, 0x00, 0x54, 0x10, 0x7c, 0x10, 0x54, 0x00, 0x00, 0x00, 0x00, 0x00}},
    {0x205d, {0x00, 0x00, 0x00, 0x00, 0x18, 0x18, 0x00, 0x00, 0x18, 0x18, 0x00, 0x00, 0x18, 0x18, 0x00, 0x00}},
    {0x205e, {0x00, 0x00, 0x00, 0x00, 0x10, 0x00, 0x00, 0x10, 0x00, 0x00, 0x10, 0x00, 0x00, 0x10, 0x00, 0x00}},
    {0x205f, {0x00, 0x00, 0x00, 0x00, 0x00, 0x00, 0x00, 0x00, 0x00, 0x00, 0x00, 0x00, 0x00, 0x00, 0x00, 0x00}},
    {0x2070, {0x00, 0x18, 0x24, 0x24, 0x24, 0x24, 0x18, 0x00, 0x00, 0x00, 0x00, 0x00, 0x00, 0x00, 0x00, 0x00}},
    {0x2071, {0x10, 0x00, 0x30, 0x10, 0x10, 0x10, 0x38, 0x00, 0x00, 0x00, 0x00, 0x00, 0x00, 0x00, 0x00, 0x00}},
    {0x2074, {0x00, 0x04, 0x0c, 0x14, 0x3e, 0x04, 0x04, 0x00, 0x00, 0x00, 0x00, 0x00, 0x00, 0x00, 0x00, 0x00}},
    {0x2075, {0x00, 0x38, 0x20, 0x38, 0x04, 0x04, 0x38, 0x00, 0x00, 0x00, 0x00, 0x00, 0x00, 0x00, 0x00, 0x00}},
    {0x2076, {0x00, 0x18, 0x20, 0x38, 0x24, 0x24, 0x18, 0x00, 0x00, 0x00, 0x00, 0x00, 0x00, 0x00, 0x00, 0x00}},
    {0x2077, {0x00, 0x3c, 0x04, 0x08, 0x08, 0x10, 0x10, 0x00, 0x00, 0x00, 0x00, 0x00, 0x00, 0x00, 0x00, 0x00}},
    {0x2078, {0x00, 0x18, 0x24, 0x18, 0x24, 0x24, 0x18, 0x00, 0x00, 0x00, 0x00, 0x00, 0x00, 0x00, 0x00, 0x00}},
    {0x2079, {0x00, 0x18, 0x24, 0x24, 0x1c, 0x04, 0x18, 0x00, 0x00, 0x00, 0x00, 0x00, 0x00, 0x00, 0x00, 0x00}},
    {0x207a, {0x00, 0x00, 0x10, 0x10, 0x7c, 0x10, 0x10, 0x00, 0x00, 0x00, 0x00, 0x00, 0x00, 0x00, 0x00, 0x00}},
    {0x207b, {0x00, 0x00, 0x00, 0x00, 0x7c, 0x00, 0x00, 0x00, 0x00, 0x00, 0x00, 0x00, 0x00, 0x00, 0x00, 0x00}},
    {0x207c, {0x00, 0x00, 0x00, 0x7c, 0x00, 0x7c, 0x00, 0x00, 0x00, 0x00, 0x00, 0x00, 0x00, 0x00, 0x00, 0x00}},
    {0x207d, {0x00, 0x08, 0x10, 0x10, 0x10, 0x10, 0x08, 0x00, 0x00, 0x00, 0x00, 0x00, 0x00, 0x00, 0x00, 0x00}},
    {0x207e, {0x00, 0x10, 0x08, 0x08, 0x08, 0x08, 0x10, 0x00, 0x00, 0x00, 0x00, 0x00, 0x00, 0x00, 0x00, 0x00}},
    {0x207f, {0x00, 0x00, 0x38, 0x24, 0x24, 0x24, 0x24, 0x00, 0x00, 0x00, 0x00, 0x00, 0x00, 0x00, 0x00, 0x00}},
    {0x2080, {0x00, 0x00, 0x00, 0x00, 0x00, 0x00, 0x00, 0x18, 0x24, 0x24, 0x24, 0x24, 0x18, 0x00, 0x00, 0x00}},
    {0x2081, {0x00, 0x00, 0x00, 0x00, 0x00, 0x00, 0x00, 0x10, 0x30, 0x10, 0x10, 0x10, 0x38, 0x00, 0x00, 0x00}},
    {0x2082, {0x00, 0x00, 0x00, 0x00, 0x00, 0x00, 0x00, 0x18, 0x24, 0x04, 0x08, 0x10, 0x3c, 0x00, 0x00, 0x00}},
    {0x2083, {0x00, 0x00, 0x00, 0x00, 0x00, 0x00, 0x00, 0x38, 0x04, 0x18, 0x04, 0x04, 0x38, 0x00, 0x00, 0x00}},
    {0x2084, {0x00, 0x00, 0x00, 0x00, 0x00, 0x00, 0x00, 0x04, 0x0c, 0x14, 0x3e, 0x04, 0x04, 0x00, 0x00, 0x00}},
    {0x2085, {0x00, 0x00, 0x00, 0x00, 0x00, 0x00, 0x00, 0x38, 0x20, 0x38, 0x04, 0x04, 0x38, 0x00, 0x00, 0x00}},
    {0x2086, {0x00, 0x00, 0x00, 0x00, 0x00, 0x00, 0x00, 0x18, 0x20, 0x38, 0x24, 0x24, 0x18, 0x00, 0x00, 0x00}},
    {0x2087, {0x00, 0x00, 0x00, 0x00, 0x00, 0x00, 0x00, 0x3c, 0x04, 0x08, 0x08, 0x10, 0x10, 0x00, 0x00, 0x00}},
    {0x2088, {0x00, 0x00, 0x00, 0x00, 0x00, 0x00, 0x00, 0x18, 0x24, 0x18, 0x24, 0x24, 0x18, 0x00, 0x00, 0x00}},
    {0x2089, {0x00, 0x00, 0x00, 0x00, 0x00, 0x00, 0x00, 0x18, 0x24, 0x24, 0x1c, 0x04, 0x18, 0x00, 0x00, 0x00}},
    {0x208a, {0x00, 0x00, 0x00, 0x00, 0x00, 0x00, 0x00, 0x00, 0x10, 0x10, 0x7c, 0x10, 0x10, 0x00, 0x00, 0x00}},
    {0x208b, {0x00, 0x00, 0x00, 0x00, 0x00, 0x00, 0x00, 0x00, 0x00, 0x00, 0x7c, 0x00, 0x00, 0x00, 0x00, 0x00}},
    {0x208c, {0x00, 0x00, 0x00, 0x00, 0x00, 0x00, 0x00, 0x00, 0x00, 0x7c, 0x00, 0x7c, 0x00, 0x00, 0x00, 0x00}},
    {0x208d, {0x00, 0x00, 0x00, 0x00, 0x00, 0x00, 0x00, 0x08, 0x10, 0x10, 0x10, 0x10, 0x08, 0x00, 0x00, 0x00}},
    {0x208e, {0x00, 0x00, 0x00, 0x00, 0x00, 0x00, 0x00, 0x10, 0x08, 0x08, 0x08, 0x08, 0x10, 0x00, 0x00, 0x00}},
    {0x2090, {0x00, 0x00, 0x00, 0x00, 0x00, 0x00, 0x00, 0x00, 0x18, 0x04, 0x1c, 0x24, 0x1c, 0x00, 0x00, 0x00}},
    {0x2091, {0x00, 0x00, 0x00, 0x00, 0x00, 0x00, 0x00, 0x00, 0x18, 0x24, 0x3c, 0x20, 0x1c, 0x00, 0x00, 0x00}},
    {0x2092, {0x00, 0x00, 0x00, 0x00, 0x00, 0x00, 0x00, 0x00, 0x18, 0x24, 0x24, 0x24, 0x18, 0x00, 0x00, 0x00}},
    {0x2093, {0x00, 0x00, 0x00, 0x00, 0x00, 0x00, 0x00, 0x00, 0x44, 0x28, 0x10, 0x28, 0x44, 0x00, 0x00, 0x00}},
    {0x2094, {0x00, 0x00, 0x00, 0x00, 0x00, 0x00, 0x00, 0x00, 0x38, 0x04, 0x3c, 0x24, 0x18, 0x00, 0x00, 0x00}},
    {0x2095, {0x00, 0x00, 0x00, 0x00, 0x00, 0x00, 0x20, 0x20, 0x38, 0x24, 0x24, 0x24, 0x24, 0x00, 0x00, 0x00}},
    {0x2096, {0x00, 0x00, 0x00, 0x00, 0x00, 0x00, 0x20, 0x20, 0x24, 0x28, 0x30, 0x28, 0x24, 0x00, 0x00, 0x00}},
    {0x2097, {0x00, 0x00, 0x00, 0x00, 0x00, 0x00, 0x30, 0x10, 0x10, 0x10, 0x10, 0x10, 0x38, 0x00, 0x00, 0x00}},
    {0x2098, {0x00, 0x00, 0x00, 0x00, 0x00, 0x00, 0x00, 0x00, 0x78, 0x54, 0x54, 0x54, 0x54, 0x00, 0x00, 0x00}},
    {0x2099, {0x00, 0x00, 0x00, 0x00, 0x00, 0x00, 0x00, 0x00, 0x00, 0x00, 0x58, 0x64, 0x44, 0x44, 0x44, 0x00}},
    {0x209a, {0x00, 0x00, 0x00, 0x00, 0x00, 0x00, 0x00, 0x00, 0x38, 0x24, 0x24, 0x24, 0x38, 0x20, 0x20, 0x00}},
    {0x209b, {0x00, 0x00, 0x00, 0x00, 0x00, 0x00, 0x00, 0x00, 0x00, 0x00, 0x3c, 0x40, 0x38, 0x04, 0x78, 0x00}},
    {0x209c, {0x00, 0x00, 0x00, 0x00, 0x00, 0x00, 0x00, 0x00, 0x10, 0x10, 0x7c, 0x10, 0x10, 0x10, 0x0c, 0x00}},
    {0x20a0, {0x00, 0x00, 0x00, 0x00, 0x3c, 0x40, 0x40, 0x5e, 0x50, 0x50, 0x3c, 0x10, 0x10, 0x1e, 0x00, 0x00}},
    {0x20a1, {0x00, 0x00, 0x00, 0x00, 0x0a, 0x3e, 0x4a, 0x54, 0x54, 0x68, 0x68, 0x72, 0x5c, 0x10, 0x00, 0x00}},
    {0x20a2, {0x00, 0x00, 0x00, 0x00, 0x1c, 0x22, 0x42, 0x40, 0x56, 0x58, 0x50, 0x50, 0x32, 0x1c, 0x00, 0x00}},
    {0x20a3, {0x00, 0x00, 0x00, 0x00, 0x3f, 0x20, 0x20, 0x20, 0x3e, 0x20, 0x20, 0xfc, 0x20, 0x20, 0x00, 0x00}},
    {0x20a4, {0x00, 0x00, 0x00, 0x00, 0x0e, 0x10, 0x10, 0x7e, 0x10, 0x7e, 0x10, 0x10, 0x3e, 0x61, 0x00, 0x00}},
    {0x20a5, {0x00, 0x00, 0x00, 0x00, 0x01, 0x01, 0x76, 0x4d, 0x4d, 0x49, 0x49, 0x59, 0x69, 0x69, 0x00, 0x00}},
    {0x20a6, {0x00, 0x00, 0x00, 0x00, 0x22, 0x22, 0x32, 0x7f, 0x2a, 0x7f, 0x26, 0x26, 0x22, 0x22, 0x00, 0x00}},
    {0x20a7, {0x00, 0x00, 0xf0, 0x88, 0x88, 0x88, 0xf4, 0x84, 0x8e, 0x84, 0x84, 0x82, 0x00, 0x00, 0x00, 0x00}},
    {0x20a8, {0x00, 0x00, 0x00, 0x00, 0x70, 0x48, 0x4b, 0x4c, 0x74, 0x54, 0x52, 0x49, 0x49, 0x4e, 0x00, 0x00}},
    {0x20a9, {0x00, 0x00, 0x00, 0x00, 0x22, 0x22, 0x22, 0x22, 0x2a, 0x7f, 0x36, 0x36, 0x22, 0x22, 0x00, 0x00}},
    {0x20aa, {0x00, 0x00, 0xf2, 0x8a, 0x8a, 0xaa, 0xaa, 0xaa, 0xaa, 0xa2, 0xa2, 0xbc, 0x00, 0x00, 0x00, 0x00}},
    {0x20ab, {0x00, 0x00, 0x00, 0x02, 0x0f, 0x02, 0x3a, 0x46, 0x42, 0x42, 0x42, 0x42, 0x46, 0x3a, 0x00, 0x7e}},
    {0x20ac, {0x00, 0x00, 0x00, 0x1c, 0x22, 0x40, 0xf8, 0x40, 0xf8, 0x40, 0x22, 0x1c, 0x00, 0x00, 0x00, 0x00}},
    {0x20ad, {0x00, 0x00, 0x00, 0x00, 0x42, 0x44, 0x48, 0x50, 0x60, 0xfe, 0x50, 0x48, 0x44, 0x42, 0x00, 0x00}},
    {0x20ae, {0x00, 0x00, 0xfe, 0x10, 0x10, 0x1c, 0x70, 0x1c, 0x70, 0x10, 0x10, 0x10, 0x00, 0x00, 0x00, 0x00}},
    {0x20af, {0x00, 0x00, 0x00, 0x00, 0x70, 0x48, 0x48, 0x48, 0x48, 0x4e, 0x4d, 0x4d, 0x4e, 0x74, 0x04, 0x04}},
    {0x20b0, {0x00, 0x00, 0x00, 0x00, 0x38, 0x44, 0x44, 0x44, 0x28, 0x18, 0x54, 0x64, 0x62, 0x42, 0x04, 0x08}},
    {0x20b1, {0x00, 0x00, 0x7c, 0x42, 0xff, 0x42, 0xff, 0x42, 0x7c, 0x40, 0x40, 0x40, 0x40, 0x40, 0x00, 0x00}},
    {0x20b2, {0x00, 0x00, 0x10, 0x10, 0x3c, 0x52, 0x52, 0x50, 0x50, 0x56, 0x52, 0x52, 0x56, 0x3a, 0x10, 0x10}},
    {0x20b3, {0x00, 0x00, 0x00, 0x00, 0x18, 0x24, 0x24, 0xff, 0x42, 0xff, 0x42, 0x42, 0x42, 0x42, 0x00, 0x00}},
    {0x20b4, {0x00, 0x00, 0x00, 0x00, 0x3c, 0x42, 0x02, 0x02, 0xff, 0x30, 0xff, 0x40, 0x42, 0x3c, 0x00, 0x00}},
    {0x20b5, {0x00, 0x00, 0x10, 0x10, 0x3c, 0x52, 0x52, 0x50, 0x50, 0x50, 0x50, 0x52, 0x52, 0x3c, 0x10, 0x10}},
    {0x20b6, {0x00, 0x00, 0x00, 0x00, 0x28, 0x28, 0x28, 0x7e, 0x28, 0x28, 0x28, 0x28, 0x29, 0x26, 0x00, 0x00}},
    {0x20b7, {0x00, 0x00, 0x00, 0x00, 0x3c, 0x42, 0x42, 0x20, 0x18, 0x04, 0x52, 0xaa, 0xaa, 0xfc, 0xa8, 0xa8}},
    {0x20b8, {0x00, 0x00, 0x00, 0x00, 0x00, 0x00, 0xfe, 0x00, 0xfe, 0x10, 0x10, 0x10, 0x10, 0x10, 0x00, 0x00}},
    {0x20ba, {0x00, 0x00, 0x00, 0x20, 0x20, 0x28, 0x30, 0x60, 0xa8, 0x30, 0x62, 0xa2, 0x24, 0x38, 0x00, 0x00}},
    {0x20bb, {0x00, 0x00, 0x00, 0x00, 0x40, 0xa0, 0xfc, 0x22, 0x42, 0x54, 0xe8, 0x40, 0x44, 0x38, 0x00, 0x00}},
    {0x20bc, {0x00, 0x00, 0x00, 0x00, 0x00, 0x00, 0x00, 0x10, 0x10, 0x38, 0x54, 0x54, 0x54, 0x54, 0x00, 0x00}},
    {0x20bd, {0x00, 0x00, 0x00, 0x00, 0x3c, 0x22, 0x22, 0x22, 0x7c, 0x20, 0x7c, 0x20, 0x20, 0x20, 0x00, 0x00}},
    {0x20be, {0x00, 0x00, 0x28, 0x7c, 0xaa, 0xaa, 0xaa, 0x80, 0x80, 0x80, 0x80, 0x40, 0x20, 0xfe, 0x00, 0x00}},
    {0x20bf, {0x00, 0x00, 0x28, 0x28, 0xfc, 0x42, 0x42, 0x42, 0x7c, 0x42, 0x42, 0x42, 0x42, 0xfc, 0x28, 0x28}},
    {0x20c0, {0x00, 0x00, 0x00, 0x00, 0x3c, 0x42, 0x42, 0x40, 0x40, 0x42, 0x42, 0x3c, 0x00, 0x7e, 0x00, 0x00}},
    {0x2100, {0x00, 0x00, 0x00, 0x00, 0x00, 0x30, 0x51, 0x52, 0x34, 0x08, 0x13, 0x24, 0x44, 0x03, 0x00, 0x00}},
    {0x2101, {0x00, 0x00, 0x00, 0x00, 0x00, 0x30, 0x51, 0x52, 0x34, 0x0b, 0x14, 0x22, 0x41, 0x06, 0x00, 0x00}},
    {0x2102, {0x00, 0x00, 0x3c, 0x52, 0x52, 0x50, 0x50, 0x50, 0x50, 0x52, 0x52, 0x3c, 0x00, 0x00, 0x00, 0x00}},
    {0x2103, {0x40, 0xa0, 0xa0, 0x40, 0x3c, 0x42, 0x42, 0x40, 0x40, 0x40, 0x40, 0x42, 0x42, 0x3c, 0x00, 0x00}},
    {0x2104, {0x00, 0x00, 0x00, 0x00, 0x10, 0x10, 0x3c, 0x50, 0x50, 0x50, 0x50, 0x3c, 0x10, 0x1e, 0x00, 0x00}},
    {0x2105, {0x00, 0x00, 0x00, 0x00, 0x00, 0x30, 0x41, 0x42, 0x34, 0x08, 0x16, 0x29, 0x49, 0x06, 0x00, 0x00}},
    {0x2106, {0x00, 0x00, 0x00, 0x00, 0x00, 0x30, 0x41, 0x42, 0x34, 0x08, 0x10, 0x29, 0x49, 0x06, 0x00, 0x00}},
    {0x2107, {0x00, 0x00, 0x00, 0x00, 0x3e, 0x42, 0x40, 0x40, 0x38, 0x40, 0x40, 0x42, 0x42, 0x3c, 0x00, 0x00}},
    {0x2108, {0x00, 0x00, 0x00, 0x00, 0x7c, 0x42, 0x02, 0x12, 0x1e, 0x12, 0x02, 0x02, 0x42, 0x3c, 0x00, 0x00}},
    {0x2109, {0x40, 0xa0, 0xa0, 0x40, 0x7e, 0x40, 0x40, 0x40, 0x7c, 0x40, 0x40, 0x40, 0x40, 0x40, 0x00, 0x00}},
    {0x210c, {0x00, 0x00, 0x18, 0xb6, 0x60, 0x68, 0x74, 0x36, 0x66, 0x66, 0x66, 0x66, 0xe6, 0x06, 0x34, 0x08}},
    {0x210d, {0x00, 0x00, 0x00, 0x00, 0x71, 0x51, 0x51, 0x51, 0x5f, 0x51, 0x51, 0x51, 0x51, 0x71, 0x00, 0x00}},
    {0x210e, {0x00, 0x00, 0x40, 0x40, 0x40, 0x7c, 0x42, 0x42, 0x42, 0x42, 0x42, 0x42, 0x00, 0x00, 0x00, 0x00}},
    {0x210f, {0x00, 0x00, 0x40, 0xf0, 0x40, 0x7c, 0x42, 0x42, 0x42, 0x42, 0x42, 0x42, 0x00, 0x00, 0x00, 0x00}},
    {0x2111, {0x00, 0x00, 0x00, 0x00, 0x39, 0x7f, 0xc6, 0x80, 0x66, 0x08, 0x6c, 0xa6, 0x66, 0x3c, 0x00, 0x00}},
    {0x2113, {0x00, 0x00, 0x00, 0x18, 0x24, 0x24, 0x24, 0x28, 0x30, 0x60, 0x20, 0x20, 0x22, 0x1c, 0x00, 0x00}},
    {0x2114, {0x00, 0x00, 0x00, 0x00, 0x48, 0x48, 0xfe, 0x48, 0x4a, 0x4d, 0x49, 0x49, 0x49, 0x36, 0x00, 0x00}},
    {0x2115, {0x00, 0x00, 0x42, 0x42, 0x62, 0x52, 0x6a, 0x56, 0x4a, 0x46, 0x42, 0x42, 0x00, 0x00, 0x00, 0x00}},
    {0x2116, {0x00, 0x00, 0x96, 0x96, 0x96, 0xd0, 0xf0, 0xf0, 0xb0, 0x96, 0x90, 0x96, 0x00, 0x00, 0x00, 0x00}},
    {0x2117, {0x00, 0x00, 0x00, 0x00, 0x3c, 0x42, 0xb9, 0xa5, 0xa5, 0xb9, 0xa1, 0xa1, 0x42, 0x3c, 0x00, 0x00}},
    {0x2118, {0x00, 0x00, 0x00, 0x00, 0x00, 0x00, 0x20, 0x4c, 0x52, 0x22, 0x22, 0x2a, 0x54, 0x50, 0x50, 0x20}},
    {0x2119, {0x00, 0x00, 0x00, 0x00, 0x7c, 0x52, 0x52, 0x52, 0x52, 0x5c, 0x50, 0x50, 0x50, 0x70, 0x00, 0x00}},
    {0x211a, {0x00, 0x00, 0x3c, 0x52, 0x52, 0x52, 0x52, 0x52, 0x52, 0x52, 0x5a, 0x3c, 0x06, 0x00, 0x00, 0x00}},
    {0x211c, {0x00, 0x00, 0x00, 0x00, 0x44, 0x6e, 0xb2, 0x33, 0x36, 0x3c, 0x36, 0x36, 0xa2, 0xc3, 0x00, 0x00}},
    {0x211d, {0x00, 0x00, 0xf8, 0xa4, 0xa4, 0xa4, 0xa4, 0xb8, 0xa8, 0xb4, 0xaa, 0xe6, 0x00, 0x00, 0x00, 0x00}},
    {0x211e, {0x00, 0x00, 0x00, 0x00, 0x7c, 0x42, 0x42, 0x42, 0x7c, 0x50, 0x4a, 0x44, 0x4a, 0x50, 0x00, 0x00}},
    {0x211f, {0x00, 0x00, 0x38, 0x08, 0x7c, 0x4a, 0x4a, 0x4a, 0x7c, 0x68, 0x58, 0x48, 0x4c, 0x4a, 0x08, 0x00}},
    {0x2120, {0x00, 0x00, 0x00, 0x00, 0x71, 0x9b, 0x55, 0x31, 0xd1, 0x00, 0x00, 0x00, 0x00, 0x00, 0x00, 0x00}},
    {0x2121, {0x00, 0x00, 0x00, 0x00, 0xfe, 0x52, 0x5a, 0x52, 0x5f, 0x00, 0x00, 0x00, 0x00, 0x00, 0x00, 0x00}},
    {0x2122, {0x00, 0x00, 0xfb, 0x55, 0x55, 0x51, 0x00, 0x00, 0x00, 0x00, 0x00, 0x00, 0x00, 0x00, 0x00, 0x00}},
    {0x2123, {0x00, 0x00, 0x30, 0x0c, 0x85, 0x89, 0x4a, 0x52, 0x54, 0x24, 0x28, 0x78, 0x50, 0x80, 0x00, 0x00}},
    {0x2124, {0x00, 0x00, 0x7e, 0x02, 0x06, 0x0a, 0x14, 0x28, 0x50, 0x60, 0x40, 0x7e, 0x00, 0x00, 0x00, 0x00}},
    {0x2125, {0x00, 0x00, 0x00, 0x00, 0x3c, 0x08, 0x10, 0x3e, 0x04, 0x08, 0x18, 0x04, 0x02, 0x42, 0x3c, 0x00}},
    {0x2126, {0x00, 0x00, 0x3c, 0x42, 0x42, 0x42, 0x42, 0x42, 0x42, 0x24, 0x24, 0x66, 0x00, 0x00, 0x00, 0x00}},
    {0x2127, {0x00, 0x00, 0x00, 0x00, 0x77, 0x14, 0x14, 0x22, 0x41, 0x41, 0x41, 0x41, 0x41, 0x3e, 0x00, 0x00}},
    {0x2128, {0x00, 0x00, 0x00, 0x00, 0x3c, 0x46, 0x46, 0x06, 0x08, 0x1e, 0x02, 0x06, 0x66, 0xa6, 0x66, 0x3c}},
    {0x2129, {0x00, 0x00, 0x00, 0x00, 0x00, 0x00, 0x30, 0x08, 0x08, 0x08, 0x08, 0x08, 0x08, 0x0c, 0x00, 0x00}},
    {0x212a, {0x00, 0x00, 0x00, 0x00, 0x42, 0x44, 0x48, 0x50, 0x60, 0x60, 0x50, 0x48, 0x44, 0x42, 0x00, 0x00}},
    {0x212b, {0x18, 0x24, 0x18, 0x00, 0x18, 0x24, 0x24, 0x42, 0x42, 0x7e, 0x42, 0x42, 0x42, 0x42, 0x00, 0x00}},
    {0x212d, {0x00, 0x00, 0x00, 0x00, 0x16, 0x24, 0x68, 0x68, 0x66, 0x66, 0x64, 0x68, 0x22, 0x1c, 0x00, 0x00}},
    {0x212e, {0x00, 0x00, 0x00, 0x00, 0x00, 0x1c, 0x22, 0x63, 0x63, 0x7f, 0x60, 0x60, 0x22, 0x1c, 0x00, 0x00}},
    {0x212f, {0x00, 0x00, 0x00, 0x00, 0x00, 0x00, 0x0c, 0x12, 0x32, 0x64, 0x78, 0x61, 0x66, 0x38, 0x00, 0x00}},
    {0x2132, {0x00, 0x00, 0x00, 0x00, 0x02, 0x02, 0x02, 0x02, 0x02, 0x3e, 0x02, 0x02, 0x02, 0x7e, 0x00, 0x00}},
    {0x2135, {0x00, 0x00, 0x44, 0x44, 0x22, 0x22, 0x34, 0x58, 0x88, 0x88, 0x84, 0x44, 0x00, 0x00, 0x00, 0x00}},
    {0x2136, {0x00, 0x00, 0x00, 0x00, 0x00, 0x10, 0x3e, 0x02, 0x02, 0x02, 0x02, 0x02, 0x3f, 0x7e, 0x00, 0x00}},
    {0x2137, {0x00, 0x00, 0x00, 0x00, 0x00, 0x40, 0x3c, 0x1e, 0x02, 0x02, 0x02, 0x0e, 0x32, 0x32, 0x00, 0x00}},
    {0x2138, {0x00, 0x00, 0x00, 0x00, 0x00, 0x40, 0x3e, 0x1f, 0x02, 0x02, 0x02, 0x02, 0x03, 0x02, 0x00, 0x00}},
    {0x2139, {0x00, 0x00, 0x00, 0x00, 0x18, 0x18, 0x00, 0x38, 0x18, 0x18, 0x18, 0x18, 0x7e, 0x00, 0x00, 0x00}},
    {0x213e, {0x00, 0x00, 0x00, 0x00, 0x7f, 0x55, 0x53, 0x51, 0x50, 0x50, 0x50, 0x50, 0x50, 0x70, 0x00, 0x00}},
    {0x2141, {0x00, 0x00, 0x00, 0x00, 0x5c, 0x62, 0x42, 0x42, 0x72, 0x02, 0x02, 0x02, 0x42, 0x3c, 0x00, 0x00}},
    {0x2142, {0x00, 0x00, 0x00, 0x00, 0x7e, 0x02, 0x02, 0x02, 0x02, 0x02, 0x02, 0x02, 0x02, 0x02, 0x00, 0x00}},
    {0x2143, {0x00, 0x00, 0x00, 0x00, 0x02, 0x02, 0x02, 0x02, 0x02, 0x02, 0x02, 0x02, 0x02, 0x7e, 0x00, 0x00}},
    {0x2144, {0x00, 0x00, 0x00, 0x00, 0x08, 0x08, 0x08, 0x08, 0x08, 0x14, 0x22, 0x22, 0x41, 0x41, 0x00, 0x00}},
    {0x214a, {0x00, 0x00, 0x10, 0x10, 0x7c, 0x52, 0x52, 0x52, 0x52, 0x5c, 0x10, 0x10, 0x10, 0x1e, 0x00, 0x00}},
    {0x214b, {0x00, 0x00, 0x00, 0x00, 0x4e, 0x31, 0x21, 0x51, 0x4a, 0x0c, 0x14, 0x22, 0x22, 0x1c, 0x00, 0x00}},
    {0x214d, {0x00, 0x00, 0x00, 0x00, 0x42, 0xa2, 0xe4, 0xa8, 0x08, 0x13, 0x14, 0x22, 0x41, 0x46, 0x00, 0x00}},
    {0x214e, {0x00, 0x00, 0x00, 0x00, 0x00, 0x00, 0x00, 0x04, 0x04, 0x04, 0x3c, 0x04, 0x04, 0x7c, 0x00, 0x00}},
    {0x2150, {0x00, 0x00, 0x00, 0x00, 0x22, 0x62, 0x24, 0x28, 0x28, 0x1e, 0x12, 0x22, 0x44, 0x44, 0x04, 0x00}},
    {0x2151, {0x00, 0x00, 0x00, 0x00, 0x22, 0x62, 0x24, 0x28, 0x28, 0x1e, 0x1a, 0x2e, 0x42, 0x4c, 0x00, 0x00}},
    {0x2152, {0x00, 0x00, 0x00, 0x00, 0x42, 0xc2, 0x44, 0x48, 0x50, 0x22, 0x55, 0xb5, 0x95, 0x12, 0x00, 0x00}},
    {0x2153, {0x00, 0x00, 0x00, 0x00, 0x22, 0x62, 0x24, 0x28, 0x28, 0x1c, 0x12, 0x24, 0x42, 0x4c, 0x00, 0x00}},
    {0x2154, {0x00, 0x00, 0x00, 0x00, 0x62, 0x12, 0x24, 0x48, 0x78, 0x1c, 0x12, 0x24, 0x42, 0x4c, 0x00, 0x00}},
    {0x2155, {0x00, 0x00, 0x00, 0x00, 0x22, 0x62, 0x24, 0x28, 0x28, 0x1e, 0x18, 0x2c, 0x42, 0x4c, 0x00, 0x00}},
    {0x2156, {0x00, 0x00, 0x00, 0x00, 0x62, 0x12, 0x24, 0x48, 0x78, 0x1e, 0x18, 0x2c, 0x42, 0x4c, 0x00, 0x00}},
    {0x2157, {0x00, 0x00, 0x00, 0x00, 0x62, 0x12, 0x24, 0x18, 0x68, 0x1e, 0x18, 0x2c, 0x42, 0x4c, 0x00, 0x00}},
    {0x2158, {0x00, 0x00, 0x00, 0x00, 0x22, 0x62, 0xf4, 0x28, 0x28, 0x1e, 0x18, 0x2c, 0x42, 0x4c, 0x00, 0x00}},
    {0x2159, {0x00, 0x00, 0x00, 0x00, 0x22, 0x62, 0x24, 0x28, 0x28, 0x16, 0x18, 0x2e, 0x4a, 0x4e, 0x00, 0x00}},
    {0x215a, {0x00, 0x00, 0x00, 0x00, 0x72, 0x42, 0x64, 0x18, 0x68, 0x16, 0x18, 0x2e, 0x4a, 0x4e, 0x00, 0x00}},
    {0x215b, {0x00, 0x00, 0x00, 0x00, 0x22, 0x62, 0x24, 0x28, 0x28, 0x14, 0x1a, 0x24, 0x4a, 0x4e, 0x00, 0x00}},
    {0x215c, {0x00, 0x00, 0x00, 0x00, 0x62, 0x12, 0x24, 0x18, 0x68, 0x14, 0x1a, 0x24, 0x4a, 0x4e, 0x00, 0x00}},
    {0x215d, {0x00, 0x00, 0x00, 0x00, 0x72, 0x42, 0x64, 0x18, 0x68, 0x14, 0x1a, 0x24, 0x4a, 0x4e, 0x00, 0x00}},
    {0x215e, {0x00, 0x00, 0x00, 0x00, 0x72, 0x12, 0x24, 0x48, 0x48, 0x14, 0x1a, 0x24, 0x4a, 0x4e, 0x00, 0x00}},
    {0x215f, {0x00, 0x00, 0x00, 0x00, 0x22, 0x62, 0x24, 0x28, 0x28, 0x10, 0x10, 0x20, 0x40, 0x40, 0x00, 0x00}},
    {0x2160, {0x00, 0x00, 0x00, 0x00, 0x1c, 0x08, 0x08, 0x08, 0x08, 0x08, 0x08, 0x08, 0x08, 0x1c, 0x00, 0x00}},
    {0x2161, {0x00, 0x00, 0x00, 0x00, 0x7e, 0x24, 0x24, 0x24, 0x24, 0x24, 0x24, 0x24, 0x24, 0x7e, 0x00, 0x00}},
    {0x2162, {0x00, 0x00, 0x00, 0x00, 0x7f, 0x2a, 0x2a, 0x2a, 0x2a, 0x2a, 0x2a, 0x2a, 0x2a, 0x7f, 0x00, 0x00}},
    {0x2163, {0x00, 0x00, 0x00, 0x00, 0x7f, 0x29, 0x29, 0x29, 0x29, 0x29, 0x26, 0x26, 0x26, 0x7f, 0x00, 0x00}},
    {0x2164, {0x00, 0x00, 0x00, 0x00, 0x7f, 0x22, 0x22, 0x22, 0x14, 0x14, 0x14, 0x08, 0x08, 0x3e, 0x00, 0x00}},
    {0x2165, {0x00, 0x00, 0x00, 0x00, 0xff, 0x4a, 0x4a, 0x4a, 0x4a, 0x4a, 0x32, 0x32, 0x32, 0x7f, 0x00, 0x00}},
    {0x2166, {0x00, 0x00, 0x00, 0x00, 0xff, 0x55, 0x55, 0x55, 0x55, 0x25, 0x25, 0x25, 0x25, 0x7f, 0x00, 0x00}},
    {0x2167, {0x00, 0x00, 0x00, 0x00, 0xff, 0xb5, 0xb5, 0xb5, 0xb5, 0x55, 0x55, 0x55, 0x55, 0xff, 0x00, 0x00}},
    {0x2168, {0x00, 0x00, 0x00, 0x00, 0x7f, 0x2a, 0x2a, 0x2a, 0x24, 0x24, 0x2a, 0x2a, 0x2a, 0x7f, 0x00, 0x00}},
    {0x2169, {0x00, 0x00, 0x00, 0x00, 0x7f, 0x22, 0x22, 0x14, 0x08, 0x08, 0x14, 0x22, 0x22, 0x7f, 0x00, 0x00}},
    {0x216a, {0x00, 0x00, 0x00, 0x00, 0x7f, 0x2a, 0x2a, 0x2a, 0x12, 0x12, 0x2a, 0x2a, 0x2a, 0x7f, 0x00, 0x00}},
    {0x216b, {0x00, 0x00, 0x00, 0x00, 0x7f, 0x55, 0x55, 0x55, 0x25, 0x25, 0x55, 0x55, 0x55, 0x7f, 0x00, 0x00}},
    {0x216c, {0x00, 0x00, 0x00, 0x00, 0x70, 0x20, 0x20, 0x20, 0x20, 0x20, 0x20, 0x20, 0x22, 0x7e, 0x00, 0x00}},
    {0x216d, {0x00, 0x00, 0x00, 0x00, 0x1a, 0x26, 0x40, 0x40, 0x40, 0x40, 0x40, 0x40, 0x22, 0x1c, 0x00, 0x00}},
    {0x216e, {0x00, 0x00, 0x00, 0x00, 0x78, 0x24, 0x22, 0x22, 0x22, 0x22, 0x22, 0x22, 0x24, 0x78, 0x00, 0x00}},
    {0x216f, {0x00, 0x00, 0x00, 0x00, 0x63, 0x22, 0x36, 0x36, 0x36, 0x2a, 0x2a, 0x2a, 0x2a, 0x7f, 0x00, 0x00}},
    {0x2170, {0x00, 0x00, 0x00, 0x00, 0x08, 0x08, 0x00, 0x08, 0x18, 0x08, 0x08, 0x08, 0x08, 0x1c, 0x00, 0x00}},
    {0x2171, {0x00, 0x00, 0x00, 0x00, 0x24, 0x24, 0x00, 0x24, 0x6c, 0x24, 0x24, 0x24, 0x24, 0x7e, 0x00, 0x00}},
    {0x2172, {0x00, 0x00, 0x00, 0x00, 0x2a, 0x2a, 0x00, 0x2a, 0x7e, 0x2a, 0x2a, 0x2a, 0x2a, 0x7f, 0x00, 0x00}},
    {0x2173, {0x00, 0x00, 0x00, 0x00, 0x20, 0x20, 0x00, 0x3b, 0x69, 0x29, 0x29, 0x26, 0x26, 0x7f, 0x00, 0x00}},
    {0x2174, {0x00, 0x00, 0x00, 0x00, 0x00, 0x00, 0x00, 0x77, 0x22, 0x22, 0x22, 0x14, 0x08, 0x3e, 0x00, 0x00}},
    {0x2175, {0x00, 0x00, 0x00, 0x00, 0x02, 0x02, 0x00, 0x5a, 0x4e, 0x4a, 0x4a, 0x32, 0x32, 0x7f, 0x00, 0x00}},
    {0x2176, {0x00, 0x00, 0x00, 0x00, 0x05, 0x05, 0x00, 0x55, 0x5f, 0x55, 0x55, 0x25, 0x25, 0x7f, 0x00, 0x00}},
    {0x2177, {0x00, 0x00, 0x00, 0x00, 0x15, 0x15, 0x00, 0xb5, 0xbf, 0xb5, 0x55, 0x55, 0x55, 0xff, 0x00, 0x00}},
    {0x2178, {0x00, 0x00, 0x00, 0x00, 0x20, 0x20, 0x00, 0x2a, 0x6a, 0x24, 0x24, 0x2a, 0x2a, 0x7f, 0x00, 0x00}},
    {0x2179, {0x00, 0x00, 0x00, 0x00, 0x00, 0x00, 0x00, 0x77, 0x22, 0x14, 0x08, 0x14, 0x22, 0x77, 0x00, 0x00}},
    {0x217a, {0x00, 0x00, 0x00, 0x00, 0x02, 0x02, 0x00, 0x2a, 0x2e, 0x12, 0x12, 0x2a, 0x2a, 0x7f, 0x00, 0x00}},
    {0x217b, {0x00, 0x00, 0x00, 0x00, 0x05, 0x05, 0x00, 0x55, 0x5f, 0x25, 0x25, 0x55, 0x55, 0x7f, 0x00, 0x00}},
    {0x217c, {0x00, 0x00, 0x00, 0x00, 0x08, 0x18, 0x08, 0x08, 0x08, 0x08, 0x08, 0x08, 0x08, 0x1c, 0x00, 0x00}},
    {0x217d, {0x00, 0x00, 0x00, 0x00, 0x00, 0x00, 0x00, 0x1a, 0x26, 0x40, 0x40, 0x40, 0x22, 0x1c, 0x00, 0x00}},
    {0x217e, {0x00, 0x00, 0x00, 0x00, 0x02, 0x06, 0x02, 0x1a, 0x26, 0x42, 0x42, 0x42, 0x26, 0x1b, 0x00, 0x00}},
    {0x217f, {0x00, 0x00, 0x00, 0x00, 0x00, 0x00, 0x74, 0x2a, 0x2a, 0x2a, 0x2a, 0x2a, 0x2a, 0x7f, 0x00, 0x00}},
    {0x2180, {0x00, 0x00, 0x00, 0x00, 0x3e, 0x49, 0x49, 0x49, 0x49, 0x49, 0x49, 0x49, 0x49, 0x3e, 0x00, 0x00}},
    {0x2181, {0x00, 0x00, 0x00, 0x00, 0x78, 0x24, 0x32, 0x2a, 0x2a, 0x2a, 0x2a, 0x32, 0x24, 0x78, 0x00, 0x00}},
    {0x2183, {0x00, 0x00, 0x00, 0x00, 0x3c, 0x42, 0x42, 0x02, 0x02, 0x02, 0x02, 0x42, 0x42, 0x3c, 0x00, 0x00}},
    {0x2184, {0x00, 0x00, 0x00, 0x00, 0x00, 0x00, 0x3c, 0x42, 0x02, 0x02, 0x02, 0x02, 0x42, 0x3c, 0x00, 0x00}},
    {0x2185, {0x00, 0x00, 0x00, 0x00, 0x3a, 0x46, 0x80, 0x80, 0x80, 0x80, 0x80, 0x80, 0x46, 0x3a, 0x02, 0x02}},
    {0x2186, {0x00, 0x00, 0x00, 0x00, 0x10, 0x10, 0x10, 0x10, 0x10, 0x10, 0x92, 0x54, 0x38, 0x10, 0x00, 0x00}},
    {0x2187, {0x00, 0x00, 0x00, 0xf8, 0x46, 0x71, 0x49, 0x65, 0x55, 0x65, 0x49, 0x71, 0x46, 0xf8, 0x00, 0x00}},
    {0x2189, {0x00, 0x00, 0x00, 0x00, 0x22, 0x52, 0x54, 0x58, 0x28, 0x1c, 0x12, 0x24, 0x42, 0x4c, 0x00, 0x00}},
    {0x218a, {0x00, 0x00, 0x00, 0x00, 0x7e, 0x02, 0x02, 0x04, 0x08, 0x30, 0x40, 0x42, 0x42, 0x3c, 0x00, 0x00}},
    {0x218b, {0x00, 0x00, 0x00, 0x00, 0x3c, 0x42, 0x42, 0x40, 0x40, 0x38, 0x40, 0x42, 0x42, 0x3c, 0x00, 0x00}},
    {0x2190, {0x00, 0x00, 0x00, 0x00, 0x00, 0x20, 0x40, 0xfe, 0x40, 0x20, 0x00, 0x00, 0x00, 0x00, 0x00, 0x00}},
    {0x2191, {0x00, 0x00, 0x10, 0x38, 0x54, 0x10, 0x10, 0x10, 0x10, 0x10, 0x10, 0x10, 0x00, 0x00, 0x00, 0x00}},
    {0x2192, {0x00, 0x00, 0x00, 0x00, 0x00, 0x08, 0x04, 0xfe, 0x04, 0x08, 0x00, 0x00, 0x00, 0x00, 0x00, 0x00}},
    {0x2193, {0x00, 0x00, 0x10, 0x10, 0x10, 0x10, 0x10, 0x10, 0x10, 0x54, 0x38, 0x10, 0x00, 0x00, 0x00, 0x00}},
    {0x2194, {0x00, 0x00, 0x00, 0x00, 0x00, 0x24, 0x42, 0xff, 0x42, 0x24, 0x00, 0x00, 0x00, 0x00, 0x00, 0x00}},
    {0x2195, {0x00, 0x00, 0x10, 0x38, 0x54, 0x10, 0x10, 0x10, 0x10, 0x54, 0x38, 0x10, 0x00, 0x00, 0x00, 0x00}},
    {0x2196, {0x00, 0x00, 0x00, 0x00, 0x00, 0x78, 0x60, 0x50, 0x48, 0x04, 0x02, 0x00, 0x00, 0x00, 0x00, 0x00}},
    {0x2197, {0x00, 0x00, 0x00, 0x00, 0x00, 0x1e, 0x06, 0x0a, 0x12, 0x20, 0x40, 0x00, 0x00, 0x00, 0x00, 0x00}},
    {0x2198, {0x00, 0x00, 0x00, 0x00, 0x00, 0x40, 0x20, 0x12, 0x0a, 0x06, 0x1e, 0x00, 0x00, 0x00, 0x00, 0x00}},
    {0x2199, {0x00, 0x00, 0x00, 0x00, 0x00, 0x00, 0x02, 0x04, 0x48, 0x50, 0x60, 0x78, 0x00, 0x00, 0x00, 0x00}},
    {0x219a, {0x00, 0x00, 0x00, 0x00, 0x00, 0x04, 0x04, 0x14, 0x24, 0x7f, 0x24, 0x14, 0x04, 0x04, 0x00, 0x00}},
    {0x219b, {0x00, 0x00, 0x00, 0x00, 0x00, 0x20, 0x20, 0x28, 0x24, 0xfe, 0x24, 0x28, 0x20, 0x20, 0x00, 0x00}},
    {0x219e, {0x00, 0x00, 0x00, 0x00, 0x00, 0x00, 0x00, 0x24, 0x48, 0xff, 0x48, 0x24, 0x00, 0x00, 0x00, 0x00}},
    {0x219f, {0x00, 0x00, 0x08, 0x1c, 0x2a, 0x08, 0x1c, 0x2a, 0x08, 0x08, 0x08, 0x08, 0x08, 0x08, 0x08, 0x08}},
    {0x21a0, {0x00, 0x00, 0x00, 0x00, 0x00, 0x00, 0x00, 0x24, 0x12, 0xff, 0x12, 0x24, 0x00, 0x00, 0x00, 0x00}},
    {0x21a1, {0x08, 0x08, 0x08, 0x08, 0x08, 0x08, 0x08, 0x08, 0x08, 0x2a, 0x1c, 0x08, 0x2a, 0x1c, 0x08, 0x00}},
    {0x21a2, {0x00, 0x00, 0x00, 0x00, 0x00, 0x00, 0x00, 0x11, 0x22, 0x7c, 0x22, 0x11, 0x00, 0x00, 0x00, 0x00}},
    {0x21a3, {0x00, 0x00, 0x00, 0x00, 0x00, 0x00, 0x00, 0x88, 0x44, 0x3e, 0x44, 0x88, 0x00, 0x00, 0x00, 0x00}},
    {0x21a4, {0x00, 0x00, 0x00, 0x00, 0x00, 0x22, 0x42, 0xfe, 0x42, 0x22, 0x00, 0x00, 0x00, 0x00, 0x00, 0x00}},
    {0x21a5, {0x00, 0x00, 0x08, 0x1c, 0x2a, 0x08, 0x08, 0x08, 0x08, 0x08, 0x08, 0x08, 0x08, 0x3e, 0x00, 0x00}},
    {0x21a6, {0x00, 0x00, 0x00, 0x00, 0x00, 0x88, 0x84, 0xfe, 0x84, 0x88, 0x00, 0x00, 0x00, 0x00, 0x00, 0x00}},
    {0x21a7, {0x00, 0x00, 0x3e, 0x08, 0x08, 0x08, 0x08, 0x08, 0x08, 0x08, 0x08, 0x2a, 0x1c, 0x08, 0x00, 0x00}},
    {0x21a8, {0x00, 0x00, 0x10, 0x38, 0x54, 0x10, 0x10, 0x10, 0x54, 0x38, 0x10, 0x7c, 0x00, 0x00, 0x00, 0x00}},
    {0x21a9, {0x00, 0x00, 0x00, 0x00, 0x00, 0x00, 0x02, 0x11, 0x21, 0x7e, 0x20, 0x10, 0x00, 0x00, 0x00, 0x00}},
    {0x21aa, {0x00, 0x00, 0x00, 0x00, 0x00, 0x00, 0x20, 0x44, 0x42, 0x3f, 0x02, 0x04, 0x00, 0x00, 0x00, 0x00}},
    {0x21ab, {0x00, 0x00, 0x00, 0x00, 0x00, 0x00, 0x02, 0x15, 0x25, 0x7e, 0x24, 0x14, 0x00, 0x00, 0x00, 0x00}},
    {0x21ac, {0x00, 0x00, 0x00, 0x00, 0x00, 0x00, 0x20, 0x54, 0x52, 0x3f, 0x12, 0x14, 0x00, 0x00, 0x00, 0x00}},
    {0x21ad, {0x00, 0x00, 0x00, 0x00, 0x00, 0x00, 0x00, 0x24, 0x5a, 0xe7, 0x42, 0x24, 0x00, 0x00, 0x00, 0x00}},
    {0x21ae, {0x00, 0x00, 0x00, 0x00, 0x00, 0x08, 0x08, 0x2c, 0x4a, 0xff, 0x4a, 0x2c, 0x08, 0x08, 0x00, 0x00}},
    {0x21af, {0x00, 0x00, 0x40, 0x40, 0x40, 0x48, 0x58, 0x68, 0x48, 0x08, 0x08, 0x2a, 0x1c, 0x08, 0x00, 0x00}},
    {0x21b0, {0x00, 0x00, 0x00, 0x00, 0x00, 0x00, 0x00, 0x10, 0x20, 0x78, 0x24, 0x14, 0x04, 0x04, 0x04, 0x04}},
    {0x21b1, {0x00, 0x00, 0x00, 0x00, 0x00, 0x00, 0x00, 0x08, 0x04, 0x1e, 0x24, 0x28, 0x20, 0x20, 0x20, 0x20}},
    {0x21b2, {0x00, 0x00, 0x02, 0x02, 0x02, 0x02, 0x02, 0x22, 0x42, 0xfe, 0x40, 0x20, 0x00, 0x00, 0x00, 0x00}},
    {0x21b3, {0x00, 0x00, 0x80, 0x80, 0x80, 0x80, 0x80, 0x88, 0x84, 0xfe, 0x04, 0x08, 0x00, 0x00, 0x00, 0x00}},
    {0x21b4, {0x00, 0x00, 0x00, 0x00, 0x00, 0x00, 0x00, 0x00, 0x00, 0xfc, 0x04, 0x15, 0x0e, 0x04, 0x00, 0x00}},
    {0x21b5, {0x00, 0x00, 0x00, 0x00, 0x02, 0x02, 0x02, 0x22, 0x42, 0xfe, 0x40, 0x20, 0x00, 0x00, 0x00, 0x00}},
    {0x21b6, {0x00, 0x00, 0x00, 0x00, 0x00, 0x00, 0x1e, 0x21, 0xa9, 0x71, 0x20, 0x00, 0x00, 0x00, 0x00, 0x00}},
    {0x21b7, {0x00, 0x00, 0x00, 0x00, 0x00, 0x00, 0x78, 0x84, 0x95, 0x8e, 0x04, 0x00, 0x00, 0x00, 0x00, 0x00}},
    {0x21b8, {0x00, 0x00, 0x00, 0x7e, 0x00, 0x78, 0x60, 0x50, 0x48, 0x04, 0x02, 0x00, 0x00, 0x00, 0x00, 0x00}},
    {0x21b9, {0x00, 0x00, 0x00, 0x50, 0x60, 0x7e, 0x60, 0x50, 0x00, 0x0a, 0x06, 0x7e, 0x06, 0x0a, 0x00, 0x00}},
    {0x21ba, {0x00, 0x00, 0x00, 0x00, 0x00, 0x00, 0x00, 0x2e, 0x4c, 0x4a, 0x42, 0x42, 0x3c, 0x00, 0x00, 0x00}},
    {0x21bb, {0x00, 0x00, 0x00, 0xf0, 0x30, 0x50, 0x92, 0x82, 0x82, 0x44, 0x38, 0x00, 0x00, 0x00, 0x00, 0x00}},
    {0x21bc, {0x00, 0x00, 0x00, 0x00, 0x00, 0x00, 0x00, 0x10, 0x20, 0x7f, 0x00, 0x00, 0x00, 0x00, 0x00, 0x00}},
    {0x21bd, {0x00, 0x00, 0x00, 0x00, 0x00, 0x00, 0x00, 0x00, 0x00, 0x7f, 0x20, 0x10, 0x00, 0x00, 0x00, 0x00}},
    {0x21be, {0x00, 0x00, 0x08, 0x0c, 0x0a, 0x08, 0x08, 0x08, 0x08, 0x08, 0x08, 0x08, 0x08, 0x08, 0x08, 0x08}},
    {0x21bf, {0x00, 0x00, 0x08, 0x18, 0x28, 0x08, 0x08, 0x08, 0x08, 0x08, 0x08, 0x08, 0x08, 0x08, 0x08, 0x08}},
    {0x21c0, {0x00, 0x00, 0x00, 0x00, 0x00, 0x00, 0x00, 0x08, 0x04, 0xfe, 0x00, 0x00, 0x00, 0x00, 0x00, 0x00}},
    {0x21c1, {0x00, 0x00, 0x00, 0x00, 0x00, 0x00, 0x00, 0x00, 0x00, 0xfe, 0x04, 0x08, 0x00, 0x00, 0x00, 0x00}},
    {0x21c2, {0x08, 0x08, 0x08, 0x08, 0x08, 0x08, 0x08, 0x08, 0x08, 0x08, 0x08, 0x0a, 0x0c, 0x08, 0x00, 0x00}},
    {0x21c3, {0x08, 0x08, 0x08, 0x08, 0x08, 0x08, 0x08, 0x08, 0x08, 0x08, 0x08, 0x28, 0x18, 0x08, 0x00, 0x00}},
    {0x21c4, {0x00, 0x00, 0x00, 0x08, 0x04, 0x7e, 0x04, 0x08, 0x00, 0x10, 0x20, 0x7e, 0x20, 0x10, 0x00, 0x00}},
    {0x21c5, {0x00, 0x00, 0x24, 0x74, 0xac, 0x24, 0x24, 0x24, 0x24, 0x24, 0x24, 0x35, 0x2e, 0x24, 0x00, 0x00}},
    {0x21c6, {0x00, 0x00, 0x00, 0x10, 0x20, 0x7e, 0x20, 0x10, 0x00, 0x08, 0x04, 0x7e, 0x04, 0x08, 0x00, 0x00}},
    {0x21c7, {0x00, 0x00, 0x00, 0x10, 0x20, 0x7e, 0x20, 0x10, 0x00, 0x10, 0x20, 0x7e, 0x20, 0x10, 0x00, 0x00}},
    {0x21c8, {0x00, 0x00, 0x24, 0x7e, 0xa5, 0x24, 0x24, 0x24, 0x24, 0x24, 0x24, 0x24, 0x24, 0x24, 0x00, 0x00}},
    {0x21c9, {0x00, 0x00, 0x00, 0x08, 0x04, 0x7e, 0x04, 0x08, 0x00, 0x08, 0x04, 0x7e, 0x04, 0x08, 0x00, 0x00}},
    {0x21ca, {0x00, 0x00, 0x24, 0x24, 0x24, 0x24, 0x24, 0x24, 0x24, 0x24, 0x24, 0xa5, 0x7e, 0x24, 0x00, 0x00}},
    {0x21cb, {0x00, 0x00, 0x00, 0x00, 0x20, 0x40, 0xfe, 0x00, 0xfe, 0x04, 0x08, 0x00, 0x00, 0x00, 0x00, 0x00}},
    {0x21cc, {0x00, 0x00, 0x00, 0x00, 0x08, 0x04, 0xfe, 0x00, 0xfe, 0x40, 0x20, 0x00, 0x00, 0x00, 0x00, 0x00}},
    {0x21cd, {0x00, 0x00, 0x00, 0x00, 0x00, 0x08, 0x08, 0x28, 0x7e, 0x88, 0x7e, 0x28, 0x08, 0x08, 0x00, 0x00}},
    {0x21ce, {0x00, 0x00, 0x00, 0x00, 0x00, 0x08, 0x08, 0x2c, 0x7e, 0x89, 0x7e, 0x2c, 0x08, 0x08, 0x00, 0x00}},
    {0x21cf, {0x00, 0x00, 0x00, 0x00, 0x00, 0x10, 0x10, 0x14, 0x7e, 0x11, 0x7e, 0x14, 0x10, 0x10, 0x00, 0x00}},
    {0x21d0, {0x00, 0x00, 0x00, 0x00, 0x00, 0x20, 0x7e, 0xc0, 0x7e, 0x20, 0x00, 0x00, 0x00, 0x00, 0x00, 0x00}},
    {0x21d1, {0x00, 0x00, 0x10, 0x38, 0x6c, 0x28, 0x28, 0x28, 0x28, 0x28, 0x28, 0x28, 0x00, 0x00, 0x00, 0x00}},
    {0x21d2, {0x00, 0x00, 0x00, 0x00, 0x00, 0x08, 0xfc, 0x06, 0xfc, 0x08, 0x00, 0x00, 0x00, 0x00, 0x00, 0x00}},
    {0x21d3, {0x00, 0x00, 0x28, 0x28, 0x28, 0x28, 0x28, 0x28, 0x28, 0x6c, 0x38, 0x10, 0x00, 0x00, 0x00, 0x00}},
    {0x21d4, {0x00, 0x00, 0x00, 0x00, 0x00, 0x24, 0x7e, 0xc3, 0x7e, 0x24, 0x00, 0x00, 0x00, 0x00, 0x00, 0x00}},
    {0x21d5, {0x00, 0x00, 0x10, 0x38, 0x6c, 0x28, 0x28, 0x28, 0x28, 0x6c, 0x38, 0x10, 0x00, 0x00, 0x00, 0x00}},
    {0x21d6, {0x00, 0x00, 0x00, 0x00, 0x00, 0x78, 0x50, 0x68, 0x54, 0x0a, 0x04, 0x00, 0x00, 0x00, 0x00, 0x00}},
    {0x21d7, {0x00, 0x00, 0x00, 0x00, 0x00, 0x1e, 0x0a, 0x16, 0x2a, 0x50, 0x20, 0x00, 0x00, 0x00, 0x00, 0x00}},
    {0x21d8, {0x00, 0x00, 0x00, 0x00, 0x00, 0x20, 0x50, 0x2a, 0x16, 0x0a, 0x1e, 0x00, 0x00, 0x00, 0x00, 0x00}},
    {0x21d9, {0x00, 0x00, 0x00, 0x00, 0x00, 0x04, 0x0a, 0x54, 0x68, 0x50, 0x78, 0x00, 0x00, 0x00, 0x00, 0x00}},
    {0x21da, {0x00, 0x00, 0x00, 0x00, 0x00, 0x00, 0x10, 0x3e, 0x40, 0xfe, 0x40, 0x3e, 0x10, 0x00, 0x00, 0x00}},
    {0x21db, {0x00, 0x00, 0x00, 0x00, 0x00, 0x00, 0x08, 0x7c, 0x02, 0x7f, 0x02, 0x7c, 0x08, 0x00, 0x00, 0x00}},
    {0x21dc, {0x00, 0x00, 0x00, 0x00, 0x00, 0x00, 0x00, 0x20, 0x42, 0xf5, 0x48, 0x20, 0x00, 0x00, 0x00, 0x00}},
    {0x21dd, {0x00, 0x00, 0x00, 0x00, 0x00, 0x00, 0x00, 0x04, 0x42, 0xaf, 0x12, 0x04, 0x00, 0x00, 0x00, 0x00}},
    {0x21de, {0x00, 0x00, 0x08, 0x1c, 0x2a, 0x08, 0x08, 0x08, 0x3e, 0x08, 0x3e, 0x08, 0x08, 0x08, 0x08, 0x08}},
    {0x21df, {0x08, 0x08, 0x08, 0x08, 0x08, 0x3e, 0x08, 0x3e, 0x08, 0x08, 0x08, 0x2a, 0x1c, 0x08, 0x00, 0x00}},
    {0x21e0, {0x00, 0x00, 0x00, 0x00, 0x00, 0x00, 0x00, 0x10, 0x20, 0x77, 0x20, 0x10, 0x00, 0x00, 0x00, 0x00}},
    {0x21e1, {0x00, 0x00, 0x08, 0x1c, 0x2a, 0x08, 0x08, 0x00, 0x08, 0x08, 0x08, 0x08, 0x00, 0x08, 0x08, 0x08}},
    {0x21e2, {0x00, 0x00, 0x00, 0x00, 0x00, 0x00, 0x00, 0x04, 0x02, 0xef, 0x02, 0x04, 0x00, 0x00, 0x00, 0x00}},
    {0x21e3, {0x08, 0x08, 0x08, 0x00, 0x08, 0x08, 0x08, 0x08, 0x00, 0x08, 0x08, 0x2a, 0x1c, 0x08, 0x00, 0x00}},
    {0x21e4, {0x00, 0x00, 0x00, 0x00, 0x00, 0x00, 0x00, 0x50, 0x60, 0x7f, 0x60, 0x50, 0x00, 0x00, 0x00, 0x00}},
    {0x21e5, {0x00, 0x00, 0x00, 0x00, 0x00, 0x00, 0x00, 0x0a, 0x06, 0xfe, 0x06, 0x0a, 0x00, 0x00, 0x00, 0x00}},
    {0x21e6, {0x00, 0x00, 0x00, 0x00, 0x00, 0x00, 0x10, 0x30, 0x5f, 0x81, 0x5f, 0x30, 0x10, 0x00, 0x00, 0x00}},
    {0x21e7, {0x00, 0x00, 0x08, 0x14, 0x22, 0x77, 0x14, 0x14, 0x14, 0x14, 0x14, 0x14, 0x14, 0x1c, 0x00, 0x00}},
    {0x21e8, {0x00, 0x00, 0x00, 0x00, 0x00, 0x00, 0x08, 0x0c, 0xfa, 0x81, 0xfa, 0x0c, 0x08, 0x00, 0x00, 0x00}},
    {0x21e9, {0x00, 0x00, 0x1c, 0x14, 0x14, 0x14, 0x14, 0x14, 0x14, 0x14, 0x77, 0x22, 0x14, 0x08, 0x00, 0x00}},
    {0x21ea, {0x00, 0x00, 0x08, 0x14, 0x22, 0x77, 0x14, 0x14, 0x14, 0x1c, 0x00, 0x1c, 0x14, 0x1c, 0x00, 0x00}},
    {0x21eb, {0x00, 0x00, 0x08, 0x14, 0x22, 0x63, 0x22, 0x22, 0x22, 0x22, 0x22, 0x63, 0x41, 0x7f, 0x00, 0x00}},
    {0x21ec, {0x00, 0x00, 0x08, 0x14, 0x3e, 0x63, 0x22, 0x22, 0x22, 0x22, 0x22, 0x63, 0x41, 0x7f, 0x00, 0x00}},
    {0x21ed, {0x00, 0x00, 0x08, 0x1c, 0x2a, 0x6b, 0x2a, 0x2a, 0x2a, 0x2a, 0x2a, 0x6b, 0x49, 0x7f, 0x00, 0x00}},
    {0x21ee, {0x00, 0x08, 0x14, 0x2a, 0x77, 0x22, 0x63, 0x22, 0x22, 0x22, 0x22, 0x22, 0x22, 0x3e, 0x00, 0x00}},
    {0x21ef, {0x00, 0x08, 0x14, 0x2a, 0x77, 0x22, 0x63, 0x22, 0x22, 0x22, 0x22, 0x63, 0x41, 0x7f, 0x00, 0x00}},
    {0x21f0, {0x00, 0x00, 0x00, 0x00, 0x00, 0x00, 0x08, 0x6c, 0x7a, 0x41, 0x7a, 0x6c, 0x08, 0x00, 0x00, 0x00}},
    {0x21f1, {0x00, 0x00, 0x00, 0x00, 0x00, 0x7f, 0x40, 0x5c, 0x58, 0x54, 0x42, 0x41, 0x40, 0x40, 0x00, 0x00}},
    {0x21f2, {0x00, 0x00, 0x00, 0x00, 0x00, 0x01, 0x01, 0x41, 0x21, 0x15, 0x0d, 0x1d, 0x01, 0x7f, 0x00, 0x00}},
    {0x21f3, {0x00, 0x00, 0x08, 0x14, 0x36, 0x14, 0x14, 0x14, 0x14, 0x14, 0x14, 0x36, 0x14, 0x08, 0x00, 0x00}},
    {0x21f5, {0x00, 0x00, 0x24, 0x2e, 0x35, 0x24, 0x24, 0x24, 0x24, 0x24, 0x24, 0xac, 0x74, 0x24, 0x00, 0x00}},
    {0x21f6, {0x00, 0x00, 0x00, 0x04, 0x02, 0xff, 0x02, 0x04, 0x02, 0xff, 0x02, 0x04, 0x02, 0xff, 0x02, 0x04}},
    {0x21f7, {0x00, 0x00, 0x00, 0x00, 0x00, 0x00, 0x00, 0x24, 0x44, 0xff, 0x44, 0x24, 0x00, 0x00, 0x00, 0x00}},
    {0x21f8, {0x00, 0x00, 0x00, 0x00, 0x00, 0x00, 0x00, 0x24, 0x22, 0xff, 0x22, 0x24, 0x00, 0x00, 0x00, 0x00}},
    {0x21fd, {0x00, 0x00, 0x00, 0x00, 0x00, 0x00, 0x00, 0x20, 0x60, 0xbf, 0x60, 0x20, 0x00, 0x00, 0x00, 0x00}},
    {0x21fe, {0x00, 0x00, 0x00, 0x00, 0x00, 0x00, 0x00, 0x04, 0x06, 0xfd, 0x06, 0x04, 0x00, 0x00, 0x00, 0x00}},
    {0x2200, {0x00, 0x00, 0x82, 0x82, 0x82, 0x7c, 0x44, 0x44, 0x28, 0x28, 0x10, 0x10, 0x00, 0x00, 0x00, 0x00}},
    {0x2201, {0x00, 0x00, 0x00, 0x00, 0x18, 0x24, 0x24, 0x20, 0x20, 0x20, 0x20, 0x24, 0x24, 0x18, 0x00, 0x00}},
    {0x2202, {0x00, 0x00, 0x00, 0x00, 0x1c, 0x22, 0x02, 0x02, 0x1e, 0x22, 0x42, 0x44, 0x44, 0x38, 0x00, 0x00}},
    {0x2203, {0x00, 0x00, 0x00, 0x7e, 0x02, 0x02, 0x02, 0x7e, 0x02, 0x02, 0x02, 0x7e, 0x00, 0x00, 0x00, 0x00}},
    {0x2204, {0x00, 0x00, 0x04, 0x7e, 0x0a, 0x0a, 0x12, 0x7e, 0x12, 0x22, 0x22, 0x7e, 0x40, 0x00, 0x00, 0x00}},
    {0x2205, {0x00, 0x00, 0x02, 0x04, 0x7c, 0x8a, 0x92, 0x92, 0xa2, 0x7c, 0x40, 0x80, 0x00, 0x00, 0x00, 0x00}},
    {0x2206, {0x00, 0x00, 0x10, 0x10, 0x28, 0x28, 0x44, 0x44, 0x44, 0x82, 0x82, 0xfe, 0x00, 0x00, 0x00, 0x00}},
    {0x2207, {0x00, 0x00, 0xfe, 0x82, 0x82, 0x44, 0x44, 0x44, 0x28, 0x28, 0x10, 0x10, 0x00, 0x00, 0x00, 0x00}},
    {0x2208, {0x00, 0x00, 0x00, 0x1e, 0x20, 0x40, 0x40, 0x7e, 0x40, 0x40, 0x20, 0x1e, 0x00, 0x00, 0x00, 0x00}},
    {0x2209, {0x00, 0x00, 0x02, 0x1e, 0x24, 0x44, 0x48, 0x7e, 0x48, 0x50, 0x30, 0x3e, 0x20, 0x00, 0x00, 0x00}},
    {0x220a, {0x00, 0x00, 0x00, 0x00, 0x1e, 0x20, 0x40, 0x7e, 0x40, 0x20, 0x1e, 0x00, 0x00, 0x00, 0x00, 0x00}},
    {0x220b, {0x00, 0x00, 0x00, 0x78, 0x04, 0x02, 0x02, 0x7e, 0x02, 0x02, 0x04, 0x78, 0x00, 0x00, 0x00, 0x00}},
    {0x220c, {0x00, 0x00, 0x40, 0x78, 0x24, 0x22, 0x12, 0x7e, 0x12, 0x0a, 0x0c, 0x7c, 0x04, 0x00, 0x00, 0x00}},
    {0x220d, {0x00, 0x00, 0x00, 0x00, 0x78, 0x04, 0x02, 0x7e, 0x02, 0x04, 0x78, 0x00, 0x00, 0x00, 0x00, 0x00}},
    {0x220e, {0x00, 0x00, 0x00, 0x00, 0x7e, 0x7e, 0x7e, 0x7e, 0x7e, 0x7e, 0x7e, 0x7e, 0x7e, 0x7e, 0x00, 0x00}},
    {0x220f, {0x00, 0x00, 0x00, 0x00, 0x7f, 0x22, 0x22, 0x22, 0x22, 0x22, 0x22, 0x22, 0x22, 0x22, 0x77, 0x00}},
    {0x2210, {0x00, 0x00, 0x00, 0x00, 0x77, 0x22, 0x22, 0x22, 0x22, 0x22, 0x22, 0x22, 0x22, 0x22, 0x7f, 0x00}},
    {0x2211, {0x00, 0x00, 0x00, 0x00, 0x7e, 0x42, 0x20, 0x10, 0x08, 0x04, 0x08, 0x10, 0x20, 0x42, 0x7e, 0x00}},
    {0x2212, {0x00, 0x00, 0x00, 0x00, 0x00, 0x00, 0x00, 0x7e, 0x00, 0x00, 0x00, 0x00, 0x00, 0x00, 0x00, 0x00}},
    {0x2213, {0x00, 0x00, 0x00, 0x00, 0x00, 0x7c, 0x00, 0x10, 0x10, 0x7c, 0x10, 0x10, 0x00, 0x00, 0x00, 0x00}},
    {0x2214, {0x00, 0x00, 0x00, 0x00, 0x10, 0x10, 0x00, 0x10, 0x10, 0x7c, 0x10, 0x10, 0x00, 0x00, 0x00, 0x00}},
    {0x2215, {0x00, 0x00, 0x00, 0x00, 0x02, 0x04, 0x08, 0x10, 0x20, 0x40, 0x80, 0x00, 0x00, 0x00, 0x00, 0x00}},
    {0x2216, {0x00, 0x00, 0x00, 0x00, 0x80, 0x40, 0x20, 0x10, 0x08, 0x04, 0x02, 0x00, 0x00, 0x00, 0x00, 0x00}},
    {0x2217, {0x00, 0x00, 0x00, 0x00, 0x00, 0x00, 0x08, 0x2a, 0x1c, 0x08, 0x1c, 0x2a, 0x08, 0x00, 0x00, 0x00}},
    {0x2218, {0x00, 0x00, 0x00, 0x00, 0x00, 0x00, 0x00, 0x00, 0x18, 0x24, 0x24, 0x18, 0x00, 0x00, 0x00, 0x00}},
    {0x2219, {0x00, 0x00, 0x00, 0x00, 0x00, 0x00, 0x00, 0x18, 0x18, 0x00, 0x00, 0x00, 0x00, 0x00, 0x00, 0x00}},
    {0x221a, {0x00, 0x06, 0x04, 0x04, 0x04, 0x04, 0x44, 0x44, 0x44, 0x24, 0x14, 0x0c, 0x00, 0x00, 0x00, 0x00}},
    {0x221b, {0x00, 0x00, 0x67, 0x14, 0x64, 0x14, 0x64, 0x04, 0x74, 0x14, 0x14, 0x0c, 0x0c, 0x04, 0x04, 0x00}},
    {0x221c, {0x00, 0x00, 0x57, 0x54, 0x74, 0x14, 0x14, 0x04, 0x74, 0x14, 0x14, 0x0c, 0x0c, 0x04, 0x04, 0x00}},
    {0x221d, {0x00, 0x00, 0x00, 0x00, 0x00, 0x00, 0x00, 0x36, 0x48, 0x48, 0x36, 0x00, 0x00, 0x00, 0x00, 0x00}},
    {0x221e, {0x00, 0x00, 0x00, 0x00, 0x00, 0x7c, 0x92, 0x92, 0x92, 0x7c, 0x00, 0x00, 0x00, 0x00, 0x00, 0x00}},
    {0x221f, {0x00, 0x00, 0x00, 0x00, 0x40, 0x40, 0x40, 0x40, 0x40, 0x7e, 0x00, 0x00, 0x00, 0x00, 0x00, 0x00}},
    {0x2220, {0x00, 0x00, 0x00, 0x00, 0x00, 0x00, 0x00, 0x00, 0x02, 0x04, 0x08, 0x10, 0x20, 0x7e, 0x00, 0x00}},
    {0x2221, {0x00, 0x00, 0x00, 0x00, 0x00, 0x00, 0x00, 0x00, 0x02, 0x14, 0x08, 0x14, 0x24, 0x7e, 0x04, 0x00}},
    {0x2222, {0x00, 0x00, 0x00, 0x00, 0x00, 0x00, 0x00, 0x0a, 0x0c, 0x14, 0x64, 0x14, 0x0c, 0x0a, 0x00, 0x00}},
    {0x2223, {0x00, 0x00, 0x00, 0x00, 0x18, 0x18, 0x18, 0x18, 0x18, 0x18, 0x18, 0x18, 0x18, 0x18, 0x00, 0x00}},
    {0x2224, {0x00, 0x00, 0x00, 0x00, 0x18, 0x18, 0x1a, 0x1c, 0x18, 0x18, 0x38, 0x58, 0x18, 0x18, 0x00, 0x00}},
    {0x2225, {0x00, 0x00, 0x28, 0x28, 0x28, 0x28, 0x28, 0x28, 0x28, 0x28, 0x28, 0x28, 0x00, 0x00, 0x00, 0x00}},
    {0x2226, {0x00, 0x00, 0x00, 0x00, 0x24, 0x24, 0x26, 0x24, 0x2c, 0x34, 0x24, 0x64, 0x24, 0x24, 0x00, 0x00}},
    {0x2227, {0x00, 0x00, 0x00, 0x00, 0x10, 0x10, 0x28, 0x28, 0x44, 0x44, 0x82, 0x82, 0x00, 0x00, 0x00, 0x00}},
    {0x2228, {0x00, 0x00, 0x00, 0x00, 0x82, 0x82, 0x44, 0x44, 0x28, 0x28, 0x10, 0x10, 0x00, 0x00, 0x00, 0x00}},
    {0x2229, {0x00, 0x00, 0x00, 0x00, 0x3c, 0x42, 0x42, 0x42, 0x42, 0x42, 0x42, 0x42, 0x00, 0x00, 0x00, 0x00}},
    {0x222a, {0x00, 0x00, 0x00, 0x00, 0x42, 0x42, 0x42, 0x42, 0x42, 0x42, 0x42, 0x3c, 0x00, 0x00, 0x00, 0x00}},
    {0x222b, {0x00, 0x06, 0x0a, 0x08, 0x08, 0x08, 0x08, 0x08, 0x08, 0x08, 0x08, 0x08, 0x08, 0x28, 0x30, 0x00}},
    {0x222c, {0x00, 0x0a, 0x15, 0x14, 0x14, 0x14, 0x14, 0x14, 0x14, 0x14, 0x14, 0x14, 0x14, 0x54, 0x68, 0x00}},
    {0x222d, {0x00, 0x15, 0x2a, 0x2a, 0x2a, 0x2a, 0x2a, 0x2a, 0x2a, 0x2a, 0x2a, 0x2a, 0x2a, 0xaa, 0xd4, 0x00}},
    {0x222e, {0x00, 0x06, 0x0a, 0x08, 0x08, 0x08, 0x1c, 0x2a, 0x2a, 0x1c, 0x08, 0x08, 0x08, 0x28, 0x30, 0x00}},
    {0x222f, {0x00, 0x0a, 0x15, 0x14, 0x14, 0x14, 0x3e, 0x55, 0x55, 0x3e, 0x14, 0x14, 0x14, 0x54, 0x68, 0x00}},
    {0x2230, {0x00, 0x15, 0x2a, 0x2a, 0x2a, 0x7e, 0xab, 0xab, 0xab, 0x7e, 0x2a, 0x2a, 0x2a, 0xaa, 0xd4, 0x00}},
    {0x2231, {0x00, 0x06, 0x0a, 0x08, 0x08, 0x08, 0x1d, 0x2b, 0x2f, 0x08, 0x08, 0x08, 0x08, 0x28, 0x30, 0x00}},
    {0x2232, {0x00, 0x06, 0x0a, 0x08, 0x08, 0x08, 0x1d, 0x2b, 0x2f, 0x2a, 0x1c, 0x08, 0x08, 0x28, 0x30, 0x00}},
    {0x2233, {0x00, 0x06, 0x0a, 0x08, 0x08, 0x08, 0x5c, 0x6a, 0x7a, 0x2a, 0x1c, 0x08, 0x08, 0x28, 0x30, 0x00}},
    {0x2234, {0x00, 0x00, 0x00, 0x00, 0x00, 0x00, 0x18, 0x18, 0x00, 0x00, 0x00, 0x66, 0x66, 0x00, 0x00, 0x00}},
    {0x2235, {0x00, 0x00, 0x00, 0x00, 0x00, 0x00, 0x66, 0x66, 0x00, 0x00, 0x00, 0x18, 0x18, 0x00, 0x00, 0x00}},
    {0x2236, {0x00, 0x00, 0x00, 0x00, 0x00, 0x00, 0x18, 0x18, 0x00, 0x00, 0x00, 0x18, 0x18, 0x00, 0x00, 0x00}},
    {0x2237, {0x00, 0x00, 0x00, 0x00, 0x00, 0x00, 0x66, 0x66, 0x00, 0x00, 0x00, 0x66, 0x66, 0x00, 0x00, 0x00}},
    {0x2238, {0x00, 0x00, 0x00, 0x00, 0x00, 0x00, 0x18, 0x18, 0x00, 0x7e, 0x00, 0x00, 0x00, 0x00, 0x00, 0x00}},
    {0x2239, {0x00, 0x00, 0x00, 0x00, 0x00, 0x00, 0x06, 0x06, 0x00, 0x78, 0x00, 0x06, 0x06, 0x00, 0x00, 0x00}},
    {0x223a, {0x00, 0x00, 0x00, 0x00, 0x00, 0x00, 0x66, 0x66, 0x00, 0x7e, 0x00, 0x66, 0x66, 0x00, 0x00, 0x00}},
    {0x223b, {0x00, 0x00, 0x00, 0x00, 0x00, 0x18, 0x18, 0x00, 0x32, 0x4c, 0x00, 0x18, 0x18, 0x00, 0x00, 0x00}},
    {0x223c, {0x00, 0x00, 0x00, 0x00, 0x00, 0x00, 0x00, 0x00, 0x32, 0x4c, 0x00, 0x00, 0x00, 0x00, 0x00, 0x00}},
    {0x223d, {0x00, 0x00, 0x00, 0x00, 0x00, 0x00, 0x00, 0x00, 0x4c, 0x32, 0x00, 0x00, 0x00, 0x00, 0x00, 0x00}},
    {0x223e, {0x00, 0x00, 0x00, 0x00, 0x00, 0x00, 0x00, 0x00, 0x32, 0x49, 0x26, 0x00, 0x00, 0x00, 0x00, 0x00}},
    {0x223f, {0x00, 0x00, 0x00, 0x00, 0x00, 0x00, 0x00, 0x30, 0x48, 0x49, 0x09, 0x06, 0x00, 0x00, 0x00, 0x00}},
    {0x2240, {0x00, 0x00, 0x00, 0x00, 0x00, 0x10, 0x08, 0x08, 0x08, 0x10, 0x10, 0x10, 0x08, 0x00, 0x00, 0x00}},
    {0x2241, {0x00, 0x00, 0x00, 0x00, 0x00, 0x00, 0x04, 0x04, 0x08, 0x3a, 0x54, 0x10, 0x20, 0x20, 0x00, 0x00}},
    {0x2242, {0x00, 0x00, 0x00, 0x00, 0x00, 0x00, 0x00, 0x00, 0x7e, 0x00, 0x00, 0x32, 0x4c, 0x00, 0x00, 0x00}},
    {0x2243, {0x00, 0x00, 0x00, 0x00, 0x00, 0x00, 0x00, 0x32, 0x4c, 0x00, 0x00, 0x7e, 0x00, 0x00, 0x00, 0x00}},
    {0x2244, {0x00, 0x00, 0x00, 0x04, 0x04, 0x08, 0x08, 0x3a, 0x54, 0x10, 0x10, 0x7e, 0x20, 0x20, 0x40, 0x40}},
    {0x2245, {0x00, 0x00, 0x00, 0x00, 0x32, 0x4c, 0x00, 0x00, 0x7e, 0x00, 0x00, 0x7e, 0x00, 0x00, 0x00, 0x00}},
    {0x2246, {0x00, 0x00, 0x00, 0x00, 0x32, 0x4c, 0x02, 0x04, 0x7e, 0x08, 0x10, 0x7e, 0x20, 0x40, 0x00, 0x00}},
    {0x2247, {0x00, 0x00, 0x04, 0x04, 0x3a, 0x4c, 0x08, 0x10, 0x7e, 0x10, 0x20, 0x7e, 0x20, 0x40, 0x40, 0x00}},
    {0x2248, {0x00, 0x00, 0x00, 0x00, 0x00, 0x32, 0x4c, 0x00, 0x32, 0x4c, 0x00, 0x00, 0x00, 0x00, 0x00, 0x00}},
    {0x2249, {0x00, 0x00, 0x00, 0x00, 0x00, 0x04, 0x04, 0x3a, 0x4c, 0x10, 0x3a, 0x54, 0x20, 0x20, 0x00, 0x00}},
    {0x224a, {0x00, 0x00, 0x00, 0x00, 0x00, 0x32, 0x4c, 0x00, 0x32, 0x4c, 0x00, 0x7e, 0x00, 0x00, 0x00, 0x00}},
    {0x224b, {0x00, 0x00, 0x00, 0x00, 0x00, 0x32, 0x4c, 0x00, 0x32, 0x4c, 0x00, 0x32, 0x4c, 0x00, 0x00, 0x00}},
    {0x224c, {0x00, 0x00, 0x00, 0x00, 0x4c, 0x32, 0x00, 0x00, 0x7e, 0x00, 0x00, 0x7e, 0x00, 0x00, 0x00, 0x00}},
    {0x224d, {0x00, 0x00, 0x00, 0x00, 0x00, 0x00, 0x42, 0x3c, 0x00, 0x00, 0x3c, 0x42, 0x00, 0x00, 0x00, 0x00}},
    {0x224e, {0x00, 0x00, 0x00, 0x00, 0x00, 0x00, 0x18, 0x66, 0x00, 0x00, 0x66, 0x18, 0x00, 0x00, 0x00, 0x00}},
    {0x224f, {0x00, 0x00, 0x00, 0x00, 0x00, 0x00, 0x00, 0x18, 0x66, 0x00, 0x00, 0x7e, 0x00, 0x00, 0x00, 0x00}},
    {0x2250, {0x00, 0x00, 0x00, 0x00, 0x18, 0x18, 0x00, 0x00, 0x7e, 0x00, 0x00, 0x7e, 0x00, 0x00, 0x00, 0x00}},
    {0x2251, {0x00, 0x00, 0x00, 0x18, 0x18, 0x00, 0x7e, 0x00, 0x00, 0x7e, 0x00, 0x18, 0x18, 0x00, 0x00, 0x00}},
    {0x2252, {0x00, 0x00, 0x00, 0x60, 0x60, 0x00, 0x7e, 0x00, 0x00, 0x7e, 0x00, 0x06, 0x06, 0x00, 0x00, 0x00}},
    {0x2253, {0x00, 0x00, 0x00, 0x06, 0x06, 0x00, 0x7e, 0x00, 0x00, 0x7e, 0x00, 0x60, 0x60, 0x00, 0x00, 0x00}},
    {0x2254, {0x00, 0x00, 0x00, 0x00, 0x00, 0x00, 0x00, 0x5e, 0x00, 0x00, 0x5e, 0x00, 0x00, 0x00, 0x00, 0x00}},
    {0x2255, {0x00, 0x00, 0x00, 0x00, 0x00, 0x00, 0x00, 0x7a, 0x00, 0x00, 0x7a, 0x00, 0x00, 0x00, 0x00, 0x00}},
    {0x2256, {0x00, 0x00, 0x00, 0x00, 0x00, 0x00, 0x00, 0x7e, 0x24, 0x24, 0x7e, 0x00, 0x00, 0x00, 0x00, 0x00}},
    {0x2257, {0x00, 0x00, 0x00, 0x18, 0x24, 0x24, 0x18, 0x00, 0x7e, 0x00, 0x00, 0x7e, 0x00, 0x00, 0x00, 0x00}},
    {0x2258, {0x00, 0x00, 0x00, 0x00, 0x3c, 0x42, 0x00, 0x00, 0x7e, 0x00, 0x00, 0x7e, 0x00, 0x00, 0x00, 0x00}},
    {0x2259, {0x00, 0x00, 0x00, 0x18, 0x24, 0x42, 0x00, 0x00, 0x7e, 0x00, 0x00, 0x7e, 0x00, 0x00, 0x00, 0x00}},
    {0x225a, {0x00, 0x00, 0x00, 0x42, 0x24, 0x18, 0x00, 0x00, 0x7e, 0x00, 0x00, 0x7e, 0x00, 0x00, 0x00, 0x00}},
    {0x225b, {0x00, 0x00, 0x08, 0x3e, 0x1c, 0x14, 0x00, 0x00, 0x7e, 0x00, 0x00, 0x7e, 0x00, 0x00, 0x00, 0x00}},
    {0x225c, {0x00, 0x00, 0x08, 0x14, 0x22, 0x3e, 0x00, 0x00, 0x7e, 0x00, 0x00, 0x7e, 0x00, 0x00, 0x00, 0x00}},
    {0x225d, {0x00, 0x00, 0x12, 0x14, 0x76, 0x54, 0x74, 0x00, 0x00, 0x7e, 0x00, 0x00, 0x7e, 0x00, 0x00, 0x00}},
    {0x225e, {0x00, 0x00, 0x00, 0x68, 0x54, 0x54, 0x54, 0x00, 0x7e, 0x00, 0x00, 0x7e, 0x00, 0x00, 0x00, 0x00}},
    {0x225f, {0x00, 0x30, 0x48, 0x08, 0x10, 0x10, 0x00, 0x10, 0x00, 0x7e, 0x00, 0x00, 0x7e, 0x00, 0x00, 0x00}},
    {0x2260, {0x00, 0x00, 0x00, 0x00, 0x02, 0x7e, 0x08, 0x10, 0x7e, 0x40, 0x00, 0x00, 0x00, 0x00, 0x00, 0x00}},
    {0x2261, {0x00, 0x00, 0x00, 0x00, 0x7e, 0x00, 0x00, 0x7e, 0x00, 0x00, 0x7e, 0x00, 0x00, 0x00, 0x00, 0x00}},
    {0x2262, {0x00, 0x00, 0x00, 0x00, 0x00, 0x02, 0x04, 0x7e, 0x08, 0x7e, 0x10, 0x7e, 0x20, 0x40, 0x00, 0x00}},
    {0x2263, {0x00, 0x00, 0x00, 0x00, 0x00, 0x00, 0x7e, 0x00, 0x7e, 0x00, 0x7e, 0x00, 0x7e, 0x00, 0x00, 0x00}},
    {0x2264, {0x00, 0x00, 0x00, 0x04, 0x08, 0x10, 0x20, 0x10, 0x08, 0x04, 0x00, 0x3e, 0x00, 0x00, 0x00, 0x00}},
    {0x2265, {0x00, 0x00, 0x00, 0x20, 0x10, 0x08, 0x04, 0x08, 0x10, 0x20, 0x00, 0x7c, 0x00, 0x00, 0x00, 0x00}},
    {0x2266, {0x00, 0x00, 0x00, 0x06, 0x18, 0x60, 0x18, 0x06, 0x00, 0x7e, 0x00, 0x00, 0x7e, 0x00, 0x00, 0x00}},
    {0x2267, {0x00, 0x00, 0x00, 0x60, 0x18, 0x06, 0x18, 0x60, 0x00, 0x7e, 0x00, 0x00, 0x7e, 0x00, 0x00, 0x00}},
    {0x2268, {0x00, 0x00, 0x00, 0x06, 0x18, 0x60, 0x18, 0x06, 0x04, 0x7e, 0x08, 0x10, 0x7e, 0x20, 0x40, 0x00}},
    {0x2269, {0x00, 0x00, 0x00, 0x60, 0x18, 0x06, 0x18, 0x62, 0x04, 0x7e, 0x08, 0x10, 0x7e, 0x20, 0x40, 0x00}},
    {0x226a, {0x00, 0x00, 0x00, 0x09, 0x12, 0x24, 0x48, 0x90, 0x48, 0x24, 0x12, 0x09, 0x00, 0x00, 0x00, 0x00}},
    {0x226b, {0x00, 0x00, 0x00, 0x90, 0x48, 0x24, 0x12, 0x09, 0x12, 0x24, 0x48, 0x90, 0x00, 0x00, 0x00, 0x00}},
    {0x226c, {0x00, 0x00, 0x00, 0x00, 0x24, 0x18, 0x18, 0x24, 0x24, 0x24, 0x24, 0x18, 0x18, 0x24, 0x00, 0x00}},
    {0x226d, {0x00, 0x00, 0x00, 0x02, 0x02, 0x04, 0x85, 0x7e, 0x08, 0x10, 0x7e, 0xa1, 0x20, 0x40, 0x40, 0x00}},
    {0x226e, {0x00, 0x00, 0x00, 0x08, 0x08, 0x0c, 0x18, 0x10, 0x30, 0x50, 0x30, 0x30, 0x18, 0x24, 0x20, 0x00}},
    {0x226f, {0x00, 0x00, 0x00, 0x00, 0x08, 0x48, 0x28, 0x10, 0x18, 0x14, 0x18, 0x10, 0x20, 0x60, 0x20, 0x20}},
    {0x2270, {0x00, 0x00, 0x00, 0x00, 0x02, 0x02, 0x0e, 0x14, 0x68, 0x18, 0x1e, 0x10, 0x7e, 0x20, 0x20, 0x00}},
    {0x2271, {0x00, 0x00, 0x00, 0x00, 0x08, 0x08, 0x70, 0x18, 0x16, 0x28, 0x70, 0x20, 0x7e, 0x40, 0x40, 0x00}},
    {0x2272, {0x00, 0x00, 0x00, 0x00, 0x00, 0x00, 0x06, 0x18, 0x60, 0x18, 0x06, 0x00, 0x32, 0x4c, 0x00, 0x00}},
    {0x2273, {0x00, 0x00, 0x00, 0x00, 0x00, 0x00, 0x60, 0x18, 0x06, 0x18, 0x60, 0x00, 0x32, 0x4c, 0x00, 0x00}},
    {0x2274, {0x00, 0x00, 0x00, 0x00, 0x04, 0x04, 0x0e, 0x18, 0x68, 0x18, 0x1e, 0x10, 0x3a, 0x64, 0x20, 0x20}},
    {0x2275, {0x00, 0x00, 0x00, 0x00, 0x08, 0x08, 0x78, 0x18, 0x16, 0x18, 0x70, 0x10, 0x32, 0x6c, 0x20, 0x20}},
    {0x2276, {0x00, 0x00, 0x00, 0x00, 0x06, 0x18, 0x60, 0x18, 0x06, 0x60, 0x18, 0x06, 0x18, 0x60, 0x00, 0x00}},
    {0x2277, {0x00, 0x00, 0x00, 0x00, 0x60, 0x18, 0x06, 0x18, 0x60, 0x06, 0x18, 0x60, 0x18, 0x06, 0x00, 0x00}},
    {0x2278, {0x00, 0x00, 0x02, 0x02, 0x0e, 0x14, 0x68, 0x18, 0x1e, 0x70, 0x28, 0x2e, 0x50, 0x60, 0x80, 0x80}},
    {0x2279, {0x00, 0x00, 0x04, 0x04, 0x68, 0x18, 0x16, 0x18, 0x70, 0x16, 0x38, 0x60, 0x38, 0x26, 0x40, 0x40}},
    {0x227a, {0x00, 0x00, 0x00, 0x00, 0x00, 0x02, 0x02, 0x04, 0x18, 0x60, 0x18, 0x04, 0x02, 0x02, 0x00, 0x00}},
    {0x227b, {0x00, 0x00, 0x00, 0x00, 0x00, 0x40, 0x40, 0x20, 0x18, 0x06, 0x18, 0x20, 0x40, 0x40, 0x00, 0x00}},
    {0x227c, {0x00, 0x00, 0x00, 0x00, 0x00, 0x02, 0x02, 0x04, 0x18, 0x60, 0x18, 0x64, 0x1a, 0x04, 0x02, 0x00}},
    {0x227d, {0x00, 0x00, 0x00, 0x00, 0x00, 0x40, 0x40, 0x20, 0x18, 0x06, 0x18, 0x26, 0x58, 0x20, 0x40, 0x00}},
    {0x227e, {0x00, 0x00, 0x00, 0x00, 0x00, 0x02, 0x02, 0x04, 0x18, 0x60, 0x18, 0x04, 0x66, 0x9a, 0x00, 0x00}},
    {0x227f, {0x00, 0x00, 0x00, 0x00, 0x00, 0x40, 0x40, 0x20, 0x18, 0x06, 0x18, 0x20, 0x59, 0x66, 0x00, 0x00}},
    {0x2280, {0x00, 0x00, 0x00, 0x00, 0x04, 0x06, 0x0a, 0x0c, 0x08, 0x70, 0x18, 0x14, 0x22, 0x22, 0x00, 0x00}},
    {0x2281, {0x00, 0x00, 0x00, 0x00, 0x04, 0x44, 0x48, 0x28, 0x18, 0x0e, 0x18, 0x30, 0x50, 0x60, 0x20, 0x00}},
    {0x2282, {0x00, 0x00, 0x00, 0x00, 0x3e, 0x40, 0x40, 0x40, 0x40, 0x40, 0x3e, 0x00, 0x00, 0x00, 0x00, 0x00}},
    {0x2283, {0x00, 0x00, 0x00, 0x00, 0x7c, 0x02, 0x02, 0x02, 0x02, 0x02, 0x7c, 0x00, 0x00, 0x00, 0x00, 0x00}},
    {0x2284, {0x00, 0x00, 0x00, 0x00, 0x04, 0x04, 0x3e, 0x48, 0x50, 0x50, 0x60, 0x3e, 0x40, 0x40, 0x00, 0x00}},
    {0x2285, {0x00, 0x00, 0x00, 0x00, 0x02, 0x02, 0x7c, 0x0a, 0x0a, 0x12, 0x12, 0x7c, 0x20, 0x20, 0x00, 0x00}},
    {0x2286, {0x00, 0x00, 0x00, 0x3e, 0x40, 0x40, 0x40, 0x40, 0x40, 0x3e, 0x00, 0x7e, 0x00, 0x00, 0x00, 0x00}},
    {0x2287, {0x00, 0x00, 0x00, 0x7c, 0x02, 0x02, 0x02, 0x02, 0x02, 0x7c, 0x00, 0x7e, 0x00, 0x00, 0x00, 0x00}},
    {0x2288, {0x00, 0x00, 0x00, 0x00, 0x04, 0x04, 0x3e, 0x48, 0x48, 0x50, 0x50, 0x3e, 0x20, 0x7e, 0x40, 0x00}},
    {0x2289, {0x00, 0x00, 0x00, 0x00, 0x02, 0x02, 0x7c, 0x0a, 0x0a, 0x12, 0x12, 0x7c, 0x20, 0x7e, 0x40, 0x00}},
    {0x228a, {0x00, 0x00, 0x00, 0x00, 0x00, 0x00, 0x3e, 0x40, 0x40, 0x40, 0x40, 0x3e, 0x04, 0x7e, 0x10, 0x00}},
    {0x228b, {0x00, 0x00, 0x00, 0x00, 0x00, 0x00, 0x7c, 0x02, 0x02, 0x02, 0x02, 0x7c, 0x08, 0x7e, 0x20, 0x00}},
    {0x228c, {0x00, 0x00, 0x00, 0x00, 0x42, 0x42, 0x42, 0x4a, 0x52, 0x7e, 0x52, 0x4a, 0x42, 0x3c, 0x00, 0x00}},
    {0x228d, {0x00, 0x00, 0x00, 0x00, 0x42, 0x42, 0x42, 0x42, 0x42, 0x5a, 0x5a, 0x42, 0x42, 0x3c, 0x00, 0x00}},
    {0x228e, {0x00, 0x00, 0x00, 0x00, 0x42, 0x42, 0x42, 0x52, 0x52, 0x7a, 0x52, 0x52, 0x42, 0x3c, 0x00, 0x00}},
    {0x228f, {0x00, 0x00, 0x00, 0x00, 0x00, 0x00, 0x7e, 0x40, 0x40, 0x40, 0x40, 0x7e, 0x00, 0x00, 0x00, 0x00}},
    {0x2290, {0x00, 0x00, 0x00, 0x00, 0x00, 0x00, 0x7e, 0x02, 0x02, 0x02, 0x02, 0x7e, 0x00, 0x00, 0x00, 0x00}},
    {0x2291, {0x00, 0x00, 0x00, 0x00, 0x00, 0x00, 0x7e, 0x40, 0x40, 0x40, 0x40, 0x7e, 0x00, 0x7e, 0x00, 0x00}},
    {0x2292, {0x00, 0x00, 0x00, 0x00, 0x00, 0x00, 0x7e, 0x02, 0x02, 0x02, 0x02, 0x7e, 0x00, 0x7e, 0x00, 0x00}},
    {0x2293, {0x00, 0x00, 0x00, 0x00, 0x00, 0x00, 0x7e, 0x42, 0x42, 0x42, 0x42, 0x42, 0x00, 0x00, 0x00, 0x00}},
    {0x2294, {0x00, 0x00, 0x00, 0x00, 0x00, 0x00, 0x42, 0x42, 0x42, 0x42, 0x42, 0x7e, 0x00, 0x00, 0x00, 0x00}},
    {0x2295, {0x00, 0x00, 0x00, 0x00, 0x00, 0x00, 0x1c, 0x2a, 0x49, 0x7f, 0x49, 0x2a, 0x1c, 0x00, 0x00, 0x00}},
    {0x2296, {0x00, 0x00, 0x00, 0x00, 0x00, 0x00, 0x1c, 0x22, 0x41, 0x7f, 0x41, 0x22, 0x1c, 0x00, 0x00, 0x00}},
    {0x2297, {0x00, 0x00, 0x00, 0x00, 0x00, 0x00, 0x1c, 0x22, 0x55, 0x49, 0x55, 0x22, 0x1c, 0x00, 0x00, 0x00}},
    {0x2298, {0x00, 0x00, 0x00, 0x00, 0x00, 0x00, 0x1c, 0x22, 0x45, 0x49, 0x51, 0x22, 0x1c, 0x00, 0x00, 0x00}},
    {0x2299, {0x00, 0x00, 0x00, 0x00, 0x00, 0x00, 0x1c, 0x22, 0x41, 0x49, 0x41, 0x22, 0x1c, 0x00, 0x00, 0x00}},
    {0x229a, {0x00, 0x00, 0x00, 0x00, 0x00, 0x00, 0x1c, 0x22, 0x49, 0x55, 0x49, 0x22, 0x1c, 0x00, 0x00, 0x00}},
    {0x229b, {0x00, 0x00, 0x00, 0x00, 0x00, 0x00, 0x1c, 0x22, 0x49, 0x5d, 0x49, 0x22, 0x1c, 0x00, 0x00, 0x00}},
    {0x229c, {0x00, 0x00, 0x00, 0x00, 0x00, 0x00, 0x1c, 0x22, 0x5d, 0x41, 0x5d, 0x22, 0x1c, 0x00, 0x00, 0x00}},
    {0x229d, {0x00, 0x00, 0x00, 0x00, 0x00, 0x00, 0x1c, 0x22, 0x41, 0x5d, 0x41, 0x22, 0x1c, 0x00, 0x00, 0x00}},
    {0x229e, {0x00, 0x00, 0x00, 0x00, 0x00, 0x00, 0x7f, 0x49, 0x49, 0x7f, 0x49, 0x49, 0x7f, 0x00, 0x00, 0x00}},
    {0x229f, {0x00, 0x00, 0x00, 0x00, 0x00, 0x00, 0x7f, 0x41, 0x41, 0x7f, 0x41, 0x41, 0x7f, 0x00, 0x00, 0x00}},
    {0x22a0, {0x00, 0x00, 0x00, 0x00, 0x00, 0x00, 0x7f, 0x63, 0x55, 0x49, 0x55, 0x63, 0x7f, 0x00, 0x00, 0x00}},
    {0x22a1, {0x00, 0x00, 0x00, 0x00, 0x00, 0x00, 0x7f, 0x41, 0x41, 0x49, 0x41, 0x41, 0x7f, 0x00, 0x00, 0x00}},
    {0x22a2, {0x00, 0x00, 0x00, 0x00, 0x00, 0x00, 0x40, 0x40, 0x40, 0x7e, 0x40, 0x40, 0x40, 0x00, 0x00, 0x00}},
    {0x22a3, {0x00, 0x00, 0x00, 0x00, 0x00, 0x00, 0x02, 0x02, 0x02, 0x7e, 0x02, 0x02, 0x02, 0x00, 0x00, 0x00}},
    {0x22a4, {0x00, 0x00, 0x00, 0x00, 0x00, 0x00, 0x7f, 0x08, 0x08, 0x08, 0x08, 0x08, 0x08, 0x00, 0x00, 0x00}},
    {0x22a5, {0x00, 0x00, 0x00, 0x00, 0x10, 0x10, 0x10, 0x10, 0x10, 0x10, 0x10, 0xfe, 0x00, 0x00, 0x00, 0x00}},
    {0x22a6, {0x00, 0x00, 0x00, 0x00, 0x00, 0x20, 0x20, 0x20, 0x20, 0x3c, 0x20, 0x20, 0x20, 0x20, 0x00, 0x00}},
    {0x22a7, {0x00, 0x00, 0x00, 0x00, 0x00, 0x20, 0x20, 0x20, 0x3c, 0x20, 0x3c, 0x20, 0x20, 0x20, 0x00, 0x00}},
    {0x22a8, {0x00, 0x00, 0x00, 0x00, 0x00, 0x40, 0x40, 0x40, 0x7e, 0x40, 0x7e, 0x40, 0x40, 0x40, 0x00, 0x00}},
    {0x22a9, {0x00, 0x00, 0x00, 0x00, 0x00, 0x50, 0x50, 0x50, 0x50, 0x5e, 0x50, 0x50, 0x50, 0x50, 0x00, 0x00}},
    {0x22aa, {0x00, 0x00, 0x00, 0x00, 0x00, 0x54, 0x54, 0x54, 0x54, 0x57, 0x54, 0x54, 0x54, 0x54, 0x00, 0x00}},
    {0x22ab, {0x00, 0x00, 0x00, 0x00, 0x00, 0x50, 0x50, 0x50, 0x5e, 0x50, 0x5e, 0x50, 0x50, 0x50, 0x00, 0x00}},
    {0x22ac, {0x00, 0x00, 0x00, 0x00, 0x00, 0x40, 0x40, 0x48, 0x48, 0x7e, 0x48, 0x48, 0x40, 0x40, 0x00, 0x00}},
    {0x22ad, {0x00, 0x00, 0x00, 0x00, 0x00, 0x40, 0x48, 0x48, 0x7e, 0x48, 0x7e, 0x48, 0x48, 0x40, 0x00, 0x00}},
    {0x22ae, {0x00, 0x00, 0x00, 0x00, 0x00, 0x50, 0x50, 0x54, 0x54, 0x5e, 0x54, 0x54, 0x50, 0x50, 0x00, 0x00}},
    {0x22af, {0x00, 0x00, 0x00, 0x00, 0x00, 0x50, 0x54, 0x54, 0x5e, 0x54, 0x5e, 0x54, 0x54, 0x50, 0x00, 0x00}},
    {0x22b0, {0x00, 0x00, 0x00, 0x00, 0x00, 0x0c, 0x02, 0x04, 0x18, 0x60, 0x18, 0x04, 0x02, 0x0c, 0x00, 0x00}},
    {0x22b1, {0x00, 0x00, 0x00, 0x00, 0x00, 0x30, 0x40, 0x20, 0x18, 0x06, 0x18, 0x20, 0x40, 0x30, 0x00, 0x00}},
    {0x22b2, {0x00, 0x00, 0x00, 0x00, 0x00, 0x00, 0x00, 0x06, 0x1a, 0x62, 0x1a, 0x06, 0x00, 0x00, 0x00, 0x00}},
    {0x22b3, {0x00, 0x00, 0x00, 0x00, 0x00, 0x00, 0x00, 0x60, 0x58, 0x46, 0x58, 0x60, 0x00, 0x00, 0x00, 0x00}},
    {0x22b4, {0x00, 0x00, 0x00, 0x00, 0x00, 0x00, 0x00, 0x06, 0x1a, 0x62, 0x1a, 0x06, 0x00, 0x7e, 0x00, 0x00}},
    {0x22b5, {0x00, 0x00, 0x00, 0x00, 0x00, 0x00, 0x00, 0x60, 0x58, 0x46, 0x58, 0x60, 0x00, 0x7e, 0x00, 0x00}},
    {0x22b9, {0x00, 0x00, 0x00, 0x00, 0x00, 0x00, 0x08, 0x08, 0x00, 0x63, 0x00, 0x08, 0x08, 0x00, 0x00, 0x00}},
    {0x22ba, {0x00, 0x00, 0x00, 0x00, 0x3e, 0x08, 0x08, 0x08, 0x08, 0x08, 0x08, 0x08, 0x08, 0x08, 0x00, 0x00}},
    {0x22bb, {0x00, 0x00, 0x00, 0x00, 0x00, 0x00, 0x00, 0x22, 0x22, 0x14, 0x14, 0x08, 0x00, 0x3e, 0x00, 0x00}},
    {0x22bc, {0x00, 0x00, 0x00, 0x00, 0x00, 0x00, 0x3e, 0x00, 0x08, 0x14, 0x14, 0x22, 0x22, 0x00, 0x00, 0x00}},
    {0x22bd, {0x00, 0x00, 0x00, 0x00, 0x00, 0x00, 0x3e, 0x00, 0x22, 0x22, 0x14, 0x14, 0x08, 0x00, 0x00, 0x00}},
    {0x22be, {0x00, 0x00, 0x00, 0x00, 0x00, 0x00, 0x00, 0x40, 0x40, 0x40, 0x78, 0x48, 0x48, 0x7e, 0x00, 0x00}},
    {0x22bf, {0x00, 0x00, 0x00, 0x00, 0x00, 0x00, 0x00, 0x00, 0x02, 0x06, 0x0a, 0x12, 0x22, 0x7e, 0x00, 0x00}},
    {0x22c0, {0x00, 0x00, 0x00, 0x00, 0x08, 0x14, 0x14, 0x14, 0x22, 0x22, 0x22, 0x41, 0x41, 0x41, 0x00, 0x00}},
    {0x22c1, {0x00, 0x00, 0x00, 0x00, 0x41, 0x41, 0x41, 0x22, 0x22, 0x22, 0x14, 0x14, 0x14, 0x08, 0x00, 0x00}},
    {0x22c2, {0x00, 0x00, 0x3c, 0x42, 0x42, 0x42, 0x42, 0x42, 0x42, 0x42, 0x42, 0x42, 0x00, 0x00, 0x00, 0x00}},
    {0x22c3, {0x00, 0x00, 0x42, 0x42, 0x42, 0x42, 0x42, 0x42, 0x42, 0x42, 0x42, 0x3c, 0x00, 0x00, 0x00, 0x00}},
    {0x22c4, {0x00, 0x00, 0x00, 0x00, 0x00, 0x00, 0x00, 0x08, 0x14, 0x22, 0x14, 0x08, 0x00, 0x00, 0x00, 0x00}},
    {0x22c5, {0x00, 0x00, 0x00, 0x00, 0x00, 0x00, 0x00, 0x00, 0x18, 0x18, 0x00, 0x00, 0x00, 0x00, 0x00, 0x00}},
    {0x22c6, {0x00, 0x00, 0x00, 0x00, 0x00, 0x00, 0x00, 0x08, 0x3e, 0x1c, 0x14, 0x00, 0x00, 0x00, 0x00, 0x00}},
    {0x22c7, {0x00, 0x00, 0x00, 0x00, 0x00, 0x00, 0x18, 0x42, 0x24, 0x7e, 0x24, 0x42, 0x18, 0x00, 0x00, 0x00}},
    {0x22c8, {0x00, 0x00, 0x00, 0x00, 0x00, 0x00, 0x41, 0x63, 0x55, 0x49, 0x55, 0x63, 0x41, 0x00, 0x00, 0x00}},
    {0x22c9, {0x00, 0x00, 0x00, 0x00, 0x00, 0x00, 0x41, 0x62, 0x54, 0x48, 0x54, 0x62, 0x41, 0x00, 0x00, 0x00}},
    {0x22ca, {0x00, 0x00, 0x00, 0x00, 0x00, 0x00, 0x41, 0x23, 0x15, 0x09, 0x15, 0x23, 0x41, 0x00, 0x00, 0x00}},
    {0x22cb, {0x00, 0x00, 0x00, 0x00, 0x00, 0x00, 0x00, 0x20, 0x10, 0x08, 0x14, 0x22, 0x00, 0x00, 0x00, 0x00}},
    {0x22cc, {0x00, 0x00, 0x00, 0x00, 0x00, 0x00, 0x00, 0x02, 0x04, 0x08, 0x14, 0x22, 0x00, 0x00, 0x00, 0x00}},
    {0x22cd, {0x00, 0x00, 0x00, 0x00, 0x00, 0x00, 0x00, 0x00, 0x4c, 0x32, 0x00, 0x00, 0x7e, 0x00, 0x00, 0x00}},
    {0x22ce, {0x00, 0x00, 0x00, 0x00, 0x00, 0x00, 0x41, 0x22, 0x22, 0x14, 0x14, 0x14, 0x08, 0x00, 0x00, 0x00}},
    {0x22cf, {0x00, 0x00, 0x00, 0x00, 0x00, 0x00, 0x08, 0x14, 0x14, 0x14, 0x22, 0x22, 0x41, 0x00, 0x00, 0x00}},
    {0x22d0, {0x00, 0x00, 0x00, 0x00, 0x00, 0x00, 0x3e, 0x40, 0x4e, 0x50, 0x50, 0x4e, 0x40, 0x3e, 0x00, 0x00}},
    {0x22d1, {0x00, 0x00, 0x00, 0x00, 0x00, 0x00, 0x7c, 0x02, 0x72, 0x0a, 0x0a, 0x72, 0x02, 0x7c, 0x00, 0x00}},
    {0x22d2, {0x00, 0x00, 0x00, 0x00, 0x00, 0x00, 0x3e, 0x41, 0x49, 0x55, 0x55, 0x55, 0x55, 0x55, 0x00, 0x00}},
    {0x22d3, {0x00, 0x00, 0x00, 0x00, 0x00, 0x00, 0x55, 0x55, 0x55, 0x55, 0x55, 0x49, 0x41, 0x3e, 0x00, 0x00}},
    {0x22d4, {0x00, 0x00, 0x00, 0x00, 0x08, 0x08, 0x08, 0x1c, 0x2a, 0x2a, 0x2a, 0x2a, 0x2a, 0x2a, 0x00, 0x00}},
    {0x22d5, {0x00, 0x00, 0x00, 0x00, 0x24, 0x24, 0x24, 0x24, 0x7e, 0x24, 0x24, 0x7e, 0x24, 0x24, 0x00, 0x00}},
    {0x22d6, {0x00, 0x00, 0x00, 0x00, 0x00, 0x02, 0x04, 0x08, 0x10, 0x22, 0x10, 0x08, 0x04, 0x02, 0x00, 0x00}},
    {0x22d7, {0x00, 0x00, 0x00, 0x00, 0x00, 0x40, 0x20, 0x10, 0x08, 0x44, 0x08, 0x10, 0x20, 0x40, 0x00, 0x00}},
    {0x22da, {0x00, 0x00, 0x06, 0x18, 0x60, 0x18, 0x06, 0x00, 0x7e, 0x00, 0x60, 0x18, 0x06, 0x18, 0x60, 0x00}},
    {0x22db, {0x00, 0x00, 0x60, 0x18, 0x06, 0x18, 0x60, 0x00, 0x7e, 0x00, 0x06, 0x18, 0x60, 0x18, 0x06, 0x00}},
    {0x22dc, {0x00, 0x00, 0x00, 0x00, 0x00, 0x00, 0x7e, 0x00, 0x06, 0x18, 0x60, 0x18, 0x06, 0x00, 0x00, 0x00}},
    {0x22dd, {0x00, 0x00, 0x00, 0x00, 0x00, 0x00, 0x7e, 0x00, 0x60, 0x18, 0x06, 0x18, 0x60, 0x00, 0x00, 0x00}},
    {0x22de, {0x00, 0x00, 0x00, 0x00, 0x02, 0x04, 0x1a, 0x64, 0x18, 0x60, 0x18, 0x04, 0x02, 0x02, 0x00, 0x00}},
    {0x22df, {0x00, 0x00, 0x00, 0x00, 0x40, 0x20, 0x58, 0x26, 0x18, 0x06, 0x18, 0x20, 0x40, 0x40, 0x00, 0x00}},
    {0x22e0, {0x00, 0x00, 0x00, 0x04, 0x14, 0x16, 0x2a, 0xcc, 0x18, 0x68, 0x18, 0x14, 0x12, 0x22, 0x20, 0x20}},
    {0x22e1, {0x00, 0x00, 0x00, 0x02, 0x0a, 0x4a, 0x44, 0x2b, 0x18, 0x16, 0x18, 0x30, 0x60, 0x60, 0x20, 0x20}},
    {0x22e2, {0x00, 0x00, 0x00, 0x02, 0x02, 0x04, 0x7e, 0x48, 0x48, 0x50, 0x50, 0x7e, 0x20, 0x7e, 0x40, 0x00}},
    {0x22e3, {0x00, 0x00, 0x00, 0x02, 0x02, 0x04, 0x7e, 0x0a, 0x0a, 0x12, 0x12, 0x7e, 0x20, 0x7e, 0x40, 0x00}},
    {0x22e4, {0x00, 0x00, 0x00, 0x00, 0x00, 0x00, 0x7e, 0x40, 0x40, 0x40, 0x40, 0x7e, 0x08, 0x7e, 0x20, 0x00}},
    {0x22e5, {0x00, 0x00, 0x00, 0x00, 0x00, 0x00, 0x7e, 0x02, 0x02, 0x02, 0x02, 0x7e, 0x08, 0x7e, 0x20, 0x00}},
    {0x22e6, {0x00, 0x00, 0x00, 0x00, 0x00, 0x06, 0x18, 0x60, 0x18, 0x06, 0x04, 0x3a, 0x5c, 0x20, 0x40, 0x00}},
    {0x22e7, {0x00, 0x00, 0x00, 0x00, 0x00, 0x60, 0x18, 0x06, 0x18, 0x62, 0x04, 0x3a, 0x5c, 0x20, 0x40, 0x00}},
    {0x22e8, {0x00, 0x00, 0x00, 0x02, 0x02, 0x04, 0x18, 0x60, 0x18, 0x04, 0x06, 0x3a, 0x5c, 0x20, 0x40, 0x00}},
    {0x22e9, {0x00, 0x00, 0x40, 0x40, 0x20, 0x18, 0x06, 0x18, 0x20, 0x42, 0x44, 0x3a, 0x5c, 0x20, 0x40, 0x00}},
    {0x22ea, {0x00, 0x00, 0x00, 0x00, 0x00, 0x02, 0x02, 0x0e, 0x16, 0x6a, 0x1a, 0x1e, 0x10, 0x20, 0x20, 0x00}},
    {0x22eb, {0x00, 0x00, 0x00, 0x00, 0x00, 0x04, 0x04, 0x68, 0x5c, 0x56, 0x68, 0x70, 0x20, 0x40, 0x40, 0x00}},
    {0x22ec, {0x00, 0x00, 0x00, 0x00, 0x00, 0x02, 0x02, 0x0e, 0x16, 0x6a, 0x1a, 0x1e, 0x10, 0x7e, 0x20, 0x00}},
    {0x22ed, {0x00, 0x00, 0x00, 0x00, 0x00, 0x04, 0x04, 0x68, 0x5c, 0x56, 0x68, 0x70, 0x20, 0x7e, 0x40, 0x00}},
    {0x22ee, {0x00, 0x00, 0x00, 0x00, 0x18, 0x18, 0x00, 0x00, 0x18, 0x18, 0x00, 0x00, 0x18, 0x18, 0x00, 0x00}},
    {0x22ef, {0x00, 0x00, 0x00, 0x00, 0x00, 0x00, 0x00, 0x00, 0xdb, 0xdb, 0x00, 0x00, 0x00, 0x00, 0x00, 0x00}},
    {0x22f0, {0x00, 0x00, 0x00, 0x00, 0x03, 0x03, 0x00, 0x00, 0x18, 0x18, 0x00, 0x00, 0xc0, 0xc0, 0x00, 0x00}},
    {0x22f1, {0x00, 0x00, 0x00, 0x00, 0xc0, 0xc0, 0x00, 0x00, 0x18, 0x18, 0x00, 0x00, 0x03, 0x03, 0x00, 0x00}},
    {0x22f4, {0x00, 0x00, 0x00, 0x00, 0x00, 0x00, 0x3e, 0x40, 0x42, 0x7e, 0x42, 0x40, 0x3e, 0x00, 0x00, 0x00}},
    {0x22f7, {0x00, 0x00, 0x00, 0x00, 0x7e, 0x00, 0x3e, 0x40, 0x40, 0x7e, 0x40, 0x40, 0x3e, 0x00, 0x00, 0x00}},
    {0x22f8, {0x00, 0x00, 0x00, 0x00, 0x00, 0x00, 0x3e, 0x40, 0x40, 0x7e, 0x40, 0x40, 0x3e, 0x00, 0x7e, 0x00}},
    {0x22fc, {0x00, 0x00, 0x00, 0x00, 0x00, 0x00, 0x7c, 0x02, 0x42, 0x7e, 0x42, 0x02, 0x7c, 0x00, 0x00, 0x00}},
    {0x22fe, {0x00, 0x00, 0x00, 0x00, 0x7e, 0x00, 0x7c, 0x02, 0x02, 0x7e, 0x02, 0x02, 0x7c, 0x00, 0x00, 0x00}},
    {0x2300, {0x00, 0x00, 0x02, 0x04, 0x7c, 0x8a, 0x92, 0x92, 0xa2, 0x7c, 0x40, 0x80, 0x00, 0x00, 0x00, 0x00}},
    {0x2301, {0x00, 0x00, 0x00, 0x00, 0x00, 0x00, 0x00, 0x00, 0x90, 0x58, 0x34, 0x12, 0x00, 0x00, 0x00, 0x00}},
    {0x2302, {0x00, 0x00, 0x00, 0x00, 0x10, 0x28, 0x44, 0x82, 0x82, 0x82, 0x82, 0xfe, 0x00, 0x00, 0x00, 0x00}},
    {0x2303, {0x00, 0x00, 0x00, 0x00, 0x08, 0x14, 0x22, 0x00, 0x00, 0x00, 0x00, 0x00, 0x00, 0x00, 0x00, 0x00}},
    {0x2304, {0x00, 0x00, 0x00, 0x00, 0x00, 0x00, 0x00, 0x00, 0x00, 0x00, 0x00, 0x22, 0x14, 0x08, 0x00, 0x00}},
    {0x2305, {0x00, 0x00, 0x00, 0x00, 0x3e, 0x00, 0x08, 0x14, 0x22, 0x00, 0x00, 0x00, 0x00, 0x00, 0x00, 0x00}},
    {0x2306, {0x00, 0x00, 0x00, 0x00, 0x3e, 0x00, 0x3e, 0x00, 0x08, 0x14, 0x22, 0x00, 0x00, 0x00, 0x00, 0x00}},
    {0x2307, {0x00, 0x00, 0x00, 0x10, 0x08, 0x04, 0x08, 0x10, 0x08, 0x04, 0x08, 0x10, 0x08, 0x04, 0x00, 0x00}},
    {0x2308, {0x00, 0x00, 0x38, 0x20, 0x20, 0x20, 0x20, 0x20, 0x20, 0x20, 0x20, 0x20, 0x00, 0x00, 0x00, 0x00}},
    {0x2309, {0x00, 0x00, 0x38, 0x08, 0x08, 0x08, 0x08, 0x08, 0x08, 0x08, 0x08, 0x08, 0x00, 0x00, 0x00, 0x00}},
    {0x230a, {0x00, 0x00, 0x20, 0x20, 0x20, 0x20, 0x20, 0x20, 0x20, 0x20, 0x20, 0x38, 0x00, 0x00, 0x00, 0x00}},
    {0x230b, {0x00, 0x00, 0x08, 0x08, 0x08, 0x08, 0x08, 0x08, 0x08, 0x08, 0x08, 0x38, 0x00, 0x00, 0x00, 0x00}},
    {0x230c, {0x00, 0x00, 0x00, 0x00, 0x00, 0x00, 0x00, 0x00, 0x00, 0x07, 0x08, 0x08, 0x08, 0x00, 0x00, 0x00}},
    {0x230d, {0x00, 0x00, 0x00, 0x00, 0x00, 0x00, 0x00, 0x00, 0x00, 0x70, 0x08, 0x08, 0x08, 0x00, 0x00, 0x00}},
    {0x230e, {0x00, 0x00, 0x00, 0x00, 0x00, 0x00, 0x08, 0x08, 0x08, 0x07, 0x00, 0x00, 0x00, 0x00, 0x00, 0x00}},
    {0x230f, {0x00, 0x00, 0x00, 0x00, 0x00, 0x00, 0x08, 0x08, 0x08, 0x70, 0x00, 0x00, 0x00, 0x00, 0x00, 0x00}},
    {0x2310, {0x00, 0x00, 0x00, 0x00, 0x00, 0x7e, 0x40, 0x40, 0x40, 0x00, 0x00, 0x00, 0x00, 0x00, 0x00, 0x00}},
    {0x2311, {0x00, 0x00, 0x00, 0x00, 0x00, 0x00, 0x41, 0x3e, 0x22, 0x22, 0x22, 0x3e, 0x41, 0x00, 0x00, 0x00}},
    {0x2312, {0x00, 0x00, 0x00, 0x00, 0x00, 0x00, 0x00, 0x00, 0x00, 0x00, 0x1c, 0x22, 0x41, 0x41, 0x00, 0x00}},
    {0x2313, {0x00, 0x00, 0x00, 0x00, 0x00, 0x00, 0x00, 0x00, 0x00, 0x00, 0x1c, 0x22, 0x41, 0x7f, 0x00, 0x00}},
    {0x2314, {0x00, 0x00, 0x00, 0x00, 0x00, 0x00, 0x00, 0x00, 0x1c, 0x22, 0x41, 0x22, 0x14, 0x08, 0x00, 0x00}},
    {0x2315, {0x00, 0x00, 0x00, 0x00, 0x00, 0x00, 0x00, 0x1c, 0x22, 0x41, 0x41, 0x41, 0x22, 0x5c, 0x80, 0x00}},
    {0x2317, {0x00, 0x00, 0x00, 0x00, 0x00, 0x24, 0x24, 0xff, 0x24, 0x24, 0xff, 0x24, 0x24, 0x00, 0x00, 0x00}},
    {0x2318, {0x00, 0x00, 0x00, 0x00, 0x00, 0x00, 0x22, 0x55, 0x3e, 0x14, 0x3e, 0x55, 0x22, 0x00, 0x00, 0x00}},
    {0x2319, {0x00, 0x00, 0x00, 0x00, 0x00, 0x40, 0x40, 0x40, 0x7e, 0x00, 0x00, 0x00, 0x00, 0x00, 0x00, 0x00}},
    {0x231a, {0x00, 0x00, 0x28, 0x28, 0x28, 0x28, 0x38, 0x54, 0x92, 0x9b, 0x82, 0x44, 0x38, 0x28, 0x28, 0x28}},
    {0x231b, {0x00, 0x00, 0x00, 0x00, 0x7e, 0x24, 0x24, 0x24, 0x18, 0x18, 0x24, 0x24, 0x3c, 0x7e, 0x00, 0x00}},
    {0x231c, {0x00, 0x78, 0x40, 0x40, 0x40, 0x00, 0x00, 0x00, 0x00, 0x00, 0x00, 0x00, 0x00, 0x00, 0x00, 0x00}},
    {0x231d, {0x00, 0x1e, 0x02, 0x02, 0x02, 0x00, 0x00, 0x00, 0x00, 0x00, 0x00, 0x00, 0x00, 0x00, 0x00, 0x00}},
    {0x231e, {0x00, 0x00, 0x00, 0x00, 0x00, 0x00, 0x00, 0x00, 0x00, 0x00, 0x00, 0x40, 0x40, 0x40, 0x78, 0x00}},
    {0x231f, {0x00, 0x00, 0x00, 0x00, 0x00, 0x00, 0x00, 0x00, 0x00, 0x00, 0x00, 0x02, 0x02, 0x02, 0x1e, 0x00}},
    {0x2320, {0x00, 0x00, 0x0c, 0x12, 0x12, 0x10, 0x10, 0x10, 0x10, 0x10, 0x10, 0x10, 0x10, 0x10, 0x10, 0x10}},
    {0x2321, {0x10, 0x10, 0x10, 0x10, 0x10, 0x10, 0x10, 0x10, 0x10, 0x90, 0x90, 0x60, 0x00, 0x00, 0x00, 0x00}},
    {0x2322, {0x00, 0x00, 0x00, 0x00, 0x00, 0x00, 0x00, 0x00, 0x00, 0x3c, 0x42, 0x00, 0x00, 0x00, 0x00, 0x00}},
    {0x2323, {0x00, 0x00, 0x00, 0x00, 0x00, 0x00, 0x00, 0x00, 0x42, 0x3c, 0x00, 0x00, 0x00, 0x00, 0x00, 0x00}},
    {0x2324, {0x00, 0x00, 0x00, 0x00, 0x00, 0x00, 0x00, 0x00, 0x77, 0x08, 0x14, 0x22, 0x00, 0x00, 0x00, 0x00}},
    {0x2325, {0x00, 0x00, 0x00, 0x00, 0x00, 0x00, 0x00, 0x00, 0x67, 0x10, 0x08, 0x07, 0x00, 0x00, 0x00, 0x00}},
    {0x2326, {0x00, 0x00, 0x00, 0x00, 0x00, 0x00, 0x00, 0xfc, 0xaa, 0x91, 0xaa, 0xfc, 0x00, 0x00, 0x00, 0x00}},
    {0x2327, {0x00, 0x00, 0x00, 0x00, 0x00, 0x00, 0x00, 0x7f, 0x55, 0x49, 0x55, 0x7f, 0x00, 0x00, 0x00, 0x00}},
    {0x2328, {0x00, 0x00, 0x00, 0x00, 0x00, 0x00, 0x00, 0x7e, 0x7e, 0x7e, 0x00, 0x3c, 0x00, 0x00, 0x00, 0x00}},
    {0x2329, {0x00, 0x02, 0x02, 0x04, 0x04, 0x08, 0x08, 0x10, 0x20, 0x10, 0x08, 0x08, 0x04, 0x04, 0x02, 0x02}},
    {0x232a, {0x00, 0x40, 0x40, 0x20, 0x20, 0x10, 0x10, 0x08, 0x04, 0x08, 0x10, 0x10, 0x20, 0x20, 0x40, 0x40}},
    {0x232b, {0x00, 0x00, 0x00, 0x00, 0x00, 0x00, 0x00, 0x3f, 0x55, 0x89, 0x55, 0x3f, 0x00, 0x00, 0x00, 0x00}},
    {0x2336, {0x00, 0x00, 0x00, 0x00, 0x7f, 0x08, 0x08, 0x08, 0x08, 0x08, 0x08, 0x08, 0x08, 0x7f, 0x00, 0x00}},
    {0x2337, {0x00, 0x00, 0x00, 0x00, 0x3e, 0x22, 0x22, 0x22, 0x22, 0x22, 0x22, 0x22, 0x22, 0x3e, 0x00, 0x00}},
    {0x2338, {0x00, 0x00, 0x00, 0x7f, 0x41, 0x41, 0x41, 0x7f, 0x41, 0x41, 0x7f, 0x41, 0x41, 0x7f, 0x00, 0x00}},
    {0x2339, {0x00, 0x00, 0x00, 0x7f, 0x41, 0x49, 0x49, 0x41, 0x7f, 0x41, 0x49, 0x49, 0x41, 0x7f, 0x00, 0x00}},
    {0x233a, {0x00, 0x00, 0x00, 0x7f, 0x41, 0x49, 0x55, 0x63, 0x41, 0x63, 0x55, 0x49, 0x41, 0x7f, 0x00, 0x00}},
    {0x233b, {0x00, 0x00, 0x00, 0x7f, 0x41, 0x41, 0x41, 0x49, 0x55, 0x55, 0x49, 0x41, 0x41, 0x7f, 0x00, 0x00}},
    {0x233c, {0x00, 0x00, 0x00, 0x7f, 0x41, 0x41, 0x5d, 0x63, 0x41, 0x41, 0x63, 0x5d, 0x41, 0x7f, 0x00, 0x00}},
    {0x233d, {0x00, 0x00, 0x00, 0x08, 0x08, 0x1c, 0x2a, 0x49, 0x49, 0x49, 0x2a, 0x1c, 0x08, 0x08, 0x00, 0x00}},
    {0x233e, {0x00, 0x00, 0x00, 0x00, 0x00, 0x1c, 0x22, 0x49, 0x55, 0x49, 0x22, 0x1c, 0x00, 0x00, 0x00, 0x00}},
    {0x233f, {0x00, 0x00, 0x00, 0x00, 0x02, 0x04, 0x04, 0x08, 0x08, 0xff, 0x10, 0x20, 0x20, 0x40, 0x00, 0x00}},
    {0x2340, {0x00, 0x00, 0x00, 0x00, 0x40, 0x20, 0x20, 0x10, 0x10, 0xff, 0x08, 0x04, 0x04, 0x02, 0x00, 0x00}},
    {0x2341, {0x00, 0x00, 0x00, 0x7f, 0x41, 0x43, 0x45, 0x45, 0x49, 0x51, 0x51, 0x61, 0x41, 0x7f, 0x00, 0x00}},
    {0x2342, {0x00, 0x00, 0x00, 0x7f, 0x41, 0x61, 0x51, 0x51, 0x49, 0x45, 0x45, 0x43, 0x41, 0x7f, 0x00, 0x00}},
    {0x2343, {0x00, 0x00, 0x00, 0x7f, 0x41, 0x41, 0x47, 0x59, 0x61, 0x59, 0x47, 0x41, 0x41, 0x7f, 0x00, 0x00}},
    {0x2344, {0x00, 0x00, 0x00, 0x7f, 0x41, 0x41, 0x71, 0x4d, 0x43, 0x4d, 0x71, 0x41, 0x41, 0x7f, 0x00, 0x00}},
    {0x2345, {0x00, 0x00, 0x00, 0x08, 0x08, 0x08, 0x08, 0x28, 0x7f, 0x28, 0x08, 0x08, 0x08, 0x08, 0x00, 0x00}},
    {0x2346, {0x00, 0x00, 0x00, 0x08, 0x08, 0x08, 0x08, 0x0a, 0x7f, 0x0a, 0x08, 0x08, 0x08, 0x08, 0x00, 0x00}},
    {0x2347, {0x00, 0x00, 0x00, 0x7f, 0x41, 0x41, 0x49, 0x51, 0x7f, 0x51, 0x49, 0x41, 0x41, 0x7f, 0x00, 0x00}},
    {0x2348, {0x00, 0x00, 0x00, 0x7f, 0x41, 0x41, 0x49, 0x45, 0x7f, 0x45, 0x49, 0x41, 0x41, 0x7f, 0x00, 0x00}},
    {0x2349, {0x00, 0x00, 0x00, 0x00, 0x00, 0x00, 0x00, 0x5c, 0x22, 0x51, 0x49, 0x45, 0x22, 0x1d, 0x00, 0x00}},
    {0x234a, {0x00, 0x00, 0x00, 0x00, 0x08, 0x08, 0x08, 0x08, 0x08, 0x08, 0x08, 0x7f, 0x00, 0x7f, 0x00, 0x00}},
    {0x234b, {0x00, 0x00, 0x00, 0x00, 0x08, 0x08, 0x08, 0x1c, 0x1c, 0x2a, 0x2a, 0x3e, 0x08, 0x08, 0x00, 0x00}},
    {0x234c, {0x00, 0x00, 0x7f, 0x41, 0x41, 0x41, 0x41, 0x63, 0x63, 0x55, 0x55, 0x49, 0x41, 0x7f, 0x00, 0x00}},
    {0x234d, {0x00, 0x00, 0x7f, 0x41, 0x41, 0x49, 0x49, 0x55, 0x55, 0x63, 0x63, 0x7f, 0x41, 0x7f, 0x00, 0x00}},
    {0x234e, {0x00, 0x00, 0x00, 0x00, 0x08, 0x08, 0x08, 0x1c, 0x2a, 0x2a, 0x1c, 0x08, 0x08, 0x7f, 0x00, 0x00}},
    {0x234f, {0x00, 0x00, 0x00, 0x00, 0x08, 0x1c, 0x2a, 0x08, 0x7f, 0x08, 0x08, 0x08, 0x08, 0x08, 0x00, 0x00}},
    {0x2350, {0x00, 0x00, 0x7f, 0x49, 0x5d, 0x6b, 0x49, 0x49, 0x49, 0x49, 0x49, 0x49, 0x49, 0x7f, 0x00, 0x00}},
    {0x2351, {0x00, 0x00, 0x00, 0x00, 0x3e, 0x00, 0x3e, 0x08, 0x08, 0x08, 0x08, 0x08, 0x08, 0x08, 0x00, 0x00}},
    {0x2352, {0x00, 0x00, 0x00, 0x00, 0x08, 0x08, 0x3e, 0x2a, 0x2a, 0x1c, 0x1c, 0x08, 0x08, 0x08, 0x00, 0x00}},
    {0x2353, {0x00, 0x00, 0x7f, 0x41, 0x49, 0x55, 0x55, 0x63, 0x63, 0x41, 0x41, 0x41, 0x41, 0x7f, 0x00, 0x00}},
    {0x2354, {0x00, 0x00, 0x7f, 0x41, 0x41, 0x7f, 0x63, 0x63, 0x55, 0x55, 0x49, 0x49, 0x41, 0x7f, 0x00, 0x00}},
    {0x2355, {0x00, 0x00, 0x00, 0x00, 0x7f, 0x08, 0x08, 0x1c, 0x2a, 0x2a, 0x1c, 0x08, 0x08, 0x08, 0x00, 0x00}},
    {0x2356, {0x00, 0x00, 0x00, 0x08, 0x08, 0x08, 0x08, 0x08, 0x08, 0x7f, 0x08, 0x2a, 0x1c, 0x08, 0x00, 0x00}},
    {0x2357, {0x00, 0x00, 0x7f, 0x49, 0x49, 0x49, 0x49, 0x49, 0x49, 0x49, 0x6b, 0x5d, 0x49, 0x7f, 0x00, 0x00}},
    {0x2358, {0x00, 0x00, 0x00, 0x00, 0x08, 0x08, 0x08, 0x00, 0x00, 0x00, 0x00, 0x00, 0x00, 0x3e, 0x00, 0x00}},
    {0x2359, {0x00, 0x00, 0x00, 0x00, 0x00, 0x08, 0x08, 0x14, 0x14, 0x22, 0x22, 0x3e, 0x00, 0x3e, 0x00, 0x00}},
    {0x235a, {0x00, 0x00, 0x00, 0x00, 0x00, 0x08, 0x14, 0x22, 0x41, 0x22, 0x14, 0x08, 0x00, 0x3e, 0x00, 0x00}},
    {0x235b, {0x00, 0x00, 0x00, 0x00, 0x00, 0x00, 0x00, 0x18, 0x24, 0x24, 0x18, 0x00, 0x00, 0x3e, 0x00, 0x00}},
    {0x235c, {0x00, 0x00, 0x00, 0x00, 0x00, 0x1c, 0x22, 0x41, 0x41, 0x41, 0x22, 0x1c, 0x00, 0x7f, 0x00, 0x00}},
    {0x235d, {0x00, 0x00, 0x00, 0x00, 0x1c, 0x22, 0x49, 0x55, 0x49, 0x41, 0x41, 0x41, 0x41, 0x41, 0x00, 0x00}},
    {0x235e, {0x00, 0x00, 0x7f, 0x41, 0x49, 0x49, 0x49, 0x41, 0x41, 0x41, 0x41, 0x41, 0x41, 0x7f, 0x00, 0x00}},
    {0x235f, {0x00, 0x00, 0x00, 0x00, 0x1c, 0x22, 0x49, 0x7f, 0x5d, 0x55, 0x22, 0x1c, 0x00, 0x00, 0x00, 0x00}},
    {0x2360, {0x00, 0x00, 0x7f, 0x41, 0x41, 0x49, 0x49, 0x41, 0x41, 0x49, 0x49, 0x41, 0x41, 0x7f, 0x00, 0x00}},
    {0x2361, {0x00, 0x24, 0x24, 0x00, 0x7f, 0x08, 0x08, 0x08, 0x08, 0x08, 0x08, 0x08, 0x08, 0x08, 0x00, 0x00}},
    {0x2362, {0x00, 0x24, 0x24, 0x00, 0x00, 0x3e, 0x22, 0x22, 0x14, 0x14, 0x08, 0x08, 0x00, 0x00, 0x00, 0x00}},
    {0x2363, {0x00, 0x24, 0x24, 0x00, 0x00, 0x08, 0x3e, 0x1c, 0x14, 0x00, 0x00, 0x00, 0x00, 0x00, 0x00, 0x00}},
    {0x2364, {0x00, 0x24, 0x24, 0x00, 0x00, 0x00, 0x00, 0x18, 0x24, 0x24, 0x18, 0x00, 0x00, 0x00, 0x00, 0x00}},
    {0x2365, {0x00, 0x24, 0x24, 0x00, 0x00, 0x00, 0x00, 0x1c, 0x22, 0x41, 0x41, 0x41, 0x22, 0x1c, 0x00, 0x00}},
    {0x2366, {0x00, 0x00, 0x00, 0x00, 0x49, 0x49, 0x49, 0x49, 0x49, 0x49, 0x49, 0x2a, 0x1c, 0x08, 0x00, 0x00}},
    {0x2367, {0x00, 0x00, 0x00, 0x08, 0x08, 0x1f, 0x28, 0x48, 0x48, 0x48, 0x28, 0x1f, 0x08, 0x08, 0x00, 0x00}},
    {0x2368, {0x00, 0x24, 0x24, 0x00, 0x00, 0x00, 0x00, 0x32, 0x4c, 0x00, 0x00, 0x00, 0x00, 0x00, 0x00, 0x00}},
    {0x2369, {0x00, 0x24, 0x24, 0x00, 0x40, 0x20, 0x10, 0x08, 0x04, 0x02, 0x04, 0x08, 0x10, 0x20, 0x40, 0x00}},
    {0x236a, {0x00, 0x00, 0x00, 0x00, 0x3c, 0x00, 0x00, 0x18, 0x08, 0x08, 0x10, 0x00, 0x00, 0x00, 0x00, 0x00}},
    {0x236b, {0x00, 0x00, 0x00, 0x00, 0x00, 0x3e, 0x22, 0x22, 0x14, 0x14, 0x39, 0x4e, 0x00, 0x00, 0x00, 0x00}},
    {0x236c, {0x00, 0x00, 0x00, 0x00, 0x1c, 0x22, 0x22, 0x22, 0x33, 0x6e, 0x22, 0x22, 0x22, 0x1c, 0x00, 0x00}},
    {0x236d, {0x00, 0x00, 0x00, 0x00, 0x08, 0x08, 0x08, 0x08, 0x08, 0x3a, 0x4c, 0x08, 0x08, 0x08, 0x00, 0x00}},
    {0x236e, {0x00, 0x00, 0x00, 0x00, 0x18, 0x18, 0x00, 0x00, 0x18, 0x08, 0x08, 0x10, 0x00, 0x3e, 0x00, 0x00}},
    {0x236f, {0x00, 0x00, 0x7f, 0x41, 0x43, 0x45, 0x7f, 0x49, 0x7f, 0x51, 0x61, 0x41, 0x41, 0x7f, 0x00, 0x00}},
    {0x2370, {0x00, 0x00, 0x7f, 0x41, 0x49, 0x55, 0x55, 0x45, 0x49, 0x49, 0x41, 0x49, 0x41, 0x7f, 0x00, 0x00}},
    {0x2371, {0x00, 0x00, 0x00, 0x00, 0x32, 0x4c, 0x00, 0x22, 0x22, 0x14, 0x14, 0x08, 0x00, 0x00, 0x00, 0x00}},
    {0x2372, {0x00, 0x00, 0x00, 0x00, 0x00, 0x32, 0x4c, 0x00, 0x08, 0x14, 0x14, 0x22, 0x22, 0x00, 0x00, 0x00}},
    {0x2373, {0x00, 0x00, 0x00, 0x00, 0x00, 0x00, 0x00, 0x18, 0x08, 0x08, 0x08, 0x08, 0x08, 0x06, 0x00, 0x00}},
    {0x2374, {0x00, 0x00, 0x00, 0x00, 0x00, 0x00, 0x3c, 0x42, 0x42, 0x42, 0x42, 0x42, 0x62, 0x5c, 0x40, 0x40}},
    {0x2375, {0x00, 0x00, 0x00, 0x00, 0x00, 0x00, 0x14, 0x22, 0x49, 0x49, 0x49, 0x49, 0x49, 0x36, 0x00, 0x00}},
    {0x2376, {0x00, 0x00, 0x00, 0x00, 0x00, 0x32, 0x4a, 0x44, 0x44, 0x44, 0x4a, 0x32, 0x00, 0x7e, 0x00, 0x00}},
    {0x2377, {0x00, 0x00, 0x00, 0x00, 0x00, 0x3e, 0x40, 0x40, 0x7c, 0x40, 0x40, 0x3e, 0x00, 0x7e, 0x00, 0x00}},
    {0x2378, {0x00, 0x00, 0x00, 0x00, 0x00, 0x18, 0x08, 0x08, 0x08, 0x08, 0x08, 0x06, 0x00, 0x1e, 0x00, 0x00}},
    {0x2379, {0x00, 0x00, 0x00, 0x00, 0x00, 0x22, 0x41, 0x49, 0x49, 0x49, 0x49, 0x36, 0x00, 0x7f, 0x00, 0x00}},
    {0x237a, {0x00, 0x00, 0x00, 0x00, 0x00, 0x00, 0x32, 0x4a, 0x44, 0x44, 0x44, 0x44, 0x4a, 0x32, 0x00, 0x00}},
    {0x237f, {0x00, 0x00, 0x08, 0x08, 0x08, 0x08, 0x08, 0x1c, 0x3e, 0x1c, 0x08, 0x08, 0x08, 0x08, 0x00, 0x00}},
    {0x2380, {0x00, 0x00, 0x00, 0x38, 0x04, 0x3c, 0x44, 0x44, 0x3a, 0x00, 0x82, 0x44, 0x28, 0x10, 0x00, 0x00}},
    {0x2395, {0x00, 0x00, 0x7f, 0x41, 0x41, 0x41, 0x41, 0x41, 0x41, 0x41, 0x41, 0x41, 0x41, 0x7f, 0x00, 0x00}},
    {0x2396, {0x00, 0x00, 0x00, 0x00, 0x00, 0x00, 0x7c, 0x7c, 0x78, 0x78, 0x70, 0x70, 0x60, 0x60, 0x40, 0x00}},
    {0x239b, {0x04, 0x08, 0x10, 0x10, 0x20, 0x20, 0x20, 0x40, 0x40, 0x40, 0x40, 0x40, 0x40, 0x40, 0x40, 0x40}},
    {0x239c, {0x40, 0x40, 0x40, 0x40, 0x40, 0x40, 0x40, 0x40, 0x40, 0x40, 0x40, 0x40, 0x40, 0x40, 0x40, 0x40}},
    {0x239d, {0x40, 0x40, 0x40, 0x40, 0x40, 0x40, 0x40, 0x40, 0x40, 0x20, 0x20, 0x20, 0x10, 0x10, 0x08, 0x04}},
    {0x239e, {0x40, 0x20, 0x10, 0x10, 0x08, 0x08, 0x08, 0x04, 0x04, 0x04, 0x04, 0x04, 0x04, 0x04, 0x04, 0x04}},
    {0x239f, {0x04, 0x04, 0x04, 0x04, 0x04, 0x04, 0x04, 0x04, 0x04, 0x04, 0x04, 0x04, 0x04, 0x04, 0x04, 0x04}},
    {0x23a0, {0x04, 0x04, 0x04, 0x04, 0x04, 0x04, 0x04, 0x04, 0x04, 0x08, 0x08, 0x08, 0x10, 0x10, 0x20, 0x40}},
    {0x23a1, {0x7c, 0x40, 0x40, 0x40, 0x40, 0x40, 0x40, 0x40, 0x40, 0x40, 0x40, 0x40, 0x40, 0x40, 0x40, 0x40}},
    {0x23a2, {0x40, 0x40, 0x40, 0x40, 0x40, 0x40, 0x40, 0x40, 0x40, 0x40, 0x40, 0x40, 0x40, 0x40, 0x40, 0x40}},
    {0x23a3, {0x40, 0x40, 0x40, 0x40, 0x40, 0x40, 0x40, 0x40, 0x40, 0x40, 0x40, 0x40, 0x40, 0x40, 0x40, 0x7c}},
    {0x23a4, {0x7c, 0x04, 0x04, 0x04, 0x04, 0x04, 0x04, 0x04, 0x04, 0x04, 0x04, 0x04, 0x04, 0x04, 0x04, 0x04}},
    {0x23a5, {0x04, 0x04, 0x04, 0x04, 0x04, 0x04, 0x04, 0x04, 0x04, 0x04, 0x04, 0x04, 0x04, 0x04, 0x04, 0x04}},
    {0x23a6, {0x04, 0x04, 0x04, 0x04, 0x04, 0x04, 0x04, 0x04, 0x04, 0x04, 0x04, 0x04, 0x04, 0x04, 0x04, 0x7c}},
    {0x23a7, {0x0e, 0x10, 0x20, 0x20, 0x20, 0x20, 0x20, 0x20, 0x20, 0x20, 0x20, 0x20, 0x20, 0x20, 0x20, 0x20}},
    {0x23a8, {0x20, 0x20, 0x20, 0x20, 0x20, 0x20, 0x20, 0xc0, 0xc0, 0x20, 0x20, 0x20, 0x20, 0x20, 0x20, 0x20}},
    {0x23a9, {0x20, 0x20, 0x20, 0x20, 0x20, 0x20, 0x20, 0x20, 0x20, 0x20, 0x20, 0x20, 0x20, 0x20, 0x10, 0x0e}},
    {0x23aa, {0x18, 0x18, 0x18, 0x18, 0x18, 0x18, 0x18, 0x18, 0x18, 0x18, 0x18, 0x18, 0x18, 0x18, 0x18, 0x18}},
    {0x23ab, {0xe0, 0x10, 0x08, 0x08, 0x08, 0x08, 0x08, 0x08, 0x08, 0x08, 0x08, 0x08, 0x08, 0x08, 0x08, 0x08}},
    {0x23ac, {0x08, 0x08, 0x08, 0x08, 0x08, 0x08, 0x08, 0x06, 0x06, 0x08, 0x08, 0x08, 0x08, 0x08, 0x08, 0x08}},
    {0x23ad, {0x08, 0x08, 0x08, 0x08, 0x08, 0x08, 0x08, 0x08, 0x08, 0x08, 0x08, 0x08, 0x08, 0x08, 0x10, 0xe0}},
    {0x23ae, {0x10, 0x10, 0x10, 0x10, 0x10, 0x10, 0x10, 0x10, 0x10, 0x10, 0x10, 0x10, 0x10, 0x10, 0x10, 0x10}},
    {0x23af, {0x00, 0x00, 0x00, 0x00, 0x00, 0x00, 0x00, 0xff, 0x00, 0x00, 0x00, 0x00, 0x00, 0x00, 0x00, 0x00}},
    {0x23b0, {0x06, 0x0c, 0x18, 0x18, 0x18, 0x18, 0x18, 0x18, 0x18, 0x18, 0x18, 0x18, 0x18, 0x18, 0x30, 0x60}},
    {0x23b1, {0x60, 0x30, 0x18, 0x18, 0x18, 0x18, 0x18, 0x18, 0x18, 0x18, 0x18, 0x18, 0x18, 0x18, 0x0c, 0x06}},
    {0x23b7, {0x08, 0x08, 0x08, 0x08, 0x08, 0x08, 0x08, 0x08, 0x68, 0x28, 0x28, 0x18, 0x18, 0x08, 0x08, 0x00}},
    {0x23b8, {0x80, 0x80, 0x80, 0x80, 0x80, 0x80, 0x80, 0x80, 0x80, 0x80, 0x80, 0x80, 0x80, 0x80, 0x80, 0x80}},
    {0x23b9, {0x01, 0x01, 0x01, 0x01, 0x01, 0x01, 0x01, 0x01, 0x01, 0x01, 0x01, 0x01, 0x01, 0x01, 0x01, 0x01}},
    {0x23ba, {0xff, 0x00, 0x00, 0x00, 0x00, 0x00, 0x00, 0x00, 0x00, 0x00, 0x00, 0x00, 0x00, 0x00, 0x00, 0x00}},
    {0x23bb, {0x00, 0x00, 0x00, 0x00, 0xff, 0x00, 0x00, 0x00, 0x00, 0x00, 0x00, 0x00, 0x00, 0x00, 0x00, 0x00}},
    {0x23bc, {0x00, 0x00, 0x00, 0x00, 0x00, 0x00, 0x00, 0x00, 0x00, 0x00, 0x00, 0xff, 0x00, 0x00, 0x00, 0x00}},
    {0x23bd, {0x00, 0x00, 0x00, 0x00, 0x00, 0x00, 0x00, 0x00, 0x00, 0x00, 0x00, 0x00, 0x00, 0x00, 0x00, 0xff}},
    {0x23be, {0x00, 0x3f, 0x20, 0x20, 0x20, 0x20, 0x20, 0x20, 0x20, 0x20, 0x20, 0x20, 0x20, 0x20, 0x20, 0x00}},
    {0x23bf, {0x00, 0x20, 0x20, 0x20, 0x20, 0x20, 0x20, 0x20, 0x20, 0x20, 0x20, 0x20, 0x20, 0x20, 0x3f, 0x00}},
    {0x23cb, {0x00, 0xfc, 0x04, 0x04, 0x04, 0x04, 0x04, 0x04, 0x04, 0x04, 0x04, 0x04, 0x04, 0x04, 0x04, 0x00}},
    {0x23cc, {0x00, 0x04, 0x04, 0x04, 0x04, 0x04, 0x04, 0x04, 0x04, 0x04, 0x04, 0x04, 0x04, 0x04, 0xfc, 0x00}},
    {0x23cf, {0x00, 0x00, 0x00, 0x00, 0x00, 0x00, 0x10, 0x38, 0x7c, 0xfe, 0x00, 0xfe, 0xfe, 0xfe, 0x00, 0x00}},
    {0x23d0, {0x10, 0x10, 0x10, 0x10, 0x10, 0x10, 0x10, 0x10, 0x10, 0x10, 0x10, 0x10, 0x10, 0x10, 0x10, 0x10}},
    {0x23d1, {0x00, 0x00, 0x00, 0x00, 0x00, 0x00, 0x00, 0x00, 0x82, 0x44, 0x38, 0x00, 0x00, 0x00, 0x00, 0x00}},
    {0x23d2, {0x00, 0x00, 0x00, 0x00, 0x00, 0x00, 0xfe, 0x00, 0x82, 0x44, 0x38, 0x00, 0x00, 0x00, 0x00, 0x00}},
    {0x23d3, {0x00, 0x00, 0x00, 0x00, 0x00, 0x00, 0x00, 0x00, 0x82, 0x44, 0x38, 0x00, 0xfe, 0x00, 0x00, 0x00}},
    {0x23da, {0x08, 0x08, 0x08, 0x08, 0x08, 0x08, 0x08, 0x08, 0x08, 0x08, 0x08, 0x7f, 0x00, 0x1c, 0x00, 0x08}},
    {0x23e8, {0x00, 0x00, 0x00, 0x00, 0x00, 0x00, 0x00, 0x00, 0x24, 0x6a, 0x2a, 0x2a, 0x2a, 0x24, 0x00, 0x00}},
    {0x23f3, {0x00, 0x00, 0xfe, 0x44, 0x44, 0x5c, 0x3c, 0x38, 0x18, 0x38, 0x24, 0x54, 0x7c, 0x7c, 0xfe, 0x00}},
    {0x23f8, {0x00, 0x00, 0x00, 0x3c, 0x3c, 0x3c, 0x3c, 0x3c, 0x3c, 0x3c, 0x3c, 0x3c, 0x3c, 0x3c, 0x00, 0x00}},
    {0x2409, {0x00, 0x88, 0x88, 0xf8, 0x88, 0x88, 0x88, 0x00, 0x1f, 0x04, 0x04, 0x04, 0x04, 0x04, 0x00, 0x00}},
    {0x240a, {0x00, 0x80, 0x80, 0x80, 0x80, 0x80, 0xf8, 0x00, 0x1f, 0x10, 0x1c, 0x10, 0x10, 0x10, 0x00, 0x00}},
    {0x240b, {0x00, 0x88, 0x88, 0x50, 0x50, 0x20, 0x20, 0x00, 0x1f, 0x04, 0x04, 0x04, 0x04, 0x04, 0x00, 0x00}},
    {0x240c, {0x00, 0xf8, 0x80, 0xe0, 0x80, 0x80, 0x80, 0x00, 0x1f, 0x10, 0x1c, 0x10, 0x10, 0x10, 0x00, 0x00}},
    {0x240d, {0x00, 0x70, 0x88, 0x80, 0x80, 0x88, 0x70, 0x00, 0x1e, 0x11, 0x11, 0x1e, 0x12, 0x11, 0x00, 0x00}},
    {0x2422, {0x00, 0x00, 0x00, 0x00, 0x14, 0x18, 0x10, 0x30, 0x5c, 0x12, 0x12, 0x12, 0x12, 0x1c, 0x00, 0x00}},
    {0x2423, {0x00, 0x00, 0x00, 0x00, 0x00, 0x00, 0x00, 0x00, 0x00, 0x00, 0x00, 0x00, 0x42, 0x7e, 0x00, 0x00}},
    {0x2424, {0x00, 0x88, 0xc8, 0xa8, 0x98, 0x88, 0x88, 0x00, 0x10, 0x10, 0x10, 0x10, 0x10, 0x1f, 0x00, 0x00}},
    {0x2425, {0x00, 0x00, 0x00, 0x00, 0x00, 0x01, 0x0a, 0x15, 0x2a, 0x54, 0x28, 0x40, 0x00, 0x00, 0x00, 0x00}},
    {0x2426, {0x00, 0x00, 0x00, 0x00, 0x3c, 0x42, 0x42, 0x40, 0x20, 0x10, 0x10, 0x00, 0x10, 0x10, 0x00, 0x00}},
    {0x2427, {0x00, 0x00, 0x00, 0x00, 0x00, 0x00, 0x55, 0x2a, 0x55, 0x2a, 0x55, 0x2a, 0x55, 0x00, 0x00, 0x00}},
    {0x2428, {0x00, 0x00, 0x00, 0x00, 0x2a, 0x55, 0x2a, 0x55, 0x2a, 0x55, 0x2a, 0x55, 0x2a, 0x55, 0x2a, 0x00}},
    {0x2429, {0xcc, 0xcc, 0x33, 0x33, 0xcc, 0xcc, 0x33, 0x33, 0xcc, 0xcc, 0x33, 0x33, 0xcc, 0xcc, 0x33, 0x33}},
    {0x24d8, {0x38, 0x64, 0x52, 0x92, 0x82, 0x91, 0x91, 0x91, 0x91, 0x91, 0x92, 0xba, 0x42, 0x64, 0x38, 0x00}},
    {0x2500, {0x00, 0x00, 0x00, 0x00, 0x00, 0x00, 0x00, 0xff, 0x00, 0x00, 0x00, 0x00, 0x00, 0x00, 0x00, 0x00}},
    {0x2501, {0x00, 0x00, 0x00, 0x00, 0x00, 0x00, 0x00, 0xff, 0xff, 0x00, 0x00, 0x00, 0x00, 0x00, 0x00, 0x00}},
    {0x2502, {0x10, 0x10, 0x10, 0x10, 0x10, 0x10, 0x10, 0x10, 0x10, 0x10, 0x10, 0x10, 0x10, 0x10, 0x10, 0x10}},
    {0x2503, {0x18, 0x18, 0x18, 0x18, 0x18, 0x18, 0x18, 0x18, 0x18, 0x18, 0x18, 0x18, 0x18, 0x18, 0x18, 0x18}},
    {0x2504, {0x00, 0x00, 0x00, 0x00, 0x00, 0x00, 0x00, 0xdb, 0x00, 0x00, 0x00, 0x00, 0x00, 0x00, 0x00, 0x00}},
    {0x2505, {0x00, 0x00, 0x00, 0x00, 0x00, 0x00, 0x00, 0xdb, 0xdb, 0x00, 0x00, 0x00, 0x00, 0x00, 0x00, 0x00}},
    {0x2506, {0x08, 0x08, 0x08, 0x08, 0x00, 0x00, 0x08, 0x08, 0x08, 0x08, 0x00, 0x00, 0x08, 0x08, 0x08, 0x08}},
    {0x2507, {0x18, 0x18, 0x18, 0x18, 0x00, 0x00, 0x18, 0x18, 0x18, 0x18, 0x00, 0x00, 0x18, 0x18, 0x18, 0x18}},
    {0x2508, {0x00, 0x00, 0x00, 0x00, 0x00, 0x00, 0x00, 0xaa, 0x00, 0x00, 0x00, 0x00, 0x00, 0x00, 0x00, 0x00}},
    {0x2509, {0x00, 0x00, 0x00, 0x00, 0x00, 0x00, 0x00, 0xaa, 0xaa, 0x00, 0x00, 0x00, 0x00, 0x00, 0x00, 0x00}},
    {0x250a, {0x10, 0x10, 0x10, 0x00, 0x10, 0x10, 0x10, 0x00, 0x10, 0x10, 0x10, 0x00, 0x10, 0x10, 0x10, 0x00}},
    {0x250b, {0x18, 0x18, 0x18, 0x00, 0x18, 0x18, 0x18, 0x00, 0x18, 0x18, 0x18, 0x00, 0x18, 0x18, 0x18, 0x00}},
    {0x250c, {0x00, 0x00, 0x00, 0x00, 0x00, 0x00, 0x00, 0x1f, 0x10, 0x10, 0x10, 0x10, 0x10, 0x10, 0x10, 0x10}},
    {0x250d, {0x00, 0x00, 0x00, 0x00, 0x00, 0x00, 0x00, 0x1f, 0x1f, 0x10, 0x10, 0x10, 0x10, 0x10, 0x10, 0x10}},
    {0x250e, {0x00, 0x00, 0x00, 0x00, 0x00, 0x00, 0x00, 0x1f, 0x18, 0x18, 0x18, 0x18, 0x18, 0x18, 0x18, 0x18}},
    {0x250f, {0x00, 0x00, 0x00, 0x00, 0x00, 0x00, 0x00, 0x1f, 0x1f, 0x18, 0x18, 0x18, 0x18, 0x18, 0x18, 0x18}},
    {0x2510, {0x00, 0x00, 0x00, 0x00, 0x00, 0x00, 0x00, 0xf0, 0x10, 0x10, 0x10, 0x10, 0x10, 0x10, 0x10, 0x10}},
    {0x2511, {0x00, 0x00, 0x00, 0x00, 0x00, 0x00, 0x00, 0xf0, 0xf0, 0x10, 0x10, 0x10, 0x10, 0x10, 0x10, 0x10}},
    {0x2512, {0x00, 0x00, 0x00, 0x00, 0x00, 0x00, 0x00, 0xf8, 0x18, 0x18, 0x18, 0x18, 0x18, 0x18, 0x18, 0x18}},
    {0x2513, {0x00, 0x00, 0x00, 0x00, 0x00, 0x00, 0x00, 0xf8, 0xf8, 0x18, 0x18, 0x18, 0x18, 0x18, 0x18, 0x18}},
    {0x2514, {0x10, 0x10, 0x10, 0x10, 0x10, 0x10, 0x10, 0x1f, 0x00, 0x00, 0x00, 0x00, 0x00, 0x00, 0x00, 0x00}},
    {0x2515, {0x10, 0x10, 0x10, 0x10, 0x10, 0x10, 0x10, 0x1f, 0x1f, 0x00, 0x00, 0x00, 0x00, 0x00, 0x00, 0x00}},
    {0x2516, {0x18, 0x18, 0x18, 0x18, 0x18, 0x18, 0x18, 0x1f, 0x00, 0x00, 0x00, 0x00, 0x00, 0x00, 0x00, 0x00}},
    {0x2517, {0x18, 0x18, 0x18, 0x18, 0x18, 0x18, 0x18, 0x1f, 0x1f, 0x00, 0x00, 0x00, 0x00, 0x00, 0x00, 0x00}},
    {0x2518, {0x10, 0x10, 0x10, 0x10, 0x10, 0x10, 0x10, 0xf0, 0x00, 0x00, 0x00, 0x00, 0x00, 0x00, 0x00, 0x00}},
    {0x2519, {0x10, 0x10, 0x10, 0x10, 0x10, 0x10, 0x10, 0xf0, 0xf0, 0x00, 0x00, 0x00, 0x00, 0x00, 0x00, 0x00}},
    {0x251a, {0x18, 0x18, 0x18, 0x18, 0x18, 0x18, 0x18, 0xf8, 0x00, 0x00, 0x00, 0x00, 0x00, 0x00, 0x00, 0x00}},
    {0x251b, {0x18, 0x18, 0x18, 0x18, 0x18, 0x18, 0x18, 0xf8, 0xf8, 0x00, 0x00, 0x00, 0x00, 0x00, 0x00, 0x00}},
    {0x251c, {0x10, 0x10, 0x10, 0x10, 0x10, 0x10, 0x10, 0x1f, 0x10, 0x10, 0x10, 0x10, 0x10, 0x10, 0x10, 0x10}},
    {0x251d, {0x10, 0x10, 0x10, 0x10, 0x10, 0x10, 0x10, 0x1f, 0x1f, 0x10, 0x10, 0x10, 0x10, 0x10, 0x10, 0x10}},
    {0x251e, {0x18, 0x18, 0x18, 0x18, 0x18, 0x18, 0x18, 0x1f, 0x10, 0x10, 0x10, 0x10, 0x10, 0x10, 0x10, 0x10}},
    {0x251f, {0x10, 0x10, 0x10, 0x10, 0x10, 0x10, 0x10, 0x1f, 0x18, 0x18, 0x18, 0x18, 0x18, 0x18, 0x18, 0x18}},
    {0x2520, {0x18, 0x18, 0x18, 0x18, 0x18, 0x18, 0x18, 0x1f, 0x18, 0x18, 0x18, 0x18, 0x18, 0x18, 0x18, 0x18}},
    {0x2521, {0x18, 0x18, 0x18, 0x18, 0x18, 0x18, 0x18, 0x1f, 0x1f, 0x10, 0x10, 0x10, 0x10, 0x10, 0x10, 0x10}},
    {0x2522, {0x10, 0x10, 0x10, 0x10, 0x10, 0x10, 0x10, 0x1f, 0x1f, 0x18, 0x18, 0x18, 0x18, 0x18, 0x18, 0x18}},
    {0x2523, {0x18, 0x18, 0x18, 0x18, 0x18, 0x18, 0x18, 0x1f, 0x1f, 0x18, 0x18, 0x18, 0x18, 0x18, 0x18, 0x18}},
    {0x2524, {0x10, 0x10, 0x10, 0x10, 0x10, 0x10, 0x10, 0xf0, 0x10, 0x10, 0x10, 0x10, 0x10, 0x10, 0x10, 0x10}},
    {0x2525, {0x10, 0x10, 0x10, 0x10, 0x10, 0x10, 0x10, 0xf0, 0xf0, 0x10, 0x10, 0x10, 0x10, 0x10, 0x10, 0x10}},
    {0x2526, {0x18, 0x18, 0x18, 0x18, 0x18, 0x18, 0x18, 0xf8, 0x10, 0x10, 0x10, 0x10, 0x10, 0x10, 0x10, 0x10}},
    {0x2527, {0x10, 0x10, 0x10, 0x10, 0x10, 0x10, 0x10, 0xf8, 0x18, 0x18, 0x18, 0x18, 0x18, 0x18, 0x18, 0x18}},
    {0x2528, {0x18, 0x18, 0x18, 0x18, 0x18, 0x18, 0x18, 0xf8, 0x18, 0x18, 0x18, 0x18, 0x18, 0x18, 0x18, 0x18}},
    {0x2529, {0x18, 0x18, 0x18, 0x18, 0x18, 0x18, 0x18, 0xf8, 0xf8, 0x10, 0x10, 0x10, 0x10, 0x10, 0x10, 0x10}},
    {0x252a, {0x10, 0x10, 0x10, 0x10, 0x10, 0x10, 0x10, 0xf8, 0xf8, 0x18, 0x18, 0x18, 0x18, 0x18, 0x18, 0x18}},
    {0x252b, {0x18, 0x18, 0x18, 0x18, 0x18, 0x18, 0x18, 0xf8, 0xf8, 0x18, 0x18, 0x18, 0x18, 0x18, 0x18, 0x18}},
    {0x252c, {0x00, 0x00, 0x00, 0x00, 0x00, 0x00, 0x00, 0xff, 0x10, 0x10, 0x10, 0x10, 0x10, 0x10, 0x10, 0x10}},
    {0x252d, {0x00, 0x00, 0x00, 0x00, 0x00, 0x00, 0x00, 0xff, 0xf0, 0x10, 0x10, 0x10, 0x10, 0x10, 0x10, 0x10}},
    {0x252e, {0x00, 0x00, 0x00, 0x00, 0x00, 0x00, 0x00, 0xff, 0x1f, 0x10, 0x10, 0x10, 0x10, 0x10, 0x10, 0x10}},
    {0x252f, {0x00, 0x00, 0x00, 0x00, 0x00, 0x00, 0x00, 0xff, 0xff, 0x10, 0x10, 0x10, 0x10, 0x10, 0x10, 0x10}},
    {0x2530, {0x00, 0x00, 0x00, 0x00, 0x00, 0x00, 0x00, 0xff, 0x18, 0x18, 0x18, 0x18, 0x18, 0x18, 0x18, 0x18}},
    {0x2531, {0x00, 0x00, 0x00, 0x00, 0x00, 0x00, 0x00, 0xff, 0xf8, 0x18, 0x18, 0x18, 0x18, 0x18, 0x18, 0x18}},
    {0x2532, {0x00, 0x00, 0x00, 0x00, 0x00, 0x00, 0x00, 0xff, 0x1f, 0x18, 0x18, 0x18, 0x18, 0x18, 0x18, 0x18}},
    {0x2533, {0x00, 0x00, 0x00, 0x00, 0x00, 0x00, 0x00, 0xff, 0xff, 0x18, 0x18, 0x18, 0x18, 0x18, 0x18, 0x18}},
    {0x2534, {0x10, 0x10, 0x10, 0x10, 0x10, 0x10, 0x10, 0xff, 0x00, 0x00, 0x00, 0x00, 0x00, 0x00, 0x00, 0x00}},
    {0x2535, {0x10, 0x10, 0x10, 0x10, 0x10, 0x10, 0x10, 0xff, 0xf0, 0x00, 0x00, 0x00, 0x00, 0x00, 0x00, 0x00}},
    {0x2536, {0x10, 0x10, 0x10, 0x10, 0x10, 0x10, 0x10, 0xff, 0x1f, 0x00, 0x00, 0x00, 0x00, 0x00, 0x00, 0x00}},
    {0x2537, {0x10, 0x10, 0x10, 0x10, 0x10, 0x10, 0x10, 0xff, 0xff, 0x00, 0x00, 0x00, 0x00, 0x00, 0x00, 0x00}},
    {0x2538, {0x18, 0x18, 0x18, 0x18, 0x18, 0x18, 0x18, 0xff, 0x00, 0x00, 0x00, 0x00, 0x00, 0x00, 0x00, 0x00}},
    {0x2539, {0x18, 0x18, 0x18, 0x18, 0x18, 0x18, 0x18, 0xff, 0xf8, 0x00, 0x00, 0x00, 0x00, 0x00, 0x00, 0x00}},
    {0x253a, {0x18, 0x18, 0x18, 0x18, 0x18, 0x18, 0x18, 0xff, 0x1f, 0x00, 0x00, 0x00, 0x00, 0x00, 0x00, 0x00}},
    {0x253b, {0x18, 0x18, 0x18, 0x18, 0x18, 0x18, 0x18, 0xff, 0xff, 0x00, 0x00, 0x00, 0x00, 0x00, 0x00, 0x00}},
    {0x253c, {0x10, 0x10, 0x10, 0x10, 0x10, 0x10, 0x10, 0xff, 0x10, 0x10, 0x10, 0x10, 0x10, 0x10, 0x10, 0x10}},
    {0x253d, {0x10, 0x10, 0x10, 0x10, 0x10, 0x10, 0x10, 0xff, 0xf0, 0x10, 0x10, 0x10, 0x10, 0x10, 0x10, 0x10}},
    {0x253e, {0x10, 0x10, 0x10, 0x10, 0x10, 0x10, 0x10, 0xff, 0x1f, 0x10, 0x10, 0x10, 0x10, 0x10, 0x10, 0x10}},
    {0x253f, {0x10, 0x10, 0x10, 0x10, 0x10, 0x10, 0x10, 0xff, 0xff, 0x10, 0x10, 0x10, 0x10, 0x10, 0x10, 0x10}},
    {0x2540, {0x18, 0x18, 0x18, 0x18, 0x18, 0x18, 0x18, 0xff, 0x10, 0x10, 0x10, 0x10, 0x10, 0x10, 0x10, 0x10}},
    {0x2541, {0x10, 0x10, 0x10, 0x10, 0x10, 0x10, 0x10, 0xff, 0x18, 0x18, 0x18, 0x18, 0x18, 0x18, 0x18, 0x18}},
    {0x2542, {0x18, 0x18, 0x18, 0x18, 0x18, 0x18, 0x18, 0xff, 0x18, 0x18, 0x18, 0x18, 0x18, 0x18, 0x18, 0x18}},
    {0x2543, {0x18, 0x18, 0x18, 0x18, 0x18, 0x18, 0x18, 0xff, 0xf0, 0x10, 0x10, 0x10, 0x10, 0x10, 0x10, 0x10}},
    {0x2544, {0x18, 0x18, 0x18, 0x18, 0x18, 0x18, 0x18, 0xff, 0x1f, 0x10, 0x10, 0x10, 0x10, 0x10, 0x10, 0x10}},
    {0x2545, {0x10, 0x10, 0x10, 0x10, 0x10, 0x10, 0x10, 0xff, 0xf8, 0x18, 0x18, 0x18, 0x18, 0x18, 0x18, 0x18}},
    {0x2546, {0x10, 0x10, 0x10, 0x10, 0x10, 0x10, 0x10, 0xff, 0x1f, 0x18, 0x18, 0x18, 0x18, 0x18, 0x18, 0x18}},
    {0x2547, {0x18, 0x18, 0x18, 0x18, 0x18, 0x18, 0x18, 0xff, 0xff, 0x10, 0x10, 0x10, 0x10, 0x10, 0x10, 0x10}},
    {0x2548, {0x10, 0x10, 0x10, 0x10, 0x10, 0x10, 0x10, 0xff, 0xff, 0x18, 0x18, 0x18, 0x18, 0x18, 0x18, 0x18}},
    {0x2549, {0x18, 0x18, 0x18, 0x18, 0x18, 0x18, 0x18, 0xff, 0xf8, 0x18, 0x18, 0x18, 0x18, 0x18, 0x18, 0x18}},
    {0x254a, {0x18, 0x18, 0x18, 0x18, 0x18, 0x18, 0x18, 0xff, 0x1f, 0x18, 0x18, 0x18, 0x18, 0x18, 0x18, 0x18}},
    {0x254b, {0x18, 0x18, 0x18, 0x18, 0x18, 0x18, 0x18, 0xff, 0xff, 0x18, 0x18, 0x18, 0x18, 0x18, 0x18, 0x18}},
    {0x254c, {0x00, 0x00, 0x00, 0x00, 0x00, 0x00, 0x00, 0xee, 0x00, 0x00, 0x00, 0x00, 0x00, 0x00, 0x00, 0x00}},
    {0x254d, {0x00, 0x00, 0x00, 0x00, 0x00, 0x00, 0x00, 0xee, 0xee, 0x00, 0x00, 0x00, 0x00, 0x00, 0x00, 0x00}},
    {0x254e, {0x08, 0x08, 0x08, 0x08, 0x08, 0x08, 0x00, 0x00, 0x08, 0x08, 0x08, 0x08, 0x08, 0x08, 0x00, 0x00}},
    {0x254f, {0x18, 0x18, 0x18, 0x18, 0x18, 0x18, 0x00, 0x00, 0x18, 0x18, 0x18, 0x18, 0x18, 0x18, 0x00, 0x00}},
    {0x2550, {0x00, 0x00, 0x00, 0x00, 0x00, 0x00, 0xff, 0x00, 0xff, 0x00, 0x00, 0x00, 0x00, 0x00, 0x00, 0x00}},
    {0x2551, {0x28, 0x28, 0x28, 0x28, 0x28, 0x28, 0x28, 0x28, 0x28, 0x28, 0x28, 0x28, 0x28, 0x28, 0x28, 0x28}},
    {0x2552, {0x00, 0x00, 0x00, 0x00, 0x00, 0x00, 0x1f, 0x10, 0x1f, 0x10, 0x10, 0x10, 0x10, 0x10, 0x10, 0x10}},
    {0x2553, {0x00, 0x00, 0x00, 0x00, 0x00, 0x00, 0x00, 0x3f, 0x28, 0x28, 0x28, 0x28, 0x28, 0x28, 0x28, 0x28}},
    {0x2554, {0x00, 0x00, 0x00, 0x00, 0x00, 0x00, 0x3f, 0x20, 0x2f, 0x28, 0x28, 0x28, 0x28, 0x28, 0x28, 0x28}},
    {0x2555, {0x00, 0x00, 0x00, 0x00, 0x00, 0x00, 0xf0, 0x10, 0xf0, 0x10, 0x10, 0x10, 0x10, 0x10, 0x10, 0x10}},
    {0x2556, {0x00, 0x00, 0x00, 0x00, 0x00, 0x00, 0x00, 0xf8, 0x28, 0x28, 0x28, 0x28, 0x28, 0x28, 0x28, 0x28}},
    {0x2557, {0x00, 0x00, 0x00, 0x00, 0x00, 0x00, 0xf8, 0x08, 0xe8, 0x28, 0x28, 0x28, 0x28, 0x28, 0x28, 0x28}},
    {0x2558, {0x10, 0x10, 0x10, 0x10, 0x10, 0x10, 0x1f, 0x10, 0x1f, 0x00, 0x00, 0x00, 0x00, 0x00, 0x00, 0x00}},
    {0x2559, {0x28, 0x28, 0x28, 0x28, 0x28, 0x28, 0x28, 0x3f, 0x00, 0x00, 0x00, 0x00, 0x00, 0x00, 0x00, 0x00}},
    {0x255a, {0x28, 0x28, 0x28, 0x28, 0x28, 0x28, 0x2f, 0x20, 0x3f, 0x00, 0x00, 0x00, 0x00, 0x00, 0x00, 0x00}},
    {0x255b, {0x10, 0x10, 0x10, 0x10, 0x10, 0x10, 0xf0, 0x10, 0xf0, 0x00, 0x00, 0x00, 0x00, 0x00, 0x00, 0x00}},
    {0x255c, {0x28, 0x28, 0x28, 0x28, 0x28, 0x28, 0x28, 0xf8, 0x00, 0x00, 0x00, 0x00, 0x00, 0x00, 0x00, 0x00}},
    {0x255d, {0x28, 0x28, 0x28, 0x28, 0x28, 0x28, 0xe8, 0x08, 0xf8, 0x00, 0x00, 0x00, 0x00, 0x00, 0x00, 0x00}},
    {0x255e, {0x10, 0x10, 0x10, 0x10, 0x10, 0x10, 0x1f, 0x10, 0x1f, 0x10, 0x10, 0x10, 0x10, 0x10, 0x10, 0x10}},
    {0x255f, {0x28, 0x28, 0x28, 0x28, 0x28, 0x28, 0x28, 0x2f, 0x28, 0x28, 0x28, 0x28, 0x28, 0x28, 0x28, 0x28}},
    {0x2560, {0x28, 0x28, 0x28, 0x28, 0x28, 0x28, 0x2f, 0x20, 0x2f, 0x28, 0x28, 0x28, 0x28, 0x28, 0x28, 0x28}},
    {0x2561, {0x10, 0x10, 0x10, 0x10, 0x10, 0x10, 0xf0, 0x10, 0xf0, 0x10, 0x10, 0x10, 0x10, 0x10, 0x10, 0x10}},
    {0x2562, {0x28, 0x28, 0x28, 0x28, 0x28, 0x28, 0x28, 0xe8, 0x28, 0x28, 0x28, 0x28, 0x28, 0x28, 0x28, 0x28}},
    {0x2563, {0x28, 0x28, 0x28, 0x28, 0x28, 0x28, 0xe8, 0x08, 0xe8, 0x28, 0x28, 0x28, 0x28, 0x28, 0x28, 0x28}},
    {0x2564, {0x00, 0x00, 0x00, 0x00, 0x00, 0x00, 0xff, 0x00, 0xff, 0x10, 0x10, 0x10, 0x10, 0x10, 0x10, 0x10}},
    {0x2565, {0x00, 0x00, 0x00, 0x00, 0x00, 0x00, 0x00, 0xff, 0x28, 0x28, 0x28, 0x28, 0x28, 0x28, 0x28, 0x28}},
    {0x2566, {0x00, 0x00, 0x00, 0x00, 0x00, 0x00, 0xff, 0x00, 0xef, 0x28, 0x28, 0x28, 0x28, 0x28, 0x28, 0x28}},
    {0x2567, {0x10, 0x10, 0x10, 0x10, 0x10, 0x10, 0xff, 0x00, 0xff, 0x00, 0x00, 0x00, 0x00, 0x00, 0x00, 0x00}},
    {0x2568, {0x28, 0x28, 0x28, 0x28, 0x28, 0x28, 0x28, 0xff, 0x00, 0x00, 0x00, 0x00, 0x00, 0x00, 0x00, 0x00}},
    {0x2569, {0x28, 0x28, 0x28, 0x28, 0x28, 0x28, 0xef, 0x00, 0xff, 0x00, 0x00, 0x00, 0x00, 0x00, 0x00, 0x00}},
    {0x256a, {0x10, 0x10, 0x10, 0x10, 0x10, 0x10, 0xff, 0x10, 0xff, 0x10, 0x10, 0x10, 0x10, 0x10, 0x10, 0x10}},
    {0x256b, {0x28, 0x28, 0x28, 0x28, 0x28, 0x28, 0x28, 0xff, 0x28, 0x28, 0x28, 0x28, 0x28, 0x28, 0x28, 0x28}},
    {0x256c, {0x28, 0x28, 0x28, 0x28, 0x28, 0x28, 0xef, 0x00, 0xef, 0x28, 0x28, 0x28, 0x28, 0x28, 0x28, 0x28}},
    {0x256d, {0x00, 0x00, 0x00, 0x00, 0x00, 0x00, 0x00, 0x07, 0x08, 0x10, 0x10, 0x10, 0x10, 0x10, 0x10, 0x10}},
    {0x256e, {0x00, 0x00, 0x00, 0x00, 0x00, 0x00, 0x00, 0xc0, 0x20, 0x10, 0x10, 0x10, 0x10, 0x10, 0x10, 0x10}},
    {0x256f, {0x10, 0x10, 0x10, 0x10, 0x10, 0x10, 0x20, 0xc0, 0x00, 0x00, 0x00, 0x00, 0x00, 0x00, 0x00, 0x00}},
    {0x2570, {0x10, 0x10, 0x10, 0x10, 0x10, 0x10, 0x08, 0x07, 0x00, 0x00, 0x00, 0x00, 0x00, 0x00, 0x00, 0x00}},
    {0x2571, {0x01, 0x01, 0x02, 0x02, 0x04, 0x04, 0x08, 0x08, 0x10, 0x10, 0x20, 0x20, 0x40, 0x40, 0x80, 0x80}},
    {0x2572, {0x80, 0x80, 0x40, 0x40, 0x20, 0x20, 0x10, 0x10, 0x08, 0x08, 0x04, 0x04, 0x02, 0x02, 0x01, 0x01}},
    {0x2573, {0x81, 0x81, 0x42, 0x42, 0x24, 0x24, 0x18, 0x18, 0x18, 0x18, 0x24, 0x24, 0x42, 0x42, 0x81, 0x81}},
    {0x2574, {0x00, 0x00, 0x00, 0x00, 0x00, 0x00, 0x00, 0xf0, 0x00, 0x00, 0x00, 0x00, 0x00, 0x00, 0x00, 0x00}},
    {0x2575, {0x10, 0x10, 0x10, 0x10, 0x10, 0x10, 0x10, 0x10, 0x00, 0x00, 0x00, 0x00, 0x00, 0x00, 0x00, 0x00}},
    {0x2576, {0x00, 0x00, 0x00, 0x00, 0x00, 0x00, 0x00, 0x1f, 0x00, 0x00, 0x00, 0x00, 0x00, 0x00, 0x00, 0x00}},
    {0x2577, {0x00, 0x00, 0x00, 0x00, 0x00, 0x00, 0x00, 0x10, 0x10, 0x10, 0x10, 0x10, 0x10, 0x10, 0x10, 0x10}},
    {0x2578, {0x00, 0x00, 0x00, 0x00, 0x00, 0x00, 0x00, 0xf0, 0xf0, 0x00, 0x00, 0x00, 0x00, 0x00, 0x00, 0x00}},
    {0x2579, {0x18, 0x18, 0x18, 0x18, 0x18, 0x18, 0x18, 0x18, 0x00, 0x00, 0x00, 0x00, 0x00, 0x00, 0x00, 0x00}},
    {0x257a, {0x00, 0x00, 0x00, 0x00, 0x00, 0x00, 0x00, 0x1f, 0x1f, 0x00, 0x00, 0x00, 0x00, 0x00, 0x00, 0x00}},
    {0x257b, {0x00, 0x00, 0x00, 0x00, 0x00, 0x00, 0x00, 0x18, 0x18, 0x18, 0x18, 0x18, 0x18, 0x18, 0x18, 0x18}},
    {0x257c, {0x00, 0x00, 0x00, 0x00, 0x00, 0x00, 0x00, 0xff, 0x1f, 0x00, 0x00, 0x00, 0x00, 0x00, 0x00, 0x00}},
    {0x257d, {0x10, 0x10, 0x10, 0x10, 0x10, 0x10, 0x10, 0x18, 0x18, 0x18, 0x18, 0x18, 0x18, 0x18, 0x18, 0x18}},
    {0x257e, {0x00, 0x00, 0x00, 0x00, 0x00, 0x00, 0x00, 0xff, 0xf0, 0x00, 0x00, 0x00, 0x00, 0x00, 0x00, 0x00}},
    {0x257f, {0x18, 0x18, 0x18, 0x18, 0x18, 0x18, 0x18, 0x18, 0x10, 0x10, 0x10, 0x10, 0x10, 0x10, 0x10, 0x10}},
    {0x2580, {0xff, 0xff, 0xff, 0xff, 0xff, 0xff, 0xff, 0xff, 0x00, 0x00, 0x00, 0x00, 0x00, 0x00, 0x00, 0x00}},
    {0x2581, {0x00, 0x00, 0x00, 0x00, 0x00, 0x00, 0x00, 0x00, 0x00, 0x00, 0x00, 0x00, 0x00, 0x00, 0xff, 0xff}},
    {0x2582, {0x00, 0x00, 0x00, 0x00, 0x00, 0x00, 0x00, 0x00, 0x00, 0x00, 0x00, 0x00, 0xff, 0xff, 0xff, 0xff}},
    {0x2583, {0x00, 0x00, 0x00, 0x00, 0x00, 0x00, 0x00, 0x00, 0x00, 0x00, 0xff, 0xff, 0xff, 0xff, 0xff, 0xff}},
    {0x2584, {0x00, 0x00, 0x00, 0x00, 0x00, 0x00, 0x00, 0x00, 0xff, 0xff, 0xff, 0xff, 0xff, 0xff, 0xff, 0xff}},
    {0x2585, {0x00, 0x00, 0x00, 0x00, 0x00, 0x00, 0xff, 0xff, 0xff, 0xff, 0xff, 0xff, 0xff, 0xff, 0xff, 0xff}},
    {0x2586, {0x00, 0x00, 0x00, 0x00, 0xff, 0xff, 0xff, 0xff, 0xff, 0xff, 0xff, 0xff, 0xff, 0xff, 0xff, 0xff}},
    {0x2587, {0x00, 0x00, 0xff, 0xff, 0xff, 0xff, 0xff, 0xff, 0xff, 0xff, 0xff, 0xff, 0xff, 0xff, 0xff, 0xff}},
    {0x2588, {0xff, 0xff, 0xff, 0xff, 0xff, 0xff, 0xff, 0xff, 0xff, 0xff, 0xff, 0xff, 0xff, 0xff, 0xff, 0xff}},
    {0x2589, {0xfe, 0xfe, 0xfe, 0xfe, 0xfe, 0xfe, 0xfe, 0xfe, 0xfe, 0xfe, 0xfe, 0xfe, 0xfe, 0xfe, 0xfe, 0xfe}},
    {0x258a, {0xfc, 0xfc, 0xfc, 0xfc, 0xfc, 0xfc, 0xfc, 0xfc, 0xfc, 0xfc, 0xfc, 0xfc, 0xfc, 0xfc, 0xfc, 0xfc}},
    {0x258b, {0xf8, 0xf8, 0xf8, 0xf8, 0xf8, 0xf8, 0xf8, 0xf8, 0xf8, 0xf8, 0xf8, 0xf8, 0xf8, 0xf8, 0xf8, 0xf8}},
    {0x258c, {0xf0, 0xf0, 0xf0, 0xf0, 0xf0, 0xf0, 0xf0, 0xf0, 0xf0, 0xf0, 0xf0, 0xf0, 0xf0, 0xf0, 0xf0, 0xf0}},
    {0x258d, {0xe0, 0xe0, 0xe0, 0xe0, 0xe0, 0xe0, 0xe0, 0xe0, 0xe0, 0xe0, 0xe0, 0xe0, 0xe0, 0xe0, 0xe0, 0xe0}},
    {0x258e, {0xc0, 0xc0, 0xc0, 0xc0, 0xc0, 0xc0, 0xc0, 0xc0, 0xc0, 0xc0, 0xc0, 0xc0, 0xc0, 0xc0, 0xc0, 0xc0}},
    {0x258f, {0x80, 0x80, 0x80, 0x80, 0x80, 0x80, 0x80, 0x80, 0x80, 0x80, 0x80, 0x80, 0x80, 0x80, 0x80, 0x80}},
    {0x2590, {0x0f, 0x0f, 0x0f, 0x0f, 0x0f, 0x0f, 0x0f, 0x0f, 0x0f, 0x0f, 0x0f, 0x0f, 0x0f, 0x0f, 0x0f, 0x0f}},
    {0x2591, {0x88, 0x22, 0x88, 0x22, 0x88, 0x22, 0x88, 0x22, 0x88, 0x22, 0x88, 0x22, 0x88, 0x22, 0x88, 0x22}},
    {0x2592, {0xaa, 0x55, 0xaa, 0x55, 0xaa, 0x55, 0xaa, 0x55, 0xaa, 0x55, 0xaa, 0x55, 0xaa, 0x55, 0xaa, 0x55}},
    {0x2593, {0xee, 0xbb, 0xee, 0xbb, 0xee, 0xbb, 0xee, 0xbb, 0xee, 0xbb, 0xee, 0xbb, 0xee, 0xbb, 0xee, 0xbb}},
    {0x2594, {0xff, 0xff, 0x00, 0x00, 0x00, 0x00, 0x00, 0x00, 0x00, 0x00, 0x00, 0x00, 0x00, 0x00, 0x00, 0x00}},
    {0x2595, {0x01, 0x01, 0x01, 0x01, 0x01, 0x01, 0x01, 0x01, 0x01, 0x01, 0x01, 0x01, 0x01, 0x01, 0x01, 0x01}},
    {0x2596, {0x00, 0x00, 0x00, 0x00, 0x00, 0x00, 0x00, 0x00, 0xf0, 0xf0, 0xf0, 0xf0, 0xf0, 0xf0, 0xf0, 0xf0}},
    {0x2597, {0x00, 0x00, 0x00, 0x00, 0x00, 0x00, 0x00, 0x00, 0x0f, 0x0f, 0x0f, 0x0f, 0x0f, 0x0f, 0x0f, 0x0f}},
    {0x2598, {0xf0, 0xf0, 0xf0, 0xf0, 0xf0, 0xf0, 0xf0, 0xf0, 0x00, 0x00, 0x00, 0x00, 0x00, 0x00, 0x00, 0x00}},
    {0x2599, {0xf0, 0xf0, 0xf0, 0xf0, 0xf0, 0xf0, 0xf0, 0xf0, 0xff, 0xff, 0xff, 0xff, 0xff, 0xff, 0xff, 0xff}},
    {0x259a, {0xf0, 0xf0, 0xf0, 0xf0, 0xf0, 0xf0, 0xf0, 0xf0, 0x0f, 0x0f, 0x0f, 0x0f, 0x0f, 0x0f, 0x0f, 0x0f}},
    {0x259b, {0xff, 0xff, 0xff, 0xff, 0xff, 0xff, 0xff, 0xff, 0xf0, 0xf0, 0xf0, 0xf0, 0xf0, 0xf0, 0xf0, 0xf0}},
    {0x259c, {0xff, 0xff, 0xff, 0xff, 0xff, 0xff, 0xff, 0xff, 0x0f, 0x0f, 0x0f, 0x0f, 0x0f, 0x0f, 0x0f, 0x0f}},
    {0x259d, {0x0f, 0x0f, 0x0f, 0x0f, 0x0f, 0x0f, 0x0f, 0x0f, 0x00, 0x00, 0x00, 0x00, 0x00, 0x00, 0x00, 0x00}},
    {0x259e, {0x0f, 0x0f, 0x0f, 0x0f, 0x0f, 0x0f, 0x0f, 0x0f, 0xf0, 0xf0, 0xf0, 0xf0, 0xf0, 0xf0, 0xf0, 0xf0}},
    {0x259f, {0x0f, 0x0f, 0x0f, 0x0f, 0x0f, 0x0f, 0x0f, 0x0f, 0xff, 0xff, 0xff, 0xff, 0xff, 0xff, 0xff, 0xff}},
    {0x25a0, {0x00, 0x00, 0x00, 0x00, 0x00, 0x3c, 0x3c, 0x3c, 0x3c, 0x3c, 0x3c, 0x00, 0x00, 0x00, 0x00, 0x00}},
    {0x25a1, {0x00, 0x00, 0x00, 0x00, 0x00, 0x00, 0x7f, 0x41, 0x41, 0x41, 0x41, 0x41, 0x7f, 0x00, 0x00, 0x00}},
    {0x25a2, {0x00, 0x00, 0x00, 0x00, 0x00, 0x00, 0x3e, 0x41, 0x41, 0x41, 0x41, 0x41, 0x3e, 0x00, 0x00, 0x00}},
    {0x25a3, {0x00, 0x00, 0x00, 0x00, 0x00, 0x00, 0x7f, 0x41, 0x5d, 0x5d, 0x5d, 0x41, 0x7f, 0x00, 0x00, 0x00}},
    {0x25a4, {0x00, 0x00, 0x00, 0x00, 0x00, 0x00, 0x7f, 0x41, 0x7f, 0x41, 0x7f, 0x41, 0x7f, 0x00, 0x00, 0x00}},
    {0x25a5, {0x00, 0x00, 0x00, 0x00, 0x00, 0x00, 0x7f, 0x55, 0x55, 0x55, 0x55, 0x55, 0x7f, 0x00, 0x00, 0x00}},
    {0x25a6, {0x00, 0x00, 0x00, 0x00, 0x00, 0x00, 0x7f, 0x55, 0x7f, 0x55, 0x7f, 0x55, 0x7f, 0x00, 0x00, 0x00}},
    {0x25a7, {0x00, 0x00, 0x00, 0x00, 0x00, 0x00, 0x7f, 0x53, 0x49, 0x65, 0x53, 0x49, 0x7f, 0x00, 0x00, 0x00}},
    {0x25a8, {0x00, 0x00, 0x00, 0x00, 0x00, 0x00, 0x7f, 0x65, 0x49, 0x53, 0x65, 0x49, 0x7f, 0x00, 0x00, 0x00}},
    {0x25a9, {0x00, 0x00, 0x00, 0x00, 0x00, 0x00, 0x7f, 0x55, 0x6b, 0x55, 0x6b, 0x55, 0x7f, 0x00, 0x00, 0x00}},
    {0x25aa, {0x00, 0x00, 0x00, 0x00, 0x00, 0x00, 0x00, 0x00, 0x3c, 0x3c, 0x3c, 0x3c, 0x00, 0x00, 0x00, 0x00}},
    {0x25ab, {0x00, 0x00, 0x00, 0x00, 0x00, 0x00, 0x3c, 0x24, 0x24, 0x3c, 0x00, 0x00, 0x00, 0x00, 0x00, 0x00}},
    {0x25ac, {0x00, 0x00, 0x00, 0x00, 0x00, 0x00, 0x00, 0x00, 0x7e, 0x7e, 0x7e, 0x7e, 0x00, 0x00, 0x00, 0x00}},
    {0x25ad, {0x00, 0x00, 0x00, 0x00, 0x00, 0x00, 0x7f, 0x41, 0x41, 0x7f, 0x00, 0x00, 0x00, 0x00, 0x00, 0x00}},
    {0x25ae, {0x00, 0x00, 0x7e, 0x7e, 0x7e, 0x7e, 0x7e, 0x7e, 0x7e, 0x7e, 0x7e, 0x7e, 0x00, 0x00, 0x00, 0x00}},
    {0x25af, {0x00, 0x00, 0x00, 0x00, 0x00, 0x3c, 0x24, 0x24, 0x24, 0x24, 0x24, 0x3c, 0x00, 0x00, 0x00, 0x00}},
    {0x25b0, {0x00, 0x00, 0x00, 0x00, 0x00, 0x00, 0x00, 0x3f, 0x7e, 0xfc, 0x00, 0x00, 0x00, 0x00, 0x00, 0x00}},
    {0x25b1, {0x00, 0x00, 0x00, 0x00, 0x00, 0x00, 0x00, 0x3f, 0x42, 0xfc, 0x00, 0x00, 0x00, 0x00, 0x00, 0x00}},
    {0x25b2, {0x00, 0x00, 0x00, 0x00, 0x10, 0x10, 0x38, 0x38, 0x7c, 0x7c, 0xfe, 0xfe, 0x00, 0x00, 0x00, 0x00}},
    {0x25b3, {0x00, 0x00, 0x00, 0x00, 0x00, 0x18, 0x18, 0x24, 0x24, 0x42, 0x7e, 0x00, 0x00, 0x00, 0x00, 0x00}},
    {0x25b4, {0x00, 0x00, 0x00, 0x00, 0x00, 0x00, 0x00, 0x00, 0x18, 0x3c, 0x7e, 0x00, 0x00, 0x00, 0x00, 0x00}},
    {0x25b5, {0x00, 0x00, 0x00, 0x00, 0x00, 0x00, 0x00, 0x00, 0x18, 0x24, 0x7e, 0x00, 0x00, 0x00, 0x00, 0x00}},
    {0x25b6, {0x00, 0x00, 0x00, 0x00, 0xc0, 0xf0, 0xfc, 0xff, 0xfc, 0xf0, 0xc0, 0x00, 0x00, 0x00, 0x00, 0x00}},
    {0x25b7, {0x00, 0x00, 0x00, 0x00, 0x00, 0x00, 0x60, 0x58, 0x46, 0x46, 0x58, 0x60, 0x00, 0x00, 0x00, 0x00}},
    {0x25b8, {0x00, 0x00, 0x00, 0x00, 0x00, 0x00, 0x00, 0x30, 0x3c, 0x3c, 0x30, 0x00, 0x00, 0x00, 0x00, 0x00}},
    {0x25b9, {0x00, 0x00, 0x00, 0x00, 0x00, 0x00, 0x00, 0x30, 0x2c, 0x2c, 0x30, 0x00, 0x00, 0x00, 0x00, 0x00}},
    {0x25ba, {0x00, 0x00, 0x00, 0x00, 0xc0, 0xf0, 0xfc, 0xff, 0xfc, 0xf0, 0xc0, 0x00, 0x00, 0x00, 0x00, 0x00}},
    {0x25bb, {0x00, 0x00, 0x00, 0x00, 0x00, 0x00, 0x00, 0x60, 0x58, 0x46, 0x58, 0x60, 0x00, 0x00, 0x00, 0x00}},
    {0x25bc, {0x00, 0x00, 0x00, 0x00, 0xfe, 0xfe, 0x7c, 0x7c, 0x38, 0x38, 0x10, 0x10, 0x00, 0x00, 0x00, 0x00}},
    {0x25bd, {0x00, 0x00, 0x00, 0x00, 0x00, 0x7e, 0x42, 0x24, 0x24, 0x18, 0x18, 0x00, 0x00, 0x00, 0x00, 0x00}},
    {0x25be, {0x00, 0x00, 0x00, 0x00, 0x00, 0x00, 0x00, 0x00, 0x7e, 0x3c, 0x18, 0x00, 0x00, 0x00, 0x00, 0x00}},
    {0x25bf, {0x00, 0x00, 0x00, 0x00, 0x00, 0x00, 0x00, 0x00, 0x7e, 0x24, 0x18, 0x00, 0x00, 0x00, 0x00, 0x00}},
    {0x25c0, {0x00, 0x00, 0x00, 0x00, 0x03, 0x0f, 0x3f, 0xff, 0x3f, 0x0f, 0x03, 0x00, 0x00, 0x00, 0x00, 0x00}},
    {0x25c1, {0x00, 0x00, 0x00, 0x00, 0x00, 0x00, 0x06, 0x1a, 0x62, 0x62, 0x1a, 0x06, 0x00, 0x00, 0x00, 0x00}},
    {0x25c2, {0x00, 0x00, 0x00, 0x00, 0x00, 0x00, 0x00, 0x0c, 0x3c, 0x3c, 0x0c, 0x00, 0x00, 0x00, 0x00, 0x00}},
    {0x25c3, {0x00, 0x00, 0x00, 0x00, 0x00, 0x00, 0x00, 0x0c, 0x34, 0x34, 0x0c, 0x00, 0x00, 0x00, 0x00, 0x00}},
    {0x25c4, {0x00, 0x00, 0x00, 0x00, 0x03, 0x0f, 0x3f, 0xff, 0x3f, 0x0f, 0x03, 0x00, 0x00, 0x00, 0x00, 0x00}},
    {0x25c5, {0x00, 0x00, 0x00, 0x00, 0x00, 0x00, 0x00, 0x06, 0x1a, 0x62, 0x1a, 0x06, 0x00, 0x00, 0x00, 0x00}},
    {0x25c6, {0x00, 0x00, 0x00, 0x00, 0x10, 0x38, 0x7c, 0xfe, 0x7c, 0x38, 0x10, 0x00, 0x00, 0x00, 0x00, 0x00}},
    {0x25c7, {0x00, 0x00, 0x00, 0x00, 0x00, 0x08, 0x14, 0x22, 0x41, 0x22, 0x14, 0x08, 0x00, 0x00, 0x00, 0x00}},
    {0x25c8, {0x00, 0x00, 0x00, 0x00, 0x00, 0x08, 0x14, 0x2a, 0x5d, 0x2a, 0x14, 0x08, 0x00, 0x00, 0x00, 0x00}},
    {0x25c9, {0x00, 0x00, 0x00, 0x00, 0x00, 0x1c, 0x22, 0x59, 0x5d, 0x4d, 0x22, 0x1c, 0x00, 0x00, 0x00, 0x00}},
    {0x25ca, {0x00, 0x00, 0x00, 0x00, 0x10, 0x28, 0x44, 0x82, 0x44, 0x28, 0x10, 0x00, 0x00, 0x00, 0x00, 0x00}},
    {0x25cb, {0x00, 0x00, 0x00, 0x00, 0x00, 0x00, 0x18, 0x24, 0x24, 0x18, 0x00, 0x00, 0x00, 0x00, 0x00, 0x00}},
    {0x25cc, {0x00, 0x00, 0x00, 0x00, 0x00, 0x14, 0x00, 0x41, 0x00, 0x41, 0x00, 0x14, 0x00, 0x00, 0x00, 0x00}},
    {0x25cd, {0x00, 0x00, 0x00, 0x00, 0x00, 0x1c, 0x36, 0x55, 0x55, 0x55, 0x36, 0x1c, 0x00, 0x00, 0x00, 0x00}},
    {0x25ce, {0x00, 0x00, 0x00, 0x00, 0x00, 0x1c, 0x22, 0x49, 0x55, 0x49, 0x22, 0x1c, 0x00, 0x00, 0x00, 0x00}},
    {0x25cf, {0x00, 0x00, 0x00, 0x00, 0x00, 0x00, 0x18, 0x3c, 0x3c, 0x18, 0x00, 0x00, 0x00, 0x00, 0x00, 0x00}},
    {0x25d0, {0x00, 0x00, 0x00, 0x00, 0x00, 0x1c, 0x32, 0x71, 0x71, 0x71, 0x32, 0x1c, 0x00, 0x00, 0x00, 0x00}},
    {0x25d1, {0x00, 0x00, 0x00, 0x00, 0x00, 0x1c, 0x26, 0x47, 0x47, 0x47, 0x26, 0x1c, 0x00, 0x00, 0x00, 0x00}},
    {0x25d2, {0x00, 0x00, 0x00, 0x00, 0x00, 0x1c, 0x22, 0x41, 0x41, 0x7f, 0x3e, 0x1c, 0x00, 0x00, 0x00, 0x00}},
    {0x25d3, {0x00, 0x00, 0x00, 0x00, 0x00, 0x1c, 0x3e, 0x7f, 0x41, 0x41, 0x22, 0x1c, 0x00, 0x00, 0x00, 0x00}},
    {0x25d4, {0x00, 0x00, 0x00, 0x00, 0x00, 0x1c, 0x2e, 0x4f, 0x4f, 0x41, 0x22, 0x1c, 0x00, 0x00, 0x00, 0x00}},
    {0x25d5, {0x00, 0x00, 0x00, 0x00, 0x00, 0x1c, 0x26, 0x47, 0x47, 0x7f, 0x3e, 0x1c, 0x00, 0x00, 0x00, 0x00}},
    {0x25d6, {0x00, 0x00, 0x00, 0x00, 0x00, 0x18, 0x38, 0x78, 0x78, 0x78, 0x38, 0x18, 0x00, 0x00, 0x00, 0x00}},
    {0x25d7, {0x00, 0x00, 0x00, 0x00, 0x00, 0x0c, 0x0e, 0x0f, 0x0f, 0x0f, 0x0e, 0x0c, 0x00, 0x00, 0x00, 0x00}},
    {0x25d8, {0xff, 0xff, 0xff, 0xff, 0xff, 0xff, 0xe7, 0xc3, 0xc3, 0xe7, 0xff, 0xff, 0xff, 0xff, 0xff, 0xff}},
    {0x25d9, {0xff, 0xff, 0xff, 0xff, 0xff, 0xff, 0xe7, 0xdb, 0xdb, 0xe7, 0xff, 0xff, 0xff, 0xff, 0xff, 0xff}},
    {0x25da, {0xff, 0xff, 0xff, 0xff, 0xff, 0xe7, 0xdb, 0xbd, 0x00, 0x00, 0x00, 0x00, 0x00, 0x00, 0x00, 0x00}},
    {0x25db, {0x00, 0x00, 0x00, 0x00, 0x00, 0x00, 0x00, 0x00, 0xbd, 0xdb, 0xe7, 0xff, 0xff, 0xff, 0xff, 0xff}},
    {0x25dc, {0x00, 0x00, 0x00, 0x00, 0x00, 0x18, 0x20, 0x40, 0x40, 0x00, 0x00, 0x00, 0x00, 0x00, 0x00, 0x00}},
    {0x25dd, {0x00, 0x00, 0x00, 0x00, 0x00, 0x0c, 0x02, 0x01, 0x01, 0x00, 0x00, 0x00, 0x00, 0x00, 0x00, 0x00}},
    {0x25de, {0x00, 0x00, 0x00, 0x00, 0x00, 0x00, 0x00, 0x00, 0x01, 0x01, 0x02, 0x0c, 0x00, 0x00, 0x00, 0x00}},
    {0x25df, {0x00, 0x00, 0x00, 0x00, 0x00, 0x00, 0x00, 0x00, 0x40, 0x40, 0x20, 0x18, 0x00, 0x00, 0x00, 0x00}},
    {0x25e0, {0x00, 0x00, 0x00, 0x00, 0x00, 0x1c, 0x22, 0x41, 0x41, 0x00, 0x00, 0x00, 0x00, 0x00, 0x00, 0x00}},
    {0x25e1, {0x00, 0x00, 0x00, 0x00, 0x00, 0x00, 0x00, 0x00, 0x41, 0x41, 0x22, 0x1c, 0x00, 0x00, 0x00, 0x00}},
    {0x25e2, {0x01, 0x01, 0x01, 0x03, 0x03, 0x07, 0x07, 0x0f, 0x0f, 0x1f, 0x1f, 0x3f, 0x3f, 0x7f, 0x7f, 0xff}},
    {0x25e3, {0x80, 0x80, 0x80, 0xc0, 0xc0, 0xe0, 0xe0, 0xf0, 0xf0, 0xf8, 0xf8, 0xfc, 0xfc, 0xfe, 0xfe, 0xff}},
    {0x25e4, {0xff, 0xfe, 0xfe, 0xfc, 0xfc, 0xf8, 0xf8, 0xf0, 0xf0, 0xe0, 0xe0, 0xc0, 0xc0, 0x80, 0x80, 0x80}},
    {0x25e5, {0xff, 0x7f, 0x7f, 0x3f, 0x3f, 0x1f, 0x1f, 0x0f, 0x0f, 0x07, 0x07, 0x03, 0x03, 0x01, 0x01, 0x01}},
    {0x25e6, {0x00, 0x00, 0x00, 0x00, 0x00, 0x00, 0x00, 0x38, 0x44, 0x44, 0x44, 0x38, 0x00, 0x00, 0x00, 0x00}},
    {0x25e7, {0x00, 0x00, 0x00, 0x00, 0x00, 0x7e, 0x72, 0x72, 0x72, 0x72, 0x7e, 0x00, 0x00, 0x00, 0x00, 0x00}},
    {0x25e8, {0x00, 0x00, 0x00, 0x00, 0x00, 0x7e, 0x4e, 0x4e, 0x4e, 0x4e, 0x7e, 0x00, 0x00, 0x00, 0x00, 0x00}},
    {0x25e9, {0x00, 0x00, 0x00, 0x00, 0x00, 0x7e, 0x7a, 0x72, 0x62, 0x42, 0x7e, 0x00, 0x00, 0x00, 0x00, 0x00}},
    {0x25ea, {0x00, 0x00, 0x00, 0x00, 0x00, 0x7e, 0x42, 0x46, 0x4e, 0x5e, 0x7e, 0x00, 0x00, 0x00, 0x00, 0x00}},
    {0x25eb, {0x00, 0x00, 0x00, 0x00, 0x00, 0x7f, 0x49, 0x49, 0x49, 0x49, 0x7f, 0x00, 0x00, 0x00, 0x00, 0x00}},
    {0x25ec, {0x00, 0x00, 0x00, 0x00, 0x00, 0x08, 0x14, 0x14, 0x22, 0x2a, 0x41, 0x7f, 0x00, 0x00, 0x00, 0x00}},
    {0x25ed, {0x00, 0x00, 0x00, 0x00, 0x00, 0x00, 0x18, 0x18, 0x34, 0x34, 0x72, 0x7e, 0x00, 0x00, 0x00, 0x00}},
    {0x25ee, {0x00, 0x00, 0x00, 0x00, 0x00, 0x18, 0x18, 0x2c, 0x2c, 0x4e, 0x4e, 0x7e, 0x00, 0x00, 0x00, 0x00}},
    {0x25f0, {0x00, 0x00, 0x00, 0x00, 0x00, 0x00, 0x00, 0x00, 0x7e, 0x52, 0x72, 0x42, 0x42, 0x7e, 0x00, 0x00}},
    {0x25f1, {0x00, 0x00, 0x00, 0x00, 0x00, 0x00, 0x00, 0x00, 0x7e, 0x42, 0x42, 0x72, 0x52, 0x7e, 0x00, 0x00}},
    {0x25f2, {0x00, 0x00, 0x00, 0x00, 0x00, 0x00, 0x00, 0x00, 0x7e, 0x42, 0x42, 0x4e, 0x4a, 0x7e, 0x00, 0x00}},
    {0x25f3, {0x00, 0x00, 0x00, 0x00, 0x00, 0x00, 0x00, 0x00, 0x7e, 0x4a, 0x4e, 0x42, 0x42, 0x7e, 0x00, 0x00}},
    {0x25f4, {0x00, 0x00, 0x00, 0x00, 0x00, 0x00, 0x3c, 0x52, 0x91, 0xf1, 0x81, 0x81, 0x42, 0x3c, 0x00, 0x00}},
    {0x25f5, {0x00, 0x00, 0x00, 0x00, 0x00, 0x00, 0x3c, 0x42, 0x81, 0x81, 0xf1, 0x91, 0x52, 0x3c, 0x00, 0x00}},
    {0x25f6, {0x00, 0x00, 0x00, 0x00, 0x00, 0x00, 0x3c, 0x42, 0x81, 0x81, 0x8f, 0x89, 0x4a, 0x3c, 0x00, 0x00}},
    {0x25f7, {0x00, 0x00, 0x00, 0x00, 0x00, 0x00, 0x3c, 0x4a, 0x89, 0x8f, 0x81, 0x81, 0x42, 0x3c, 0x00, 0x00}},
    {0x25f8, {0xff, 0x81, 0x81, 0x82, 0x82, 0x84, 0x84, 0x88, 0x88, 0x90, 0x90, 0xa0, 0xa0, 0xc0, 0xc0, 0x80}},
    {0x25f9, {0xff, 0x81, 0x81, 0x41, 0x41, 0x21, 0x21, 0x11, 0x11, 0x09, 0x09, 0x05, 0x05, 0x03, 0x03, 0x01}},
    {0x25fa, {0x80, 0xc0, 0xc0, 0xa0, 0xa0, 0x90, 0x90, 0x88, 0x88, 0x84, 0x84, 0x82, 0x82, 0x81, 0x81, 0xff}},
    {0x25fb, {0x00, 0x00, 0x00, 0x00, 0x00, 0x00, 0x00, 0x00, 0x00, 0x7e, 0x42, 0x42, 0x42, 0x42, 0x7e, 0x00}},
    {0x25fc, {0x00, 0x00, 0x00, 0x00, 0x00, 0x00, 0x00, 0x00, 0x7e, 0x7e, 0x7e, 0x7e, 0x7e, 0x7e, 0x00, 0x00}},
    {0x25fd, {0x00, 0x00, 0x00, 0x00, 0x00, 0x00, 0x00, 0x00, 0x00, 0x00, 0x3c, 0x24, 0x24, 0x3c, 0x00, 0x00}},
    {0x25fe, {0x00, 0x00, 0x00, 0x00, 0x00, 0x00, 0x00, 0x00, 0x7c, 0x7c, 0x7c, 0x7c, 0x7c, 0x00, 0x00, 0x00}},
    {0x25ff, {0x01, 0x03, 0x03, 0x05, 0x05, 0x09, 0x09, 0x11, 0x11, 0x21, 0x21, 0x41, 0x41, 0x81, 0x81, 0xff}},
    {0x2600, {0x00, 0x00, 0x08, 0x49, 0x22, 0x00, 0x1c, 0x3e, 0x3e, 0x1c, 0x00, 0x22, 0x49, 0x08, 0x00, 0x00}},
    {0x2601, {0x00, 0x00, 0x00, 0x00, 0x20, 0x76, 0xff, 0x7e, 0x00, 0x00, 0x00, 0x00, 0x00, 0x00, 0x00, 0x00}},
    {0x2602, {0x00, 0x00, 0x00, 0x00, 0x1c, 0x3e, 0x7f, 0x08, 0x08, 0x08, 0x08, 0x10, 0x00, 0x00, 0x00, 0x00}},
    {0x2604, {0x00, 0x00, 0x00, 0x22, 0x22, 0x24, 0x24, 0x28, 0x29, 0x02, 0x30, 0x48, 0x48, 0x30, 0x00, 0x00}},
    {0x2607, {0x00, 0x00, 0x00, 0x00, 0x00, 0x02, 0x04, 0x08, 0x10, 0x20, 0x10, 0x0a, 0x06, 0x0e, 0x00, 0x00}},
    {0x2608, {0x00, 0x00, 0x00, 0x00, 0x00, 0x00, 0x7e, 0x42, 0x44, 0x48, 0x50, 0x4a, 0x46, 0x4e, 0x00, 0x00}},
    {0x2609, {0x00, 0x00, 0x00, 0x00, 0x00, 0x00, 0x3c, 0x42, 0x81, 0x99, 0x99, 0x81, 0x42, 0x3c, 0x00, 0x00}},
    {0x260a, {0x00, 0x00, 0x00, 0x00, 0x00, 0x00, 0x18, 0x24, 0x24, 0x66, 0xa5, 0x42, 0x00, 0x00, 0x00, 0x00}},
    {0x260b, {0x00, 0x00, 0x00, 0x00, 0x00, 0x00, 0x42, 0xa5, 0x66, 0x24, 0x24, 0x18, 0x00, 0x00, 0x00, 0x00}},
    {0x260c, {0x00, 0x00, 0x00, 0x00, 0x00, 0x00, 0x04, 0x08, 0x30, 0x48, 0x48, 0x30, 0x00, 0x00, 0x00, 0x00}},
    {0x260d, {0x00, 0x00, 0x00, 0x00, 0x00, 0x06, 0x09, 0x09, 0x06, 0x08, 0x30, 0x48, 0x48, 0x30, 0x00, 0x00}},
    {0x260e, {0x00, 0x00, 0x00, 0x00, 0x00, 0x00, 0x00, 0x3e, 0x63, 0x00, 0x2a, 0x63, 0x7f, 0x00, 0x00, 0x00}},
    {0x260f, {0x00, 0x00, 0x00, 0x00, 0x00, 0x00, 0x3e, 0x41, 0x5d, 0x3e, 0x49, 0x41, 0x7f, 0x00, 0x00, 0x00}},
    {0x2610, {0x00, 0x00, 0x00, 0x00, 0x00, 0x00, 0x7f, 0x41, 0x41, 0x41, 0x41, 0x41, 0x41, 0x7f, 0x00, 0x00}},
    {0x2611, {0x00, 0x00, 0x00, 0x00, 0x00, 0x00, 0x7f, 0x41, 0x43, 0x47, 0x6d, 0x79, 0x51, 0x7f, 0x00, 0x00}},
    {0x2612, {0x00, 0x00, 0x00, 0x00, 0x00, 0x00, 0x7f, 0x41, 0x63, 0x55, 0x49, 0x55, 0x63, 0x7f, 0x00, 0x00}},
    {0x2613, {0x00, 0x00, 0x00, 0x00, 0x22, 0x22, 0x14, 0x14, 0x08, 0x08, 0x14, 0x14, 0x22, 0x22, 0x00, 0x00}},
    {0x2614, {0x05, 0x50, 0x04, 0x41, 0x1c, 0x3e, 0x7f, 0x08, 0x08, 0x08, 0x08, 0x10, 0x00, 0x00, 0x00, 0x00}},
    {0x261a, {0x00, 0x00, 0x00, 0x00, 0x00, 0x00, 0x00, 0x00, 0x7e, 0x1f, 0x1f, 0x0e, 0x00, 0x00, 0x00, 0x00}},
    {0x261b, {0x00, 0x00, 0x00, 0x00, 0x00, 0x00, 0x00, 0x00, 0x3f, 0x7c, 0x7c, 0x38, 0x00, 0x00, 0x00, 0x00}},
    {0x261c, {0x00, 0x00, 0x00, 0x00, 0x00, 0x00, 0x00, 0x00, 0x7e, 0x11, 0x19, 0x0e, 0x00, 0x00, 0x00, 0x00}},
    {0x261d, {0x00, 0x00, 0x00, 0x00, 0x00, 0x04, 0x04, 0x1c, 0x34, 0x24, 0x24, 0x18, 0x00, 0x00, 0x00, 0x00}},
    {0x261e, {0x00, 0x00, 0x00, 0x00, 0x00, 0x00, 0x00, 0x00, 0x3f, 0x44, 0x4c, 0x38, 0x00, 0x00, 0x00, 0x00}},
    {0x261f, {0x00, 0x00, 0x00, 0x00, 0x00, 0x00, 0x00, 0x18, 0x24, 0x24, 0x34, 0x1c, 0x04, 0x04, 0x00, 0x00}},
    {0x2620, {0x00, 0x00, 0xe7, 0xa5, 0x7e, 0x81, 0xa5, 0xa5, 0x81, 0x5a, 0x5a, 0x42, 0xbd, 0xe7, 0x00, 0x00}},
    {0x2621, {0x00, 0x00, 0x00, 0x00, 0x38, 0x04, 0x04, 0x08, 0x08, 0x10, 0x10, 0x20, 0x20, 0x1c, 0x00, 0x00}},
    {0x2625, {0x00, 0x00, 0x00, 0x00, 0x00, 0x00, 0x1c, 0x22, 0x14, 0x08, 0x3e, 0x08, 0x08, 0x08, 0x00, 0x00}},
    {0x2626, {0x00, 0x00, 0x00, 0x00, 0x00, 0x10, 0x38, 0x10, 0xfe, 0x10, 0x10, 0x70, 0x1c, 0x10, 0x00, 0x00}},
    {0x2627, {0x00, 0x00, 0x00, 0x00, 0x1c, 0x12, 0x12, 0x1c, 0x10, 0x54, 0x38, 0x10, 0x38, 0x54, 0x00, 0x00}},
    {0x2628, {0x00, 0x00, 0x00, 0x00, 0x00, 0x10, 0x38, 0x10, 0xfe, 0x10, 0x10, 0x10, 0x10, 0x10, 0x00, 0x00}},
    {0x2629, {0x00, 0x00, 0x00, 0x00, 0x00, 0x00, 0x00, 0x1c, 0x08, 0x49, 0x7f, 0x49, 0x08, 0x1c, 0x00, 0x00}},
    {0x262a, {0x00, 0x00, 0x00, 0x00, 0x1e, 0x21, 0x40, 0xc2, 0xc7, 0xc2, 0x40, 0x21, 0x1e, 0x00, 0x00, 0x00}},
    {0x262d, {0x00, 0x00, 0x00, 0x00, 0x00, 0x00, 0x0c, 0x02, 0x39, 0x79, 0x0d, 0x3e, 0x63, 0xc1, 0x00, 0x00}},
    {0x262e, {0x00, 0x00, 0x00, 0x00, 0x00, 0x00, 0x3e, 0x49, 0x49, 0x49, 0x5d, 0x6b, 0x49, 0x3e, 0x00, 0x00}},
    {0x2638, {0x00, 0x00, 0x00, 0x00, 0x00, 0x00, 0x00, 0x49, 0x3e, 0x3e, 0x77, 0x3e, 0x3e, 0x49, 0x00, 0x00}},
    {0x2639, {0x00, 0x00, 0x00, 0x3c, 0x42, 0x81, 0xa5, 0x81, 0x99, 0xa5, 0x81, 0x42, 0x3c, 0x00, 0x00, 0x00}},
    {0x263a, {0x00, 0x00, 0x7c, 0x82, 0xaa, 0x82, 0x82, 0xba, 0x92, 0x82, 0x82, 0x7c, 0x00, 0x00, 0x00, 0x00}},
    {0x263b, {0x00, 0x00, 0x7c, 0xfe, 0xd6, 0xfe, 0xfe, 0xc6, 0xee, 0xfe, 0xfe, 0x7c, 0x00, 0x00, 0x00, 0x00}},
    {0x263c, {0x00, 0x00, 0x00, 0x10, 0x92, 0x54, 0x38, 0xee, 0x38, 0x54, 0x92, 0x10, 0x00, 0x00, 0x00, 0x00}},
    {0x263d, {0x00, 0x00, 0x00, 0x00, 0x38, 0x0c, 0x06, 0x05, 0x05, 0x05, 0x05, 0x06, 0x0c, 0x38, 0x00, 0x00}},
    {0x263e, {0x00, 0x00, 0x00, 0x00, 0x0e, 0x18, 0x30, 0x50, 0x50, 0x50, 0x50, 0x30, 0x18, 0x0e, 0x00, 0x00}},
    {0x263f, {0x00, 0x00, 0x00, 0x22, 0x22, 0x1c, 0x22, 0x22, 0x22, 0x1c, 0x08, 0x3e, 0x08, 0x08, 0x00, 0x00}},
    {0x2640, {0x00, 0x00, 0x38, 0x44, 0x44, 0x44, 0x44, 0x38, 0x10, 0x7c, 0x10, 0x10, 0x00, 0x00, 0x00, 0x00}},
    {0x2641, {0x00, 0x00, 0x00, 0x08, 0x08, 0x3e, 0x08, 0x08, 0x1c, 0x22, 0x22, 0x22, 0x1c, 0x00, 0x00, 0x00}},
    {0x2642, {0x00, 0x00, 0x1e, 0x06, 0x0a, 0x12, 0x38, 0x44, 0x44, 0x44, 0x44, 0x38, 0x00, 0x00, 0x00, 0x00}},
    {0x2643, {0x00, 0x00, 0x00, 0x00, 0x02, 0x02, 0x02, 0x3a, 0x46, 0x06, 0x0a, 0x7e, 0x02, 0x02, 0x00, 0x00}},
    {0x2644, {0x00, 0x00, 0x00, 0x00, 0x20, 0x20, 0x70, 0x20, 0x2c, 0x32, 0x22, 0x24, 0x24, 0x24, 0x00, 0x00}},
    {0x2645, {0x00, 0x00, 0x00, 0x00, 0x00, 0x6b, 0x2a, 0x3e, 0x2a, 0x6b, 0x08, 0x1c, 0x14, 0x1c, 0x00, 0x00}},
    {0x2646, {0x00, 0x00, 0x00, 0x00, 0x08, 0x59, 0xcb, 0x49, 0x49, 0x49, 0x3e, 0x08, 0x3e, 0x08, 0x08, 0x00}},
    {0x2647, {0x00, 0x00, 0x00, 0x00, 0x7c, 0x42, 0x42, 0x42, 0x7c, 0x40, 0x40, 0x40, 0x40, 0x7e, 0x00, 0x00}},
    {0x2648, {0x00, 0x00, 0x00, 0x00, 0x22, 0x55, 0x14, 0x14, 0x08, 0x08, 0x08, 0x08, 0x08, 0x08, 0x00, 0x00}},
    {0x2649, {0x00, 0x00, 0x00, 0x00, 0x00, 0x00, 0x00, 0x41, 0x22, 0x1c, 0x22, 0x22, 0x22, 0x1c, 0x00, 0x00}},
    {0x264a, {0x00, 0x00, 0x00, 0x00, 0x41, 0x3e, 0x14, 0x14, 0x14, 0x14, 0x14, 0x14, 0x3e, 0x41, 0x00, 0x00}},
    {0x264b, {0x00, 0x00, 0x00, 0x00, 0x00, 0x00, 0x3e, 0x49, 0x48, 0x30, 0x06, 0x09, 0x49, 0x3e, 0x00, 0x00}},
    {0x264c, {0x00, 0x00, 0x00, 0x00, 0x00, 0x1c, 0x22, 0x22, 0x12, 0x74, 0x94, 0x94, 0x65, 0x02, 0x00, 0x00}},
    {0x264d, {0x00, 0x00, 0x00, 0x00, 0x54, 0x7c, 0x55, 0x57, 0x55, 0x55, 0x55, 0x55, 0x06, 0x7c, 0x00, 0x00}},
    {0x264e, {0x00, 0x00, 0x00, 0x00, 0x00, 0x00, 0x00, 0x1c, 0x22, 0x22, 0x77, 0x00, 0x7f, 0x00, 0x00, 0x00}},
    {0x264f, {0x00, 0x00, 0x00, 0x00, 0x54, 0x7c, 0x54, 0x54, 0x54, 0x54, 0x54, 0x54, 0x55, 0x03, 0x00, 0x00}},
    {0x2650, {0x00, 0x00, 0x00, 0x00, 0x00, 0x00, 0x00, 0x0f, 0x03, 0x45, 0x29, 0x10, 0x28, 0x44, 0x00, 0x00}},
    {0x2651, {0x00, 0x00, 0x00, 0x00, 0x31, 0x4e, 0x84, 0x08, 0x10, 0x3c, 0x62, 0xa2, 0xa2, 0x1c, 0x00, 0x00}},
    {0x2652, {0x00, 0x00, 0x00, 0x00, 0x00, 0x00, 0x2a, 0x54, 0x00, 0x00, 0x2a, 0x54, 0x00, 0x00, 0x00, 0x00}},
    {0x2653, {0x00, 0x00, 0x00, 0x00, 0x00, 0x42, 0x42, 0x24, 0x24, 0x7e, 0x24, 0x24, 0x42, 0x42, 0x00, 0x00}},
    {0x2654, {0x00, 0x00, 0x00, 0x08, 0x1c, 0x08, 0x77, 0x5d, 0x49, 0x49, 0x2a, 0x7f, 0x41, 0x7f, 0x00, 0x00}},
    {0x2655, {0x00, 0x00, 0x00, 0x00, 0x08, 0x08, 0x49, 0x2a, 0x2a, 0x5d, 0x2a, 0x3e, 0x22, 0x3e, 0x00, 0x00}},
    {0x2656, {0x00, 0x00, 0x00, 0x00, 0x00, 0x55, 0x7f, 0x41, 0x41, 0x22, 0x22, 0x41, 0x41, 0x7f, 0x00, 0x00}},
    {0x2657, {0x00, 0x00, 0x00, 0x00, 0x08, 0x14, 0x22, 0x22, 0x22, 0x22, 0x14, 0x77, 0x41, 0x7f, 0x00, 0x00}},
    {0x2658, {0x00, 0x00, 0x00, 0x02, 0x1e, 0x22, 0x42, 0x42, 0x3a, 0x12, 0x22, 0x42, 0x42, 0x7e, 0x00, 0x00}},
    {0x2659, {0x00, 0x00, 0x00, 0x00, 0x00, 0x00, 0x18, 0x24, 0x24, 0x18, 0x24, 0x24, 0x42, 0x7e, 0x00, 0x00}},
    {0x265a, {0x00, 0x00, 0x00, 0x08, 0x1c, 0x08, 0x77, 0x5d, 0x49, 0x49, 0x2a, 0x7f, 0x7f, 0x7f, 0x00, 0x00}},
    {0x265b, {0x00, 0x00, 0x00, 0x00, 0x08, 0x08, 0x49, 0x2a, 0x2a, 0x5d, 0x2a, 0x3e, 0x3e, 0x3e, 0x00, 0x00}},
    {0x265c, {0x00, 0x00, 0x00, 0x00, 0x00, 0x55, 0x7f, 0x7f, 0x7f, 0x3e, 0x3e, 0x7f, 0x7f, 0x7f, 0x00, 0x00}},
    {0x265d, {0x00, 0x00, 0x00, 0x00, 0x08, 0x1c, 0x36, 0x22, 0x36, 0x3e, 0x1c, 0x7f, 0x7f, 0x7f, 0x00, 0x00}},
    {0x265e, {0x00, 0x00, 0x00, 0x02, 0x1e, 0x36, 0x7e, 0x7e, 0x3e, 0x1e, 0x3e, 0x7e, 0x7e, 0x7e, 0x00, 0x00}},
    {0x265f, {0x00, 0x00, 0x00, 0x00, 0x00, 0x00, 0x18, 0x3c, 0x3c, 0x18, 0x3c, 0x3c, 0x7e, 0x7e, 0x00, 0x00}},
    {0x2660, {0x00, 0x00, 0x10, 0x10, 0x38, 0x7c, 0xfe, 0xfe, 0x7c, 0x10, 0x10, 0x38, 0x00, 0x00, 0x00, 0x00}},
    {0x2661, {0x00, 0x00, 0x00, 0x00, 0x00, 0x36, 0x49, 0x41, 0x41, 0x41, 0x22, 0x14, 0x08, 0x08, 0x00, 0x00}},
    {0x2662, {0x00, 0x00, 0x00, 0x00, 0x08, 0x08, 0x14, 0x14, 0x22, 0x22, 0x14, 0x14, 0x08, 0x08, 0x00, 0x00}},
    {0x2663, {0x00, 0x00, 0x10, 0x38, 0x38, 0x10, 0x54, 0xfe, 0xfe, 0x54, 0x10, 0x38, 0x00, 0x00, 0x00, 0x00}},
    {0x2664, {0x00, 0x00, 0x00, 0x00, 0x08, 0x08, 0x14, 0x22, 0x41, 0x41, 0x41, 0x3e, 0x08, 0x1c, 0x00, 0x00}},
    {0x2665, {0x00, 0x00, 0x00, 0x00, 0x6c, 0xfe, 0xfe, 0xfe, 0xfe, 0x7c, 0x38, 0x10, 0x00, 0x00, 0x00, 0x00}},
    {0x2666, {0x00, 0x00, 0x00, 0x00, 0x10, 0x38, 0x7c, 0xfe, 0x7c, 0x38, 0x10, 0x00, 0x00, 0x00, 0x00, 0x00}},
    {0x2667, {0x00, 0x00, 0x00, 0x00, 0x1c, 0x14, 0x1c, 0x08, 0x77, 0x5d, 0x6b, 0x08, 0x08, 0x1c, 0x00, 0x00}},
    {0x2668, {0x00, 0x00, 0x00, 0x08, 0x51, 0x92, 0x92, 0x92, 0x49, 0x49, 0x49, 0x52, 0x81, 0x7e, 0x00, 0x00}},
    {0x2669, {0x00, 0x00, 0x00, 0x00, 0x08, 0x08, 0x08, 0x08, 0x08, 0x08, 0x08, 0x38, 0x78, 0x70, 0x00, 0x00}},
    {0x266a, {0x00, 0x00, 0x3e, 0x22, 0x3e, 0x20, 0x20, 0x20, 0x20, 0x20, 0x20, 0xc0, 0x00, 0x00, 0x00, 0x00}},
    {0x266b, {0x00, 0x00, 0x7e, 0x42, 0x7e, 0x42, 0x42, 0x42, 0x42, 0x42, 0x42, 0x44, 0x80, 0x00, 0x00, 0x00}},
    {0x266c, {0x00, 0x00, 0x00, 0x1c, 0x17, 0x11, 0x1d, 0x17, 0x11, 0x71, 0xf1, 0xe7, 0x0f, 0x0e, 0x00, 0x00}},
    {0x266d, {0x00, 0x00, 0x40, 0x40, 0x40, 0x40, 0x58, 0x64, 0x44, 0x48, 0x50, 0x60, 0x00, 0x00, 0x00, 0x00}},
    {0x266e, {0x00, 0x00, 0x40, 0x44, 0x4c, 0x54, 0x64, 0x4c, 0x54, 0x64, 0x44, 0x04, 0x00, 0x00, 0x00, 0x00}},
    {0x266f, {0x00, 0x04, 0x04, 0x26, 0x2c, 0x34, 0x66, 0x2c, 0x34, 0x64, 0x20, 0x20, 0x00, 0x00, 0x00, 0x00}},
    {0x2670, {0x00, 0x00, 0x00, 0x00, 0x14, 0x08, 0x08, 0x49, 0x3e, 0x49, 0x08, 0x08, 0x08, 0x14, 0x00, 0x00}},
    {0x2671, {0x00, 0x00, 0x00, 0x00, 0x1c, 0x14, 0x08, 0x6b, 0x5d, 0x6b, 0x08, 0x08, 0x14, 0x08, 0x00, 0x00}},
    {0x2690, {0x00, 0x00, 0x00, 0x70, 0x4e, 0x42, 0x42, 0x72, 0x4e, 0x40, 0x40, 0x40, 0x40, 0x40, 0x00, 0x00}},
    {0x2691, {0x00, 0x00, 0x00, 0x70, 0x7e, 0x7e, 0x7e, 0x7e, 0x4e, 0x40, 0x40, 0x40, 0x40, 0x40, 0x00, 0x00}},
    {0x2699, {0x00, 0x00, 0x10, 0x52, 0x7c, 0x24, 0x44, 0x44, 0xd6, 0x44, 0x44, 0x24, 0x7c, 0x52, 0x10, 0x00}},
    {0x26a0, {0x00, 0x10, 0x18, 0x18, 0x28, 0x28, 0x34, 0x34, 0x54, 0x54, 0x52, 0x42, 0x92, 0x82, 0xfe, 0x00}},
    {0x26a1, {0x00, 0x00, 0x00, 0x00, 0x02, 0x04, 0x08, 0x10, 0x20, 0x7e, 0x04, 0x08, 0x10, 0x20, 0x40, 0x00}},
    {0x26a8, {0x00, 0x00, 0x10, 0x38, 0x54, 0x10, 0x38, 0x10, 0x38, 0x44, 0x82, 0x82, 0x44, 0x38, 0x00, 0x00}},
    {0x26aa, {0x00, 0x00, 0x00, 0x00, 0x00, 0x00, 0x00, 0x00, 0x38, 0x44, 0x82, 0x82, 0x82, 0x44, 0x38, 0x00}},
    {0x26ab, {0x00, 0x00, 0x00, 0x00, 0x00, 0x00, 0x00, 0x00, 0x38, 0x7c, 0xfe, 0xfe, 0xfe, 0x7c, 0x38, 0x00}},
    {0x26ac, {0x00, 0x00, 0x00, 0x00, 0x00, 0x00, 0x00, 0x00, 0x00, 0x1c, 0x22, 0x22, 0x22, 0x1c, 0x00, 0x00}},
    {0x26b2, {0x00, 0x00, 0x00, 0x00, 0x00, 0x1c, 0x22, 0x22, 0x22, 0x1c, 0x08, 0x08, 0x08, 0x08, 0x00, 0x00}},
    {0x26b3, {0x00, 0x00, 0x00, 0x00, 0x00, 0x38, 0x44, 0x02, 0x02, 0x04, 0x18, 0x10, 0x7c, 0x10, 0x00, 0x00}},
    {0x26b4, {0x00, 0x00, 0x00, 0x00, 0x10, 0x28, 0x44, 0x82, 0x44, 0x28, 0x10, 0x10, 0x7c, 0x10, 0x00, 0x00}},
    {0x26b5, {0x00, 0x00, 0x00, 0x00, 0x92, 0x54, 0x38, 0xfe, 0x38, 0x54, 0x92, 0x10, 0x7c, 0x10, 0x00, 0x00}},
    {0x26b7, {0x00, 0x00, 0x00, 0x12, 0x14, 0x18, 0x14, 0x12, 0x10, 0x38, 0x44, 0x44, 0x44, 0x38, 0x00, 0x00}},
    {0x26b8, {0x00, 0x00, 0x00, 0x00, 0x1c, 0x38, 0x70, 0x70, 0x70, 0x38, 0x1c, 0x08, 0x3e, 0x08, 0x00, 0x00}},
    {0x26b9, {0x00, 0x00, 0x00, 0x00, 0x00, 0x00, 0x42, 0x24, 0x18, 0xff, 0x18, 0x24, 0x42, 0x00, 0x00, 0x00}},
    {0x26ba, {0x00, 0x00, 0x00, 0x00, 0x00, 0x00, 0x44, 0x44, 0x44, 0x28, 0x28, 0x28, 0x10, 0xfe, 0x00, 0x00}},
    {0x26bb, {0x00, 0x00, 0x00, 0x00, 0x00, 0x00, 0xfe, 0x10, 0x28, 0x28, 0x28, 0x44, 0x44, 0x44, 0x00, 0x00}},
    {0x26bc, {0x00, 0x00, 0x00, 0x00, 0x00, 0x00, 0x00, 0xfe, 0x82, 0x82, 0x82, 0x92, 0x92, 0xfe, 0x10, 0x1e}},
    {0x26e2, {0x00, 0x00, 0x00, 0x10, 0x38, 0x7c, 0x10, 0x10, 0x7c, 0x82, 0xba, 0xba, 0x82, 0x7c, 0x00, 0x00}},
    {0x2705, {0x00, 0x00, 0x00, 0x00, 0x02, 0x03, 0x05, 0x06, 0x4a, 0xcc, 0xd4, 0x78, 0x68, 0x50, 0x30, 0x00}},
    {0x2713, {0x00, 0x00, 0x02, 0x02, 0x04, 0x04, 0x88, 0x88, 0x50, 0x50, 0x20, 0x20, 0x00, 0x00, 0x00, 0x00}},
    {0x2714, {0x00, 0x00, 0x03, 0x03, 0x06, 0x06, 0xcc, 0xcc, 0x78, 0x78, 0x30, 0x30, 0x00, 0x00, 0x00, 0x00}},
    {0x2715, {0x00, 0x00, 0x44, 0x66, 0x6c, 0x3c, 0x38, 0x18, 0x38, 0x3c, 0x6c, 0x66, 0x44, 0x00, 0x00, 0x00}},
    {0x2716, {0x44, 0x66, 0xee, 0xff, 0xfe, 0x7e, 0x7c, 0x3c, 0x7c, 0x7e, 0xfe, 0xff, 0xee, 0x66, 0x44, 0x00}},
    {0x2717, {0x00, 0x00, 0x04, 0x44, 0x28, 0x18, 0x18, 0x14, 0x22, 0x20, 0x40, 0x40, 0x00, 0x00, 0x00, 0x00}},
    {0x2718, {0x00, 0x00, 0x0c, 0xcc, 0x78, 0x38, 0x38, 0x3c, 0x66, 0x60, 0xc0, 0xc0, 0x00, 0x00, 0x00, 0x00}},
    {0x2726, {0x10, 0x18, 0x18, 0x38, 0x38, 0x7c, 0xfe, 0xff, 0xfe, 0x7c, 0x38, 0x38, 0x18, 0x18, 0x10, 0x00}},
    {0x2727, {0x10, 0x18, 0x18, 0x28, 0x28, 0x64, 0xc2, 0x81, 0xc2, 0x64, 0x28, 0x28, 0x18, 0x18, 0x10, 0x00}},
    {0x2728, {0x00, 0x20, 0x20, 0x30, 0x50, 0xc8, 0x54, 0x34, 0x26, 0x2b, 0x06, 0x04, 0x14, 0x18, 0x10, 0x00}},
    {0x2731, {0x00, 0x18, 0x18, 0x18, 0x9a, 0xdf, 0x7e, 0x3c, 0x7e, 0xdf, 0x9a, 0x18, 0x18, 0x18, 0x00, 0x00}},
    {0x2733, {0x10, 0x10, 0x52, 0x54, 0x3c, 0x3c, 0x38, 0xff, 0x38, 0x3c, 0x3c, 0x54, 0x52, 0x10, 0x10, 0x00}},
    {0x2734, {0x10, 0x10, 0x52, 0x7c, 0x7c, 0x3c, 0x7c, 0xff, 0x7c, 0x3c, 0x7c, 0x7c, 0x52, 0x10, 0x10, 0x00}},
    {0x2735, {0x10, 0x18, 0x6e, 0x6a, 0x7e, 0x5e, 0xfa, 0x9b, 0xbe, 0x7e, 0x5a, 0x7e, 0x7e, 0x18, 0x10, 0x00}},
    {0x2736, {0x00, 0x10, 0x10, 0x10, 0x9a, 0x7e, 0x7c, 0x3c, 0x7c, 0x7e, 0x9a, 0x10, 0x10, 0x10, 0x00, 0x00}},
    {0x2737, {0x24, 0x24, 0x2c, 0x38, 0xfb, 0x7e, 0x7c, 0x38, 0x7c, 0x7e, 0xfb, 0x38, 0x2c, 0x24, 0x24, 0x00}},
    {0x2738, {0x24, 0x2c, 0x3c, 0x3c, 0xff, 0xfe, 0x7e, 0x7c, 0x7e, 0xfe, 0xff, 0x3c, 0x3c, 0x2c, 0x24, 0x00}},
    {0x2739, {0x10, 0x74, 0x3c, 0xbe, 0xfe, 0x7e, 0x7e, 0xff, 0x7e, 0x7e, 0xfe, 0xbe, 0x3c, 0x74, 0x10, 0x00}},
    {0x273a, {0x34, 0xb6, 0x7a, 0x7c, 0xbf, 0x7e, 0x3c, 0xff, 0x3c, 0x7e, 0xbf, 0x7c, 0x7a, 0xb6, 0x34, 0x00}},
    {0x273b, {0x10, 0x18, 0x18, 0x18, 0xd3, 0xd6, 0x3c, 0x18, 0x3c, 0xd6, 0xd3, 0x18, 0x18, 0x18, 0x10, 0x00}},
    {0x273c, {0x18, 0x38, 0x38, 0xda, 0xd7, 0xdf, 0x6e, 0x24, 0x6e, 0xdf, 0xd7, 0xda, 0x38, 0x38, 0x18, 0x00}},
    {0x273d, {0x18, 0x38, 0x38, 0xda, 0xdf, 0xd7, 0x7e, 0x38, 0x7e, 0xd7, 0xdf, 0xda, 0x38, 0x38, 0x18, 0x00}},
    {0x273e, {0x18, 0x28, 0x28, 0xee, 0xef, 0xff, 0xfe, 0x52, 0x9a, 0xb9, 0xbd, 0xfe, 0x38, 0x38, 0x18, 0x00}},
    {0x273f, {0x18, 0x38, 0x3c, 0xfe, 0xff, 0xef, 0xc7, 0xc6, 0x64, 0x7e, 0xfe, 0xfe, 0xfe, 0x6e, 0x00, 0x00}},
    {0x2740, {0x18, 0x28, 0x34, 0xf6, 0xb9, 0xdf, 0xbd, 0xfe, 0x7c, 0x7a, 0xb6, 0xde, 0x9a, 0x6e, 0x00, 0x00}},
    {0x2741, {0x18, 0x6e, 0xba, 0xd6, 0xbe, 0xfe, 0xb9, 0xef, 0xb9, 0xfe, 0xbe, 0xd6, 0xba, 0x6e, 0x18, 0x00}},
    {0x2742, {0x38, 0x7c, 0x7e, 0xee, 0xfa, 0xef, 0xe7, 0xa5, 0xe7, 0xef, 0xfa, 0xee, 0x7e, 0x7c, 0x38, 0x00}},
    {0x2743, {0x18, 0x28, 0x28, 0xee, 0xef, 0xff, 0xb6, 0x7e, 0xde, 0xfd, 0xbf, 0xfe, 0x38, 0x38, 0x18, 0x00}},
    {0x2744, {0x00, 0x10, 0x38, 0x18, 0xb7, 0x56, 0xbe, 0x18, 0xbe, 0x56, 0xb7, 0x18, 0x38, 0x10, 0x00, 0x00}},
    {0x2745, {0x00, 0x10, 0x38, 0x3c, 0xb7, 0x56, 0xbe, 0x99, 0xbe, 0x56, 0xb7, 0x3c, 0x38, 0x10, 0x00, 0x00}},
    {0x2746, {0x34, 0x3c, 0x38, 0x5c, 0xb7, 0x56, 0xff, 0x18, 0xff, 0x56, 0xb7, 0x54, 0x38, 0x3c, 0x34, 0x00}},
    {0x2747, {0x00, 0x18, 0x5a, 0x5a, 0x3c, 0x3c, 0xc3, 0xff, 0xff, 0xc3, 0x3c, 0x3c, 0x5a, 0x5a, 0x18, 0x00}},
    {0x274c, {0x00, 0x00, 0x64, 0x6e, 0x7c, 0x3c, 0x38, 0x38, 0x3c, 0x7c, 0x6e, 0x66, 0x44, 0x00, 0x00, 0x00}},
    {0x2768, {0x00, 0x00, 0x00, 0x02, 0x04, 0x0c, 0x18, 0x18, 0x18, 0x18, 0x18, 0x18, 0x0c, 0x04, 0x02, 0x00}},
    {0x2769, {0x00, 0x00, 0x00, 0x20, 0x10, 0x18, 0x0c, 0x0c, 0x0c, 0x0c, 0x0c, 0x0c, 0x18, 0x10, 0x20, 0x00}},
    {0x276a, {0x00, 0x00, 0x00, 0x06, 0x0c, 0x1c, 0x38, 0x38, 0x38, 0x38, 0x38, 0x38, 0x1c, 0x0c, 0x06, 0x00}},
    {0x276b, {0x00, 0x00, 0x00, 0x30, 0x18, 0x1c, 0x0e, 0x0e, 0x0e, 0x0e, 0x0e, 0x0e, 0x1c, 0x18, 0x30, 0x00}},
    {0x276c, {0x00, 0x00, 0x00, 0x06, 0x0c, 0x0c, 0x18, 0x18, 0x30, 0x30, 0x18, 0x18, 0x0c, 0x0c, 0x06, 0x00}},
    {0x276d, {0x00, 0x00, 0x00, 0x30, 0x18, 0x18, 0x0c, 0x0c, 0x06, 0x06, 0x0c, 0x0c, 0x18, 0x18, 0x30, 0x00}},
    {0x276e, {0x00, 0x00, 0x00, 0x07, 0x0e, 0x0e, 0x1c, 0x1c, 0x38, 0x38, 0x1c, 0x1c, 0x0e, 0x0e, 0x07, 0x00}},
    {0x276f, {0x00, 0x00, 0x00, 0x70, 0x38, 0x38, 0x1c, 0x1c, 0x0e, 0x0e, 0x1c, 0x1c, 0x38, 0x38, 0x70, 0x00}},
    {0x2770, {0x00, 0x00, 0x00, 0x0f, 0x1e, 0x1e, 0x3c, 0x3c, 0x78, 0x78, 0x3c, 0x3c, 0x1e, 0x1e, 0x0f, 0x00}},
    {0x2771, {0x00, 0x00, 0x00, 0xf0, 0x78, 0x78, 0x3c, 0x3c, 0x1e, 0x1e, 0x3c, 0x3c, 0x78, 0x78, 0xf0, 0x00}},
    {0x2772, {0x00, 0x00, 0x00, 0x04, 0x08, 0x10, 0x10, 0x10, 0x10, 0x10, 0x10, 0x10, 0x10, 0x08, 0x04, 0x00}},
    {0x2773, {0x00, 0x00, 0x00, 0x20, 0x10, 0x08, 0x08, 0x08, 0x08, 0x08, 0x08, 0x08, 0x08, 0x10, 0x20, 0x00}},
    {0x2774, {0x00, 0x00, 0x00, 0x1e, 0x38, 0x30, 0x30, 0x18, 0x18, 0x70, 0x18, 0x18, 0x30, 0x30, 0x38, 0x1e}},
    {0x2775, {0x00, 0x00, 0x00, 0x78, 0x1c, 0x0c, 0x0c, 0x18, 0x18, 0x0e, 0x18, 0x18, 0x0c, 0x0c, 0x1c, 0x78}},
    {0x27b0, {0x00, 0x00, 0x00, 0x00, 0x00, 0x63, 0x1c, 0x22, 0x22, 0x22, 0x1c, 0x00, 0x00, 0x00, 0x00, 0x00}},
    {0x27e8, {0x00, 0x00, 0x08, 0x08, 0x10, 0x10, 0x20, 0x20, 0x10, 0x10, 0x08, 0x08, 0x00, 0x00, 0x00, 0x00}},
    {0x27e9, {0x00, 0x00, 0x20, 0x20, 0x10, 0x10, 0x08, 0x08, 0x10, 0x10, 0x20, 0x20, 0x00, 0x00, 0x00, 0x00}},
    {0x27f3, {0x00, 0x00, 0x00, 0x00, 0x38, 0x28, 0x44, 0x44, 0x4e, 0x46, 0x44, 0x40, 0x28, 0x38, 0x00, 0x00}},
    {0x2800, {0x00, 0x00, 0x00, 0x00, 0x00, 0x00, 0x00, 0x00, 0x00, 0x00, 0x00, 0x00, 0x00, 0x00, 0x00, 0x00}},
    {0x2801, {0x00, 0x40, 0x40, 0x00, 0x00, 0x00, 0x00, 0x00, 0x00, 0x00, 0x00, 0x00, 0x00, 0x00, 0x00, 0x00}},
    {0x2802, {0x00, 0x00, 0x00, 0x00, 0x00, 0x40, 0x40, 0x00, 0x00, 0x00, 0x00, 0x00, 0x00, 0x00, 0x00, 0x00}},
    {0x2803, {0x00, 0x40, 0x40, 0x00, 0x00, 0x40, 0x40, 0x00, 0x00, 0x00, 0x00, 0x00, 0x00, 0x00, 0x00, 0x00}},
    {0x2804, {0x00, 0x00, 0x00, 0x00, 0x00, 0x00, 0x00, 0x00, 0x00, 0x40, 0x40, 0x00, 0x00, 0x00, 0x00, 0x00}},
    {0x2805, {0x00, 0x40, 0x40, 0x00, 0x00, 0x00, 0x00, 0x00, 0x00, 0x40, 0x40, 0x00, 0x00, 0x00, 0x00, 0x00}},
    {0x2806, {0x00, 0x00, 0x00, 0x00, 0x00, 0x40, 0x40, 0x00, 0x00, 0x40, 0x40, 0x00, 0x00, 0x00, 0x00, 0x00}},
    {0x2807, {0x00, 0x40, 0x40, 0x00, 0x00, 0x40, 0x40, 0x00, 0x00, 0x40, 0x40, 0x00, 0x00, 0x00, 0x00, 0x00}},
    {0x2808, {0x00, 0x04, 0x04, 0x00, 0x00, 0x00, 0x00, 0x00, 0x00, 0x00, 0x00, 0x00, 0x00, 0x00, 0x00, 0x00}},
    {0x2809, {0x00, 0x44, 0x44, 0x00, 0x00, 0x00, 0x00, 0x00, 0x00, 0x00, 0x00, 0x00, 0x00, 0x00, 0x00, 0x00}},
    {0x280a, {0x00, 0x04, 0x04, 0x00, 0x00, 0x40, 0x40, 0x00, 0x00, 0x00, 0x00, 0x00, 0x00, 0x00, 0x00, 0x00}},
    {0x280b, {0x00, 0x44, 0x44, 0x00, 0x00, 0x40, 0x40, 0x00, 0x00, 0x00, 0x00, 0x00, 0x00, 0x00, 0x00, 0x00}},
    {0x280c, {0x00, 0x04, 0x04, 0x00, 0x00, 0x00, 0x00, 0x00, 0x00, 0x40, 0x40, 0x00, 0x00, 0x00, 0x00, 0x00}},
    {0x280d, {0x00, 0x44, 0x44, 0x00, 0x00, 0x00, 0x00, 0x00, 0x00, 0x40, 0x40, 0x00, 0x00, 0x00, 0x00, 0x00}},
    {0x280e, {0x00, 0x04, 0x04, 0x00, 0x00, 0x40, 0x40, 0x00, 0x00, 0x40, 0x40, 0x00, 0x00, 0x00, 0x00, 0x00}},
    {0x280f, {0x00, 0x44, 0x44, 0x00, 0x00, 0x40, 0x40, 0x00, 0x00, 0x40, 0x40, 0x00, 0x00, 0x00, 0x00, 0x00}},
    {0x2810, {0x00, 0x00, 0x00, 0x00, 0x00, 0x04, 0x04, 0x00, 0x00, 0x00, 0x00, 0x00, 0x00, 0x00, 0x00, 0x00}},
    {0x2811, {0x00, 0x40, 0x40, 0x00, 0x00, 0x04, 0x04, 0x00, 0x00, 0x00, 0x00, 0x00, 0x00, 0x00, 0x00, 0x00}},
    {0x2812, {0x00, 0x00, 0x00, 0x00, 0x00, 0x44, 0x44, 0x00, 0x00, 0x00, 0x00, 0x00, 0x00, 0x00, 0x00, 0x00}},
    {0x2813, {0x00, 0x40, 0x40, 0x00, 0x00, 0x44, 0x44, 0x00, 0x00, 0x00, 0x00, 0x00, 0x00, 0x00, 0x00, 0x00}},
    {0x2814, {0x00, 0x00, 0x00, 0x00, 0x00, 0x04, 0x04, 0x00, 0x00, 0x40, 0x40, 0x00, 0x00, 0x00, 0x00, 0x00}},
    {0x2815, {0x00, 0x40, 0x40, 0x00, 0x00, 0x04, 0x04, 0x00, 0x00, 0x40, 0x40, 0x00, 0x00, 0x00, 0x00, 0x00}},
    {0x2816, {0x00, 0x00, 0x00, 0x00, 0x00, 0x44, 0x44, 0x00, 0x00, 0x40, 0x40, 0x00, 0x00, 0x00, 0x00, 0x00}},
    {0x2817, {0x00, 0x40, 0x40, 0x00, 0x00, 0x44, 0x44, 0x00, 0x00, 0x40, 0x40, 0x00, 0x00, 0x00, 0x00, 0x00}},
    {0x2818, {0x00, 0x04, 0x04, 0x00, 0x00, 0x04, 0x04, 0x00, 0x00, 0x00, 0x00, 0x00, 0x00, 0x00, 0x00, 0x00}},
    {0x2819, {0x00, 0x44, 0x44, 0x00, 0x00, 0x04, 0x04, 0x00, 0x00, 0x00, 0x00, 0x00, 0x00, 0x00, 0x00, 0x00}},
    {0x281a, {0x00, 0x04, 0x04, 0x00, 0x00, 0x44, 0x44, 0x00, 0x00, 0x00, 0x00, 0x00, 0x00, 0x00, 0x00, 0x00}},
    {0x281b, {0x00, 0x44, 0x44, 0x00, 0x00, 0x44, 0x44, 0x00, 0x00, 0x00, 0x00, 0x00, 0x00, 0x00, 0x00, 0x00}},
    {0x281c, {0x00, 0x04, 0x04, 0x00, 0x00, 0x04, 0x04, 0x00, 0x00, 0x40, 0x40, 0x00, 0x00, 0x00, 0x00, 0x00}},
    {0x281d, {0x00, 0x44, 0x44, 0x00, 0x00, 0x04, 0x04, 0x00, 0x00, 0x40, 0x40, 0x00, 0x00, 0x00, 0x00, 0x00}},
    {0x281e, {0x00, 0x04, 0x04, 0x00, 0x00, 0x44, 0x44, 0x00, 0x00, 0x40, 0x40, 0x00, 0x00, 0x00, 0x00, 0x00}},
    {0x281f, {0x00, 0x44, 0x44, 0x00, 0x00, 0x44, 0x44, 0x00, 0x00, 0x40, 0x40, 0x00, 0x00, 0x00, 0x00, 0x00}},
    {0x2820, {0x00, 0x00, 0x00, 0x00, 0x00, 0x00, 0x00, 0x00, 0x00, 0x04, 0x04, 0x00, 0x00, 0x00, 0x00, 0x00}},
    {0x2821, {0x00, 0x40, 0x40, 0x00, 0x00, 0x00, 0x00, 0x00, 0x00, 0x04, 0x04, 0x00, 0x00, 0x00, 0x00, 0x00}},
    {0x2822, {0x00, 0x00, 0x00, 0x00, 0x00, 0x40, 0x40, 0x00, 0x00, 0x04, 0x04, 0x00, 0x00, 0x00, 0x00, 0x00}},
    {0x2823, {0x00, 0x40, 0x40, 0x00, 0x00, 0x40, 0x40, 0x00, 0x00, 0x04, 0x04, 0x00, 0x00, 0x00, 0x00, 0x00}},
    {0x2824, {0x00, 0x00, 0x00, 0x00, 0x00, 0x00, 0x00, 0x00, 0x00, 0x44, 0x44, 0x00, 0x00, 0x00, 0x00, 0x00}},
    {0x2825, {0x00, 0x40, 0x40, 0x00, 0x00, 0x00, 0x00, 0x00, 0x00, 0x44, 0x44, 0x00, 0x00, 0x00, 0x00, 0x00}},
    {0x2826, {0x00, 0x00, 0x00, 0x00, 0x00, 0x40, 0x40, 0x00, 0x00, 0x44, 0x44, 0x00, 0x00, 0x00, 0x00, 0x00}},
    {0x2827, {0x00, 0x40, 0x40, 0x00, 0x00, 0x40, 0x40, 0x00, 0x00, 0x44, 0x44, 0x00, 0x00, 0x00, 0x00, 0x00}},
    {0x2828, {0x00, 0x04, 0x04, 0x00, 0x00, 0x00, 0x00, 0x00, 0x00, 0x04, 0x04, 0x00, 0x00, 0x00, 0x00, 0x00}},
    {0x2829, {0x00, 0x44, 0x44, 0x00, 0x00, 0x00, 0x00, 0x00, 0x00, 0x04, 0x04, 0x00, 0x00, 0x00, 0x00, 0x00}},
    {0x282a, {0x00, 0x04, 0x04, 0x00, 0x00, 0x40, 0x40, 0x00, 0x00, 0x04, 0x04, 0x00, 0x00, 0x00, 0x00, 0x00}},
    {0x282b, {0x00, 0x44, 0x44, 0x00, 0x00, 0x40, 0x40, 0x00, 0x00, 0x04, 0x04, 0x00, 0x00, 0x00, 0x00, 0x00}},
    {0x282c, {0x00, 0x04, 0x04, 0x00, 0x00, 0x00, 0x00, 0x00, 0x00, 0x44, 0x44, 0x00, 0x00, 0x00, 0x00, 0x00}},
    {0x282d, {0x00, 0x44, 0x44, 0x00, 0x00, 0x00, 0x00, 0x00, 0x00, 0x44, 0x44, 0x00, 0x00, 0x00, 0x00, 0x00}},
    {0x282e, {0x00, 0x04, 0x04, 0x00, 0x00, 0x40, 0x40, 0x00, 0x00, 0x44, 0x44, 0x00, 0x00, 0x00, 0x00, 0x00}},
    {0x282f, {0x00, 0x44, 0x44, 0x00, 0x00, 0x40, 0x40, 0x00, 0x00, 0x44, 0x44, 0x00, 0x00, 0x00, 0x00, 0x00}},
    {0x2830, {0x00, 0x00, 0x00, 0x00, 0x00, 0x04, 0x04, 0x00, 0x00, 0x04, 0x04, 0x00, 0x00, 0x00, 0x00, 0x00}},
    {0x2831, {0x00, 0x40, 0x40, 0x00, 0x00, 0x04, 0x04, 0x00, 0x00, 0x04, 0x04, 0x00, 0x00, 0x00, 0x00, 0x00}},
    {0x2832, {0x00, 0x00, 0x00, 0x00, 0x00, 0x44, 0x44, 0x00, 0x00, 0x04, 0x04, 0x00, 0x00, 0x00, 0x00, 0x00}},
    {0x2833, {0x00, 0x40, 0x40, 0x00, 0x00, 0x44, 0x44, 0x00, 0x00, 0x04, 0x04, 0x00, 0x00, 0x00, 0x00, 0x00}},
    {0x2834, {0x00, 0x00, 0x00, 0x00, 0x00, 0x04, 0x04, 0x00, 0x00, 0x44, 0x44, 0x00, 0x00, 0x00, 0x00, 0x00}},
    {0x2835, {0x00, 0x40, 0x40, 0x00, 0x00, 0x04, 0x04, 0x00, 0x00, 0x44, 0x44, 0x00, 0x00, 0x00, 0x00, 0x00}},
    {0x2836, {0x00, 0x00, 0x00, 0x00, 0x00, 0x44, 0x44, 0x00, 0x00, 0x44, 0x44, 0x00, 0x00, 0x00, 0x00, 0x00}},
    {0x2837, {0x00, 0x40, 0x40, 0x00, 0x00, 0x44, 0x44, 0x00, 0x00, 0x44, 0x44, 0x00, 0x00, 0x00, 0x00, 0x00}},
    {0x2838, {0x00, 0x04, 0x04, 0x00, 0x00, 0x04, 0x04, 0x00, 0x00, 0x04, 0x04, 0x00, 0x00, 0x00, 0x00, 0x00}},
    {0x2839, {0x00, 0x44, 0x44, 0x00, 0x00, 0x04, 0x04, 0x00, 0x00, 0x04, 0x04, 0x00, 0x00, 0x00, 0x00, 0x00}},
    {0x283a, {0x00, 0x04, 0x04, 0x00, 0x00, 0x44, 0x44, 0x00, 0x00, 0x04, 0x04, 0x00, 0x00, 0x00, 0x00, 0x00}},
    {0x283b, {0x00, 0x44, 0x44, 0x00, 0x00, 0x44, 0x44, 0x00, 0x00, 0x04, 0x04, 0x00, 0x00, 0x00, 0x00, 0x00}},
    {0x283c, {0x00, 0x04, 0x04, 0x00, 0x00, 0x04, 0x04, 0x00, 0x00, 0x44, 0x44, 0x00, 0x00, 0x00, 0x00, 0x00}},
    {0x283d, {0x00, 0x44, 0x44, 0x00, 0x00, 0x04, 0x04, 0x00, 0x00, 0x44, 0x44, 0x00, 0x00, 0x00, 0x00, 0x00}},
    {0x283e, {0x00, 0x04, 0x04, 0x00, 0x00, 0x44, 0x44, 0x00, 0x00, 0x44, 0x44, 0x00, 0x00, 0x00, 0x00, 0x00}},
    {0x283f, {0x00, 0x44, 0x44, 0x00, 0x00, 0x44, 0x44, 0x00, 0x00, 0x44, 0x44, 0x00, 0x00, 0x00, 0x00, 0x00}},
    {0x2840, {0x00, 0x00, 0x00, 0x00, 0x00, 0x00, 0x00, 0x00, 0x00, 0x00, 0x00, 0x00, 0x00, 0x40, 0x40, 0x00}},
    {0x2841, {0x00, 0x40, 0x40, 0x00, 0x00, 0x00, 0x00, 0x00, 0x00, 0x00, 0x00, 0x00, 0x00, 0x40, 0x40, 0x00}},
    {0x2842, {0x00, 0x00, 0x00, 0x00, 0x00, 0x40, 0x40, 0x00, 0x00, 0x00, 0x00, 0x00, 0x00, 0x40, 0x40, 0x00}},
    {0x2843, {0x00, 0x40, 0x40, 0x00, 0x00, 0x40, 0x40, 0x00, 0x00, 0x00, 0x00, 0x00, 0x00, 0x40, 0x40, 0x00}},
    {0x2844, {0x00, 0x00, 0x00, 0x00, 0x00, 0x00, 0x00, 0x00, 0x00, 0x40, 0x40, 0x00, 0x00, 0x40, 0x40, 0x00}},
    {0x2845, {0x00, 0x40, 0x40, 0x00, 0x00, 0x00, 0x00, 0x00, 0x00, 0x40, 0x40, 0x00, 0x00, 0x40, 0x40, 0x00}},
    {0x2846, {0x00, 0x00, 0x00, 0x00, 0x00, 0x40, 0x40, 0x00, 0x00, 0x40, 0x40, 0x00, 0x00, 0x40, 0x40, 0x00}},
    {0x2847, {0x00, 0x40, 0x40, 0x00, 0x00, 0x40, 0x40, 0x00, 0x00, 0x40, 0x40, 0x00, 0x00, 0x40, 0x40, 0x00}},
    {0x2848, {0x00, 0x04, 0x04, 0x00, 0x00, 0x00, 0x00, 0x00, 0x00, 0x00, 0x00, 0x00, 0x00, 0x40, 0x40, 0x00}},
    {0x2849, {0x00, 0x44, 0x44, 0x00, 0x00, 0x00, 0x00, 0x00, 0x00, 0x00, 0x00, 0x00, 0x00, 0x40, 0x40, 0x00}},
    {0x284a, {0x00, 0x04, 0x04, 0x00, 0x00, 0x40, 0x40, 0x00, 0x00, 0x00, 0x00, 0x00, 0x00, 0x40, 0x40, 0x00}},
    {0x284b, {0x00, 0x44, 0x44, 0x00, 0x00, 0x40, 0x40, 0x00, 0x00, 0x00, 0x00, 0x00, 0x00, 0x40, 0x40, 0x00}},
    {0x284c, {0x00, 0x04, 0x04, 0x00, 0x00, 0x00, 0x00, 0x00, 0x00, 0x40, 0x40, 0x00, 0x00, 0x40, 0x40, 0x00}},
    {0x284d, {0x00, 0x44, 0x44, 0x00, 0x00, 0x00, 0x00, 0x00, 0x00, 0x40, 0x40, 0x00, 0x00, 0x40, 0x40, 0x00}},
    {0x284e, {0x00, 0x04, 0x04, 0x00, 0x00, 0x40, 0x40, 0x00, 0x00, 0x40, 0x40, 0x00, 0x00, 0x40, 0x40, 0x00}},
    {0x284f, {0x00, 0x44, 0x44, 0x00, 0x00, 0x40, 0x40, 0x00, 0x00, 0x40, 0x40, 0x00, 0x00, 0x40, 0x40, 0x00}},
    {0x2850, {0x00, 0x00, 0x00, 0x00, 0x00, 0x04, 0x04, 0x00, 0x00, 0x00, 0x00, 0x00, 0x00, 0x40, 0x40, 0x00}},
    {0x2851, {0x00, 0x40, 0x40, 0x00, 0x00, 0x04, 0x04, 0x00, 0x00, 0x00, 0x00, 0x00, 0x00, 0x40, 0x40, 0x00}},
    {0x2852, {0x00, 0x00, 0x00, 0x00, 0x00, 0x44, 0x44, 0x00, 0x00, 0x00, 0x00, 0x00, 0x00, 0x40, 0x40, 0x00}},
    {0x2853, {0x00, 0x40, 0x40, 0x00, 0x00, 0x44, 0x44, 0x00, 0x00, 0x00, 0x00, 0x00, 0x00, 0x40, 0x40, 0x00}},
    {0x2854, {0x00, 0x00, 0x00, 0x00, 0x00, 0x04, 0x04, 0x00, 0x00, 0x40, 0x40, 0x00, 0x00, 0x40, 0x40, 0x00}},
    {0x2855, {0x00, 0x40, 0x40, 0x00, 0x00, 0x04, 0x04, 0x00, 0x00, 0x40, 0x40, 0x00, 0x00, 0x40, 0x40, 0x00}},
    {0x2856, {0x00, 0x00, 0x00, 0x00, 0x00, 0x44, 0x44, 0x00, 0x00, 0x40, 0x40, 0x00, 0x00, 0x40, 0x40, 0x00}},
    {0x2857, {0x00, 0x40, 0x40, 0x00, 0x00, 0x44, 0x44, 0x00, 0x00, 0x40, 0x40, 0x00, 0x00, 0x40, 0x40, 0x00}},
    {0x2858, {0x00, 0x04, 0x04, 0x00, 0x00, 0x04, 0x04, 0x00, 0x00, 0x00, 0x00, 0x00, 0x00, 0x40, 0x40, 0x00}},
    {0x2859, {0x00, 0x44, 0x44, 0x00, 0x00, 0x04, 0x04, 0x00, 0x00, 0x00, 0x00, 0x00, 0x00, 0x40, 0x40, 0x00}},
    {0x285a, {0x00, 0x04, 0x04, 0x00, 0x00, 0x44, 0x44, 0x00, 0x00, 0x00, 0x00, 0x00, 0x00, 0x40, 0x40, 0x00}},
    {0x285b, {0x00, 0x44, 0x44, 0x00, 0x00, 0x44, 0x44, 0x00, 0x00, 0x00, 0x00, 0x00, 0x00, 0x40, 0x40, 0x00}},
    {0x285c, {0x00, 0x04, 0x04, 0x00, 0x00, 0x04, 0x04, 0x00, 0x00, 0x40, 0x40, 0x00, 0x00, 0x40, 0x40, 0x00}},
    {0x285d, {0x00, 0x44, 0x44, 0x00, 0x00, 0x04, 0x04, 0x00, 0x00, 0x40, 0x40, 0x00, 0x00, 0x40, 0x40, 0x00}},
    {0x285e, {0x00, 0x04, 0x04, 0x00, 0x00, 0x44, 0x44, 0x00, 0x00, 0x40, 0x40, 0x00, 0x00, 0x40, 0x40, 0x00}},
    {0x285f, {0x00, 0x44, 0x44, 0x00, 0x00, 0x44, 0x44, 0x00, 0x00, 0x40, 0x40, 0x00, 0x00, 0x40, 0x40, 0x00}},
    {0x2860, {0x00, 0x00, 0x00, 0x00, 0x00, 0x00, 0x00, 0x00, 0x00, 0x04, 0x04, 0x00, 0x00, 0x40, 0x40, 0x00}},
    {0x2861, {0x00, 0x40, 0x40, 0x00, 0x00, 0x00, 0x00, 0x00, 0x00, 0x04, 0x04, 0x00, 0x00, 0x40, 0x40, 0x00}},
    {0x2862, {0x00, 0x00, 0x00, 0x00, 0x00, 0x40, 0x40, 0x00, 0x00, 0x04, 0x04, 0x00, 0x00, 0x40, 0x40, 0x00}},
    {0x2863, {0x00, 0x40, 0x40, 0x00, 0x00, 0x40, 0x40, 0x00, 0x00, 0x04, 0x04, 0x00, 0x00, 0x40, 0x40, 0x00}},
    {0x2864, {0x00, 0x00, 0x00, 0x00, 0x00, 0x00, 0x00, 0x00, 0x00, 0x44, 0x44, 0x00, 0x00, 0x40, 0x40, 0x00}},
    {0x2865, {0x00, 0x40, 0x40, 0x00, 0x00, 0x00, 0x00, 0x00, 0x00, 0x44, 0x44, 0x00, 0x00, 0x40, 0x40, 0x00}},
    {0x2866, {0x00, 0x00, 0x00, 0x00, 0x00, 0x40, 0x40, 0x00, 0x00, 0x44, 0x44, 0x00, 0x00, 0x40, 0x40, 0x00}},
    {0x2867, {0x00, 0x40, 0x40, 0x00, 0x00, 0x40, 0x40, 0x00, 0x00, 0x44, 0x44, 0x00, 0x00, 0x40, 0x40, 0x00}},
    {0x2868, {0x00, 0x04, 0x04, 0x00, 0x00, 0x00, 0x00, 0x00, 0x00, 0x04, 0x04, 0x00, 0x00, 0x40, 0x40, 0x00}},
    {0x2869, {0x00, 0x44, 0x44, 0x00, 0x00, 0x00, 0x00, 0x00, 0x00, 0x04, 0x04, 0x00, 0x00, 0x40, 0x40, 0x00}},
    {0x286a, {0x00, 0x04, 0x04, 0x00, 0x00, 0x40, 0x40, 0x00, 0x00, 0x04, 0x04, 0x00, 0x00, 0x40, 0x40, 0x00}},
    {0x286b, {0x00, 0x44, 0x44, 0x00, 0x00, 0x40, 0x40, 0x00, 0x00, 0x04, 0x04, 0x00, 0x00, 0x40, 0x40, 0x00}},
    {0x286c, {0x00, 0x04, 0x04, 0x00, 0x00, 0x00, 0x00, 0x00, 0x00, 0x44, 0x44, 0x00, 0x00, 0x40, 0x40, 0x00}},
    {0x286d, {0x00, 0x44, 0x44, 0x00, 0x00, 0x00, 0x00, 0x00, 0x00, 0x44, 0x44, 0x00, 0x00, 0x40, 0x40, 0x00}},
    {0x286e, {0x00, 0x04, 0x04, 0x00, 0x00, 0x40, 0x40, 0x00, 0x00, 0x44, 0x44, 0x00, 0x00, 0x40, 0x40, 0x00}},
    {0x286f, {0x00, 0x44, 0x44, 0x00, 0x00, 0x40, 0x40, 0x00, 0x00, 0x44, 0x44, 0x00, 0x00, 0x40, 0x40, 0x00}},
    {0x2870, {0x00, 0x00, 0x00, 0x00, 0x00, 0x04, 0x04, 0x00, 0x00, 0x04, 0x04, 0x00, 0x00, 0x40, 0x40, 0x00}},
    {0x2871, {0x00, 0x40, 0x40, 0x00, 0x00, 0x04, 0x04, 0x00, 0x00, 0x04, 0x04, 0x00, 0x00, 0x40, 0x40, 0x00}},
    {0x2872, {0x00, 0x00, 0x00, 0x00, 0x00, 0x44, 0x44, 0x00, 0x00, 0x04, 0x04, 0x00, 0x00, 0x40, 0x40, 0x00}},
    {0x2873, {0x00, 0x40, 0x40, 0x00, 0x00, 0x44, 0x44, 0x00, 0x00, 0x04, 0x04, 0x00, 0x00, 0x40, 0x40, 0x00}},
    {0x2874, {0x00, 0x00, 0x00, 0x00, 0x00, 0x04, 0x04, 0x00, 0x00, 0x44, 0x44, 0x00, 0x00, 0x40, 0x40, 0x00}},
    {0x2875, {0x00, 0x40, 0x40, 0x00, 0x00, 0x04, 0x04, 0x00, 0x00, 0x44, 0x44, 0x00, 0x00, 0x40, 0x40, 0x00}},
    {0x2876, {0x00, 0x00, 0x00, 0x00, 0x00, 0x44, 0x44, 0x00, 0x00, 0x44, 0x44, 0x00, 0x00, 0x40, 0x40, 0x00}},
    {0x2877, {0x00, 0x40, 0x40, 0x00, 0x00, 0x44, 0x44, 0x00, 0x00, 0x44, 0x44, 0x00, 0x00, 0x40, 0x40, 0x00}},
    {0x2878, {0x00, 0x04, 0x04, 0x00, 0x00, 0x04, 0x04, 0x00, 0x00, 0x04, 0x04, 0x00, 0x00, 0x40, 0x40, 0x00}},
    {0x2879, {0x00, 0x44, 0x44, 0x00, 0x00, 0x04, 0x04, 0x00, 0x00, 0x04, 0x04, 0x00, 0x00, 0x40, 0x40, 0x00}},
    {0x287a, {0x00, 0x04, 0x04, 0x00, 0x00, 0x44, 0x44, 0x00, 0x00, 0x04, 0x04, 0x00, 0x00, 0x40, 0x40, 0x00}},
    {0x287b, {0x00, 0x44, 0x44, 0x00, 0x00, 0x44, 0x44, 0x00, 0x00, 0x04, 0x04, 0x00, 0x00, 0x40, 0x40, 0x00}},
    {0x287c, {0x00, 0x04, 0x04, 0x00, 0x00, 0x04, 0x04, 0x00, 0x00, 0x44, 0x44, 0x00, 0x00, 0x40, 0x40, 0x00}},
    {0x287d, {0x00, 0x44, 0x44, 0x00, 0x00, 0x04, 0x04, 0x00, 0x00, 0x44, 0x44, 0x00, 0x00, 0x40, 0x40, 0x00}},
    {0x287e, {0x00, 0x04, 0x04, 0x00, 0x00, 0x44, 0x44, 0x00, 0x00, 0x44, 0x44, 0x00, 0x00, 0x40, 0x40, 0x00}},
    {0x287f, {0x00, 0x44, 0x44, 0x00, 0x00, 0x44, 0x44, 0x00, 0x00, 0x44, 0x44, 0x00, 0x00, 0x40, 0x40, 0x00}},
    {0x2880, {0x00, 0x00, 0x00, 0x00, 0x00, 0x00, 0x00, 0x00, 0x00, 0x00, 0x00, 0x00, 0x00, 0x04, 0x04, 0x00}},
    {0x2881, {0x00, 0x40, 0x40, 0x00, 0x00, 0x00, 0x00, 0x00, 0x00, 0x00, 0x00, 0x00, 0x00, 0x04, 0x04, 0x00}},
    {0x2882, {0x00, 0x00, 0x00, 0x00, 0x00, 0x40, 0x40, 0x00, 0x00, 0x00, 0x00, 0x00, 0x00, 0x04, 0x04, 0x00}},
    {0x2883, {0x00, 0x40, 0x40, 0x00, 0x00, 0x40, 0x40, 0x00, 0x00, 0x00, 0x00, 0x00, 0x00, 0x04, 0x04, 0x00}},
    {0x2884, {0x00, 0x00, 0x00, 0x00, 0x00, 0x00, 0x00, 0x00, 0x00, 0x40, 0x40, 0x00, 0x00, 0x04, 0x04, 0x00}},
    {0x2885, {0x00, 0x40, 0x40, 0x00, 0x00, 0x00, 0x00, 0x00, 0x00, 0x40, 0x40, 0x00, 0x00, 0x04, 0x04, 0x00}},
    {0x2886, {0x00, 0x00, 0x00, 0x00, 0x00, 0x40, 0x40, 0x00, 0x00, 0x40, 0x40, 0x00, 0x00, 0x04, 0x04, 0x00}},
    {0x2887, {0x00, 0x40, 0x40, 0x00, 0x00, 0x40, 0x40, 0x00, 0x00, 0x40, 0x40, 0x00, 0x00, 0x04, 0x04, 0x00}},
    {0x2888, {0x00, 0x04, 0x04, 0x00, 0x00, 0x00, 0x00, 0x00, 0x00, 0x00, 0x00, 0x00, 0x00, 0x04, 0x04, 0x00}},
    {0x2889, {0x00, 0x44, 0x44, 0x00, 0x00, 0x00, 0x00, 0x00, 0x00, 0x00, 0x00, 0x00, 0x00, 0x04, 0x04, 0x00}},
    {0x288a, {0x00, 0x04, 0x04, 0x00, 0x00, 0x40, 0x40, 0x00, 0x00, 0x00, 0x00, 0x00, 0x00, 0x04, 0x04, 0x00}},
    {0x288b, {0x00, 0x44, 0x44, 0x00, 0x00, 0x40, 0x40, 0x00, 0x00, 0x00, 0x00, 0x00, 0x00, 0x04, 0x04, 0x00}},
    {0x288c, {0x00, 0x04, 0x04, 0x00, 0x00, 0x00, 0x00, 0x00, 0x00, 0x40, 0x40, 0x00, 0x00, 0x04, 0x04, 0x00}},
    {0x288d, {0x00, 0x44, 0x44, 0x00, 0x00, 0x00, 0x00, 0x00, 0x00, 0x40, 0x40, 0x00, 0x00, 0x04, 0x04, 0x00}},
    {0x288e, {0x00, 0x04, 0x04, 0x00, 0x00, 0x40, 0x40, 0x00, 0x00, 0x40, 0x40, 0x00, 0x00, 0x04, 0x04, 0x00}},
    {0x288f, {0x00, 0x44, 0x44, 0x00, 0x00, 0x40, 0x40, 0x00, 0x00, 0x40, 0x40, 0x00, 0x00, 0x04, 0x04, 0x00}},
    {0x2890, {0x00, 0x00, 0x00, 0x00, 0x00, 0x04, 0x04, 0x00, 0x00, 0x00, 0x00, 0x00, 0x00, 0x04, 0x04, 0x00}},
    {0x2891, {0x00, 0x40, 0x40, 0x00, 0x00, 0x04, 0x04, 0x00, 0x00, 0x00, 0x00, 0x00, 0x00, 0x04, 0x04, 0x00}},
    {0x2892, {0x00, 0x00, 0x00, 0x00, 0x00, 0x44, 0x44, 0x00, 0x00, 0x00, 0x00, 0x00, 0x00, 0x04, 0x04, 0x00}},
    {0x2893, {0x00, 0x40, 0x40, 0x00, 0x00, 0x44, 0x44, 0x00, 0x00, 0x00, 0x00, 0x00, 0x00, 0x04, 0x04, 0x00}},
    {0x2894, {0x00, 0x00, 0x00, 0x00, 0x00, 0x04, 0x04, 0x00, 0x00, 0x40, 0x40, 0x00, 0x00, 0x04, 0x04, 0x00}},
    {0x2895, {0x00, 0x40, 0x40, 0x00, 0x00, 0x04, 0x04, 0x00, 0x00, 0x40, 0x40, 0x00, 0x00, 0x04, 0x04, 0x00}},
    {0x2896, {0x00, 0x00, 0x00, 0x00, 0x00, 0x44, 0x44, 0x00, 0x00, 0x40, 0x40, 0x00, 0x00, 0x04, 0x04, 0x00}},
    {0x2897, {0x00, 0x40, 0x40, 0x00, 0x00, 0x44, 0x44, 0x00, 0x00, 0x40, 0x40, 0x00, 0x00, 0x04, 0x04, 0x00}},
    {0x2898, {0x00, 0x04, 0x04, 0x00, 0x00, 0x04, 0x04, 0x00, 0x00, 0x00, 0x00, 0x00, 0x00, 0x04, 0x04, 0x00}},
    {0x2899, {0x00, 0x44, 0x44, 0x00, 0x00, 0x04, 0x04, 0x00, 0x00, 0x00, 0x00, 0x00, 0x00, 0x04, 0x04, 0x00}},
    {0x289a, {0x00, 0x04, 0x04, 0x00, 0x00, 0x44, 0x44, 0x00, 0x00, 0x00, 0x00, 0x00, 0x00, 0x04, 0x04, 0x00}},
    {0x289b, {0x00, 0x44, 0x44, 0x00, 0x00, 0x44, 0x44, 0x00, 0x00, 0x00, 0x00, 0x00, 0x00, 0x04, 0x04, 0x00}},
    {0x289c, {0x00, 0x04, 0x04, 0x00, 0x00, 0x04, 0x04, 0x00, 0x00, 0x40, 0x40, 0x00, 0x00, 0x04, 0x04, 0x00}},
    {0x289d, {0x00, 0x44, 0x44, 0x00, 0x00, 0x04, 0x04, 0x00, 0x00, 0x40, 0x40, 0x00, 0x00, 0x04, 0x04, 0x00}},
    {0x289e, {0x00, 0x04, 0x04, 0x00, 0x00, 0x44, 0x44, 0x00, 0x00, 0x40, 0x40, 0x00, 0x00, 0x04, 0x04, 0x00}},
    {0x289f, {0x00, 0x44, 0x44, 0x00, 0x00, 0x44, 0x44, 0x00, 0x00, 0x40, 0x40, 0x00, 0x00, 0x04, 0x04, 0x00}},
    {0x28a0, {0x00, 0x00, 0x00, 0x00, 0x00, 0x00, 0x00, 0x00, 0x00, 0x04, 0x04, 0x00, 0x00, 0x04, 0x04, 0x00}},
    {0x28a1, {0x00, 0x40, 0x40, 0x00, 0x00, 0x00, 0x00, 0x00, 0x00, 0x04, 0x04, 0x00, 0x00, 0x04, 0x04, 0x00}},
    {0x28a2, {0x00, 0x00, 0x00, 0x00, 0x00, 0x40, 0x40, 0x00, 0x00, 0x04, 0x04, 0x00, 0x00, 0x04, 0x04, 0x00}},
    {0x28a3, {0x00, 0x40, 0x40, 0x00, 0x00, 0x40, 0x40, 0x00, 0x00, 0x04, 0x04, 0x00, 0x00, 0x04, 0x04, 0x00}},
    {0x28a4, {0x00, 0x00, 0x00, 0x00, 0x00, 0x00, 0x00, 0x00, 0x00, 0x44, 0x44, 0x00, 0x00, 0x04, 0x04, 0x00}},
    {0x28a5, {0x00, 0x40, 0x40, 0x00, 0x00, 0x00, 0x00, 0x00, 0x00, 0x44, 0x44, 0x00, 0x00, 0x04, 0x04, 0x00}},
    {0x28a6, {0x00, 0x00, 0x00, 0x00, 0x00, 0x40, 0x40, 0x00, 0x00, 0x44, 0x44, 0x00, 0x00, 0x04, 0x04, 0x00}},
    {0x28a7, {0x00, 0x40, 0x40, 0x00, 0x00, 0x40, 0x40, 0x00, 0x00, 0x44, 0x44, 0x00, 0x00, 0x04, 0x04, 0x00}},
    {0x28a8, {0x00, 0x04, 0x04, 0x00, 0x00, 0x00, 0x00, 0x00, 0x00, 0x04, 0x04, 0x00, 0x00, 0x04, 0x04, 0x00}},
    {0x28a9, {0x00, 0x44, 0x44, 0x00, 0x00, 0x00, 0x00, 0x00, 0x00, 0x04, 0x04, 0x00, 0x00, 0x04, 0x04, 0x00}},
    {0x28aa, {0x00, 0x04, 0x04, 0x00, 0x00, 0x40, 0x40, 0x00, 0x00, 0x04, 0x04, 0x00, 0x00, 0x04, 0x04, 0x00}},
    {0x28ab, {0x00, 0x44, 0x44, 0x00, 0x00, 0x40, 0x40, 0x00, 0x00, 0x04, 0x04, 0x00, 0x00, 0x04, 0x04, 0x00}},
    {0x28ac, {0x00, 0x04, 0x04, 0x00, 0x00, 0x00, 0x00, 0x00, 0x00, 0x44, 0x44, 0x00, 0x00, 0x04, 0x04, 0x00}},
    {0x28ad, {0x00, 0x44, 0x44, 0x00, 0x00, 0x00, 0x00, 0x00, 0x00, 0x44, 0x44, 0x00, 0x00, 0x04, 0x04, 0x00}},
    {0x28ae, {0x00, 0x04, 0x04, 0x00, 0x00, 0x40, 0x40, 0x00, 0x00, 0x44, 0x44, 0x00, 0x00, 0x04, 0x04, 0x00}},
    {0x28af, {0x00, 0x44, 0x44, 0x00, 0x00, 0x40, 0x40, 0x00, 0x00, 0x44, 0x44, 0x00, 0x00, 0x04, 0x04, 0x00}},
    {0x28b0, {0x00, 0x00, 0x00, 0x00, 0x00, 0x04, 0x04, 0x00, 0x00, 0x04, 0x04, 0x00, 0x00, 0x04, 0x04, 0x00}},
    {0x28b1, {0x00, 0x40, 0x40, 0x00, 0x00, 0x04, 0x04, 0x00, 0x00, 0x04, 0x04, 0x00, 0x00, 0x04, 0x04, 0x00}},
    {0x28b2, {0x00, 0x00, 0x00, 0x00, 0x00, 0x44, 0x44, 0x00, 0x00, 0x04, 0x04, 0x00, 0x00, 0x04, 0x04, 0x00}},
    {0x28b3, {0x00, 0x40, 0x40, 0x00, 0x00, 0x44, 0x44, 0x00, 0x00, 0x04, 0x04, 0x00, 0x00, 0x04, 0x04, 0x00}},
    {0x28b4, {0x00, 0x00, 0x00, 0x00, 0x00, 0x04, 0x04, 0x00, 0x00, 0x44, 0x44, 0x00, 0x00, 0x04, 0x04, 0x00}},
    {0x28b5, {0x00, 0x40, 0x40, 0x00, 0x00, 0x04, 0x04, 0x00, 0x00, 0x44, 0x44, 0x00, 0x00, 0x04, 0x04, 0x00}},
    {0x28b6, {0x00, 0x00, 0x00, 0x00, 0x00, 0x44, 0x44, 0x00, 0x00, 0x44, 0x44, 0x00, 0x00, 0x04, 0x04, 0x00}},
    {0x28b7, {0x00, 0x40, 0x40, 0x00, 0x00, 0x44, 0x44, 0x00, 0x00, 0x44, 0x44, 0x00, 0x00, 0x04, 0x04, 0x00}},
    {0x28b8, {0x00, 0x04, 0x04, 0x00, 0x00, 0x04, 0x04, 0x00, 0x00, 0x04, 0x04, 0x00, 0x00, 0x04, 0x04, 0x00}},
    {0x28b9, {0x00, 0x44, 0x44, 0x00, 0x00, 0x04, 0x04, 0x00, 0x00, 0x04, 0x04, 0x00, 0x00, 0x04, 0x04, 0x00}},
    {0x28ba, {0x00, 0x04, 0x04, 0x00, 0x00, 0x44, 0x44, 0x00, 0x00, 0x04, 0x04, 0x00, 0x00, 0x04, 0x04, 0x00}},
    {0x28bb, {0x00, 0x44, 0x44, 0x00, 0x00, 0x44, 0x44, 0x00, 0x00, 0x04, 0x04, 0x00, 0x00, 0x04, 0x04, 0x00}},
    {0x28bc, {0x00, 0x04, 0x04, 0x00, 0x00, 0x04, 0x04, 0x00, 0x00, 0x44, 0x44, 0x00, 0x00, 0x04, 0x04, 0x00}},
    {0x28bd, {0x00, 0x44, 0x44, 0x00, 0x00, 0x04, 0x04, 0x00, 0x00, 0x44, 0x44, 0x00, 0x00, 0x04, 0x04, 0x00}},
    {0x28be, {0x00, 0x04, 0x04, 0x00, 0x00, 0x44, 0x44, 0x00, 0x00, 0x44, 0x44, 0x00, 0x00, 0x04, 0x04, 0x00}},
    {0x28bf, {0x00, 0x44, 0x44, 0x00, 0x00, 0x44, 0x44, 0x00, 0x00, 0x44, 0x44, 0x00, 0x00, 0x04, 0x04, 0x00}},
    {0x28c0, {0x00, 0x00, 0x00, 0x00, 0x00, 0x00, 0x00, 0x00, 0x00, 0x00, 0x00, 0x00, 0x00, 0x44, 0x44, 0x00}},
    {0x28c1, {0x00, 0x40, 0x40, 0x00, 0x00, 0x00, 0x00, 0x00, 0x00, 0x00, 0x00, 0x00, 0x00, 0x44, 0x44, 0x00}},
    {0x28c2, {0x00, 0x00, 0x00, 0x00, 0x00, 0x40, 0x40, 0x00, 0x00, 0x00, 0x00, 0x00, 0x00, 0x44, 0x44, 0x00}},
    {0x28c3, {0x00, 0x40, 0x40, 0x00, 0x00, 0x40, 0x40, 0x00, 0x00, 0x00, 0x00, 0x00, 0x00, 0x44, 0x44, 0x00}},
    {0x28c4, {0x00, 0x00, 0x00, 0x00, 0x00, 0x00, 0x00, 0x00, 0x00, 0x40, 0x40, 0x00, 0x00, 0x44, 0x44, 0x00}},
    {0x28c5, {0x00, 0x40, 0x40, 0x00, 0x00, 0x00, 0x00, 0x00, 0x00, 0x40, 0x40, 0x00, 0x00, 0x44, 0x44, 0x00}},
    {0x28c6, {0x00, 0x00, 0x00, 0x00, 0x00, 0x40, 0x40, 0x00, 0x00, 0x40, 0x40, 0x00, 0x00, 0x44, 0x44, 0x00}},
    {0x28c7, {0x00, 0x40, 0x40, 0x00, 0x00, 0x40, 0x40, 0x00, 0x00, 0x40, 0x40, 0x00, 0x00, 0x44, 0x44, 0x00}},
    {0x28c8, {0x00, 0x04, 0x04, 0x00, 0x00, 0x00, 0x00, 0x00, 0x00, 0x00, 0x00, 0x00, 0x00, 0x44, 0x44, 0x00}},
    {0x28c9, {0x00, 0x44, 0x44, 0x00, 0x00, 0x00, 0x00, 0x00, 0x00, 0x00, 0x00, 0x00, 0x00, 0x44, 0x44, 0x00}},
    {0x28ca, {0x00, 0x04, 0x04, 0x00, 0x00, 0x40, 0x40, 0x00, 0x00, 0x00, 0x00, 0x00, 0x00, 0x44, 0x44, 0x00}},
    {0x28cb, {0x00, 0x44, 0x44, 0x00, 0x00, 0x40, 0x40, 0x00, 0x00, 0x00, 0x00, 0x00, 0x00, 0x44, 0x44, 0x00}},
    {0x28cc, {0x00, 0x04, 0x04, 0x00, 0x00, 0x00, 0x00, 0x00, 0x00, 0x40, 0x40, 0x00, 0x00, 0x44, 0x44, 0x00}},
    {0x28cd, {0x00, 0x44, 0x44, 0x00, 0x00, 0x00, 0x00, 0x00, 0x00, 0x40, 0x40, 0x00, 0x00, 0x44, 0x44, 0x00}},
    {0x28ce, {0x00, 0x04, 0x04, 0x00, 0x00, 0x40, 0x40, 0x00, 0x00, 0x40, 0x40, 0x00, 0x00, 0x44, 0x44, 0x00}},
    {0x28cf, {0x00, 0x44, 0x44, 0x00, 0x00, 0x40, 0x40, 0x00, 0x00, 0x40, 0x40, 0x00, 0x00, 0x44, 0x44, 0x00}},
    {0x28d0, {0x00, 0x00, 0x00, 0x00, 0x00, 0x04, 0x04, 0x00, 0x00, 0x00, 0x00, 0x00, 0x00, 0x44, 0x44, 0x00}},
    {0x28d1, {0x00, 0x40, 0x40, 0x00, 0x00, 0x04, 0x04, 0x00, 0x00, 0x00, 0x00, 0x00, 0x00, 0x44, 0x44, 0x00}},
    {0x28d2, {0x00, 0x00, 0x00, 0x00, 0x00, 0x44, 0x44, 0x00, 0x00, 0x00, 0x00, 0x00, 0x00, 0x44, 0x44, 0x00}},
    {0x28d3, {0x00, 0x40, 0x40, 0x00, 0x00, 0x44, 0x44, 0x00, 0x00, 0x00, 0x00, 0x00, 0x00, 0x44, 0x44, 0x00}},
    {0x28d4, {0x00, 0x00, 0x00, 0x00, 0x00, 0x04, 0x04, 0x00, 0x00, 0x40, 0x40, 0x00, 0x00, 0x44, 0x44, 0x00}},
    {0x28d5, {0x00, 0x40, 0x40, 0x00, 0x00, 0x04, 0x04, 0x00, 0x00, 0x40, 0x40, 0x00, 0x00, 0x44, 0x44, 0x00}},
    {0x28d6, {0x00, 0x00, 0x00, 0x00, 0x00, 0x44, 0x44, 0x00, 0x00, 0x40, 0x40, 0x00, 0x00, 0x44, 0x44, 0x00}},
    {0x28d7, {0x00, 0x40, 0x40, 0x00, 0x00, 0x44, 0x44, 0x00, 0x00, 0x40, 0x40, 0x00, 0x00, 0x44, 0x44, 0x00}},
    {0x28d8, {0x00, 0x04, 0x04, 0x00, 0x00, 0x04, 0x04, 0x00, 0x00, 0x00, 0x00, 0x00, 0x00, 0x44, 0x44, 0x00}},
    {0x28d9, {0x00, 0x44, 0x44, 0x00, 0x00, 0x04, 0x04, 0x00, 0x00, 0x00, 0x00, 0x00, 0x00, 0x44, 0x44, 0x00}},
    {0x28da, {0x00, 0x04, 0x04, 0x00, 0x00, 0x44, 0x44, 0x00, 0x00, 0x00, 0x00, 0x00, 0x00, 0x44, 0x44, 0x00}},
    {0x28db, {0x00, 0x44, 0x44, 0x00, 0x00, 0x44, 0x44, 0x00, 0x00, 0x00, 0x00, 0x00, 0x00, 0x44, 0x44, 0x00}},
    {0x28dc, {0x00, 0x04, 0x04, 0x00, 0x00, 0x04, 0x04, 0x00, 0x00, 0x40, 0x40, 0x00, 0x00, 0x44, 0x44, 0x00}},
    {0x28dd, {0x00, 0x44, 0x44, 0x00, 0x00, 0x04, 0x04, 0x00, 0x00, 0x40, 0x40, 0x00, 0x00, 0x44, 0x44, 0x00}},
    {0x28de, {0x00, 0x04, 0x04, 0x00, 0x00, 0x44, 0x44, 0x00, 0x00, 0x40, 0x40, 0x00, 0x00, 0x44, 0x44, 0x00}},
    {0x28df, {0x00, 0x44, 0x44, 0x00, 0x00, 0x44, 0x44, 0x00, 0x00, 0x40, 0x40, 0x00, 0x00, 0x44, 0x44, 0x00}},
    {0x28e0, {0x00, 0x00, 0x00, 0x00, 0x00, 0x00, 0x00, 0x00, 0x00, 0x04, 0x04, 0x00, 0x00, 0x44, 0x44, 0x00}},
    {0x28e1, {0x00, 0x40, 0x40, 0x00, 0x00, 0x00, 0x00, 0x00, 0x00, 0x04, 0x04, 0x00, 0x00, 0x44, 0x44, 0x00}},
    {0x28e2, {0x00, 0x00, 0x00, 0x00, 0x00, 0x40, 0x40, 0x00, 0x00, 0x04, 0x04, 0x00, 0x00, 0x44, 0x44, 0x00}},
    {0x28e3, {0x00, 0x40, 0x40, 0x00, 0x00, 0x40, 0x40, 0x00, 0x00, 0x04, 0x04, 0x00, 0x00, 0x44, 0x44, 0x00}},
    {0x28e4, {0x00, 0x00, 0x00, 0x00, 0x00, 0x00, 0x00, 0x00, 0x00, 0x44, 0x44, 0x00, 0x00, 0x44, 0x44, 0x00}},
    {0x28e5, {0x00, 0x40, 0x40, 0x00, 0x00, 0x00, 0x00, 0x00, 0x00, 0x44, 0x44, 0x00, 0x00, 0x44, 0x44, 0x00}},
    {0x28e6, {0x00, 0x00, 0x00, 0x00, 0x00, 0x40, 0x40, 0x00, 0x00, 0x44, 0x44, 0x00, 0x00, 0x44, 0x44, 0x00}},
    {0x28e7, {0x00, 0x40, 0x40, 0x00, 0x00, 0x40, 0x40, 0x00, 0x00, 0x44, 0x44, 0x00, 0x00, 0x44, 0x44, 0x00}},
    {0x28e8, {0x00, 0x04, 0x04, 0x00, 0x00, 0x00, 0x00, 0x00, 0x00, 0x04, 0x04, 0x00, 0x00, 0x44, 0x44, 0x00}},
    {0x28e9, {0x00, 0x44, 0x44, 0x00, 0x00, 0x00, 0x00, 0x00, 0x00, 0x04, 0x04, 0x00, 0x00, 0x44, 0x44, 0x00}},
    {0x28ea, {0x00, 0x04, 0x04, 0x00, 0x00, 0x40, 0x40, 0x00, 0x00, 0x04, 0x04, 0x00, 0x00, 0x44, 0x44, 0x00}},
    {0x28eb, {0x00, 0x44, 0x44, 0x00, 0x00, 0x40, 0x40, 0x00, 0x00, 0x04, 0x04, 0x00, 0x00, 0x44, 0x44, 0x00}},
    {0x28ec, {0x00, 0x04, 0x04, 0x00, 0x00, 0x00, 0x00, 0x00, 0x00, 0x44, 0x44, 0x00, 0x00, 0x44, 0x44, 0x00}},
    {0x28ed, {0x00, 0x44, 0x44, 0x00, 0x00, 0x00, 0x00, 0x00, 0x00, 0x44, 0x44, 0x00, 0x00, 0x44, 0x44, 0x00}},
    {0x28ee, {0x00, 0x04, 0x04, 0x00, 0x00, 0x40, 0x40, 0x00, 0x00, 0x44, 0x44, 0x00, 0x00, 0x44, 0x44, 0x00}},
    {0x28ef, {0x00, 0x44, 0x44, 0x00, 0x00, 0x40, 0x40, 0x00, 0x00, 0x44, 0x44, 0x00, 0x00, 0x44, 0x44, 0x00}},
    {0x28f0, {0x00, 0x00, 0x00, 0x00, 0x00, 0x04, 0x04, 0x00, 0x00, 0x04, 0x04, 0x00, 0x00, 0x44, 0x44, 0x00}},
    {0x28f1, {0x00, 0x40, 0x40, 0x00, 0x00, 0x04, 0x04, 0x00, 0x00, 0x04, 0x04, 0x00, 0x00, 0x44, 0x44, 0x00}},
    {0x28f2, {0x00, 0x00, 0x00, 0x00, 0x00, 0x44, 0x44, 0x00, 0x00, 0x04, 0x04, 0x00, 0x00, 0x44, 0x44, 0x00}},
    {0x28f3, {0x00, 0x40, 0x40, 0x00, 0x00, 0x44, 0x44, 0x00, 0x00, 0x04, 0x04, 0x00, 0x00, 0x44, 0x44, 0x00}},
    {0x28f4, {0x00, 0x00, 0x00, 0x00, 0x00, 0x04, 0x04, 0x00, 0x00, 0x44, 0x44, 0x00, 0x00, 0x44, 0x44, 0x00}},
    {0x28f5, {0x00, 0x40, 0x40, 0x00, 0x00, 0x04, 0x04, 0x00, 0x00, 0x44, 0x44, 0x00, 0x00, 0x44, 0x44, 0x00}},
    {0x28f6, {0x00, 0x00, 0x00, 0x00, 0x00, 0x44, 0x44, 0x00, 0x00, 0x44, 0x44, 0x00, 0x00, 0x44, 0x44, 0x00}},
    {0x28f7, {0x00, 0x40, 0x40, 0x00, 0x00, 0x44, 0x44, 0x00, 0x00, 0x44, 0x44, 0x00, 0x00, 0x44, 0x44, 0x00}},
    {0x28f8, {0x00, 0x04, 0x04, 0x00, 0x00, 0x04, 0x04, 0x00, 0x00, 0x04, 0x04, 0x00, 0x00, 0x44, 0x44, 0x00}},
    {0x28f9, {0x00, 0x44, 0x44, 0x00, 0x00, 0x04, 0x04, 0x00, 0x00, 0x04, 0x04, 0x00, 0x00, 0x44, 0x44, 0x00}},
    {0x28fa, {0x00, 0x04, 0x04, 0x00, 0x00, 0x44, 0x44, 0x00, 0x00, 0x04, 0x04, 0x00, 0x00, 0x44, 0x44, 0x00}},
    {0x28fb, {0x00, 0x44, 0x44, 0x00, 0x00, 0x44, 0x44, 0x00, 0x00, 0x04, 0x04, 0x00, 0x00, 0x44, 0x44, 0x00}},
    {0x28fc, {0x00, 0x04, 0x04, 0x00, 0x00, 0x04, 0x04, 0x00, 0x00, 0x44, 0x44, 0x00, 0x00, 0x44, 0x44, 0x00}},
    {0x28fd, {0x00, 0x44, 0x44, 0x00, 0x00, 0x04, 0x04, 0x00, 0x00, 0x44, 0x44, 0x00, 0x00, 0x44, 0x44, 0x00}},
    {0x28fe, {0x00, 0x04, 0x04, 0x00, 0x00, 0x44, 0x44, 0x00, 0x00, 0x44, 0x44, 0x00, 0x00, 0x44, 0x44, 0x00}},
    {0x28ff, {0x00, 0x44, 0x44, 0x00, 0x00, 0x44, 0x44, 0x00, 0x00, 0x44, 0x44, 0x00, 0x00, 0x44, 0x44, 0x00}},
    {0x2908, {0x08, 0x08, 0x08, 0x08, 0x08, 0x08, 0x08, 0x3e, 0x08, 0x08, 0x08, 0x2a, 0x1c, 0x08, 0x00, 0x00}},
    {0x2909, {0x00, 0x00, 0x08, 0x1c, 0x2a, 0x08, 0x08, 0x3e, 0x08, 0x08, 0x08, 0x08, 0x08, 0x08, 0x08, 0x08}},
    {0x2912, {0x00, 0x00, 0x7f, 0x1c, 0x2a, 0x08, 0x08, 0x08, 0x08, 0x08, 0x08, 0x08, 0x08, 0x08, 0x08, 0x08}},
    {0x2913, {0x08, 0x08, 0x08, 0x08, 0x08, 0x08, 0x08, 0x08, 0x08, 0x08, 0x08, 0x2a, 0x1c, 0x7f, 0x00, 0x00}},
    {0x2938, {0x00, 0x00, 0x20, 0x10, 0x08, 0x08, 0x04, 0x04, 0x04, 0x04, 0x28, 0x28, 0x30, 0x3c, 0x00, 0x00}},
    {0x2939, {0x00, 0x00, 0x04, 0x08, 0x10, 0x10, 0x20, 0x20, 0x20, 0x20, 0x14, 0x14, 0x0c, 0x3c, 0x00, 0x00}},
    {0x2949, {0x00, 0x00, 0x10, 0x38, 0x54, 0x38, 0x54, 0x10, 0x10, 0x10, 0x38, 0x44, 0x44, 0x38, 0x00, 0x00}},
    {0x294c, {0x00, 0x00, 0x10, 0x18, 0x14, 0x10, 0x10, 0x10, 0x10, 0x10, 0x10, 0x50, 0x30, 0x10, 0x00, 0x00}},
    {0x294d, {0x00, 0x00, 0x10, 0x30, 0x50, 0x10, 0x10, 0x10, 0x10, 0x10, 0x10, 0x14, 0x18, 0x10, 0x00, 0x00}},
    {0x294f, {0x00, 0x00, 0x20, 0x30, 0x28, 0x20, 0x20, 0x20, 0x20, 0x20, 0x20, 0x28, 0x30, 0x20, 0x00, 0x00}},
    {0x2951, {0x00, 0x00, 0x08, 0x18, 0x28, 0x08, 0x08, 0x08, 0x08, 0x08, 0x08, 0x28, 0x18, 0x08, 0x00, 0x00}},
    {0x2954, {0x00, 0x00, 0x3e, 0x08, 0x0c, 0x0a, 0x08, 0x08, 0x08, 0x08, 0x08, 0x08, 0x08, 0x08, 0x08, 0x08}},
    {0x2955, {0x00, 0x00, 0x08, 0x08, 0x08, 0x08, 0x08, 0x08, 0x08, 0x08, 0x0a, 0x0c, 0x08, 0x3e, 0x00, 0x00}},
    {0x2958, {0x00, 0x00, 0x3e, 0x08, 0x18, 0x28, 0x08, 0x08, 0x08, 0x08, 0x08, 0x08, 0x08, 0x08, 0x08, 0x08}},
    {0x2959, {0x00, 0x00, 0x08, 0x08, 0x08, 0x08, 0x08, 0x08, 0x08, 0x08, 0x28, 0x18, 0x08, 0x3e, 0x00, 0x00}},
    {0x295c, {0x00, 0x00, 0x10, 0x18, 0x14, 0x10, 0x10, 0x10, 0x10, 0x10, 0x10, 0x10, 0x10, 0x7c, 0x00, 0x00}},
    {0x295d, {0x00, 0x00, 0x7c, 0x10, 0x10, 0x10, 0x10, 0x10, 0x10, 0x10, 0x10, 0x14, 0x18, 0x10, 0x00, 0x00}},
    {0x2960, {0x00, 0x00, 0x10, 0x30, 0x50, 0x10, 0x10, 0x10, 0x10, 0x10, 0x10, 0x10, 0x10, 0x7c, 0x00, 0x00}},
    {0x2961, {0x00, 0x00, 0x7c, 0x10, 0x10, 0x10, 0x10, 0x10, 0x10, 0x10, 0x10, 0x50, 0x30, 0x10, 0x00, 0x00}},
    {0x297c, {0x00, 0x00, 0x00, 0x00, 0x00, 0x20, 0x40, 0x40, 0x20, 0x1f, 0x20, 0x40, 0x40, 0x20, 0x00, 0x00}},
    {0x297d, {0x00, 0x00, 0x00, 0x00, 0x00, 0x02, 0x01, 0x01, 0x02, 0x7c, 0x02, 0x01, 0x01, 0x02, 0x00, 0x00}},
    {0x2980, {0x00, 0x00, 0x00, 0x2a, 0x2a, 0x2a, 0x2a, 0x2a, 0x2a, 0x2a, 0x2a, 0x2a, 0x2a, 0x2a, 0x2a, 0x00}},
    {0x2981, {0x00, 0x00, 0x00, 0x00, 0x00, 0x00, 0x18, 0x3c, 0x7e, 0x7e, 0x3c, 0x18, 0x00, 0x00, 0x00, 0x00}},
    {0x2982, {0x00, 0x00, 0x00, 0x00, 0x18, 0x24, 0x24, 0x18, 0x00, 0x00, 0x18, 0x24, 0x24, 0x18, 0x00, 0x00}},
    {0x2983, {0x00, 0x00, 0x1e, 0x24, 0x24, 0x14, 0x14, 0x24, 0x44, 0x24, 0x14, 0x14, 0x24, 0x24, 0x1e, 0x00}},
    {0x2984, {0x00, 0x00, 0x78, 0x24, 0x24, 0x28, 0x28, 0x24, 0x22, 0x24, 0x28, 0x28, 0x24, 0x24, 0x78, 0x00}},
    {0x2985, {0x00, 0x00, 0x00, 0x0c, 0x18, 0x18, 0x28, 0x28, 0x28, 0x28, 0x28, 0x28, 0x18, 0x18, 0x0c, 0x00}},
    {0x2986, {0x00, 0x00, 0x00, 0x30, 0x18, 0x18, 0x14, 0x14, 0x14, 0x14, 0x14, 0x14, 0x18, 0x18, 0x30, 0x00}},
    {0x2987, {0x00, 0x00, 0x00, 0x0c, 0x14, 0x14, 0x24, 0x24, 0x24, 0x24, 0x24, 0x24, 0x14, 0x14, 0x0c, 0x00}},
    {0x2988, {0x00, 0x00, 0x00, 0x30, 0x28, 0x28, 0x24, 0x24, 0x24, 0x24, 0x24, 0x24, 0x28, 0x28, 0x30, 0x00}},
    {0x2989, {0x00, 0x00, 0x00, 0x04, 0x0c, 0x0c, 0x14, 0x14, 0x24, 0x24, 0x14, 0x14, 0x0c, 0x0c, 0x04, 0x00}},
    {0x298a, {0x00, 0x00, 0x00, 0x20, 0x30, 0x30, 0x28, 0x28, 0x24, 0x24, 0x28, 0x28, 0x30, 0x30, 0x20, 0x00}},
    {0x298b, {0x00, 0x00, 0x00, 0x0e, 0x08, 0x08, 0x08, 0x08, 0x08, 0x08, 0x08, 0x08, 0x08, 0x0e, 0x00, 0x0e}},
    {0x298c, {0x00, 0x00, 0x00, 0x70, 0x10, 0x10, 0x10, 0x10, 0x10, 0x10, 0x10, 0x10, 0x10, 0x70, 0x00, 0x70}},
    {0x298d, {0x00, 0x00, 0x00, 0x1e, 0x18, 0x14, 0x12, 0x10, 0x10, 0x10, 0x10, 0x10, 0x10, 0x10, 0x1e, 0x00}},
    {0x298e, {0x00, 0x00, 0x00, 0x78, 0x08, 0x08, 0x08, 0x08, 0x08, 0x08, 0x08, 0x48, 0x28, 0x18, 0x78, 0x00}},
    {0x298f, {0x00, 0x00, 0x00, 0x1e, 0x10, 0x10, 0x10, 0x10, 0x10, 0x10, 0x10, 0x12, 0x14, 0x18, 0x1e, 0x00}},
    {0x2990, {0x00, 0x00, 0x00, 0x78, 0x18, 0x28, 0x48, 0x08, 0x08, 0x08, 0x08, 0x08, 0x08, 0x08, 0x78, 0x00}},
    {0x2991, {0x00, 0x00, 0x00, 0x04, 0x08, 0x08, 0x10, 0x10, 0x26, 0x26, 0x10, 0x10, 0x08, 0x08, 0x04, 0x00}},
    {0x2992, {0x00, 0x00, 0x00, 0x20, 0x10, 0x10, 0x08, 0x08, 0x64, 0x64, 0x08, 0x08, 0x10, 0x10, 0x20, 0x00}},
    {0x2997, {0x00, 0x00, 0x00, 0x0c, 0x18, 0x38, 0x38, 0x38, 0x38, 0x38, 0x38, 0x38, 0x38, 0x18, 0x0c, 0x00}},
    {0x2998, {0x00, 0x00, 0x00, 0x30, 0x18, 0x1c, 0x1c, 0x1c, 0x1c, 0x1c, 0x1c, 0x1c, 0x1c, 0x18, 0x30, 0x00}},
    {0x2999, {0x00, 0x00, 0x00, 0x00, 0x08, 0x00, 0x00, 0x08, 0x00, 0x00, 0x08, 0x00, 0x00, 0x08, 0x00, 0x00}},
    {0x299a, {0x00, 0x20, 0x10, 0x08, 0x10, 0x20, 0x10, 0x08, 0x10, 0x20, 0x10, 0x08, 0x10, 0x20, 0x10, 0x08}},
    {0x299b, {0x00, 0x00, 0x00, 0x00, 0x00, 0x00, 0x00, 0x00, 0x40, 0x28, 0x10, 0x28, 0x24, 0x7e, 0x20, 0x00}},
    {0x299c, {0x00, 0x00, 0x00, 0x00, 0x00, 0x00, 0x00, 0x40, 0x40, 0x40, 0x40, 0x70, 0x50, 0x7e, 0x00, 0x00}},
    {0x299d, {0x00, 0x00, 0x00, 0x00, 0x00, 0x00, 0x40, 0x40, 0x40, 0x78, 0x44, 0x54, 0x44, 0x7f, 0x00, 0x00}},
    {0x299f, {0x00, 0x00, 0x00, 0x00, 0x00, 0x00, 0x00, 0x00, 0x00, 0x00, 0x06, 0x18, 0x20, 0x7e, 0x00, 0x00}},
    {0x29a0, {0x00, 0x00, 0x00, 0x00, 0x00, 0x00, 0x00, 0x50, 0x30, 0x28, 0x26, 0x28, 0x30, 0x50, 0x00, 0x00}},
    {0x29a1, {0x00, 0x00, 0x00, 0x00, 0x00, 0x00, 0x00, 0x00, 0x41, 0x3e, 0x63, 0x14, 0x08, 0x08, 0x00, 0x00}},
    {0x29a2, {0x00, 0x00, 0x00, 0x00, 0x00, 0x00, 0x00, 0x00, 0x7e, 0x04, 0x08, 0x10, 0x20, 0x40, 0x00, 0x00}},
    {0x29a3, {0x00, 0x00, 0x00, 0x00, 0x00, 0x00, 0x00, 0x00, 0x40, 0x20, 0x10, 0x08, 0x04, 0x7e, 0x00, 0x00}},
    {0x29a4, {0x00, 0x00, 0x00, 0x00, 0x00, 0x00, 0x00, 0x00, 0x02, 0x04, 0x08, 0x10, 0x20, 0x7e, 0x00, 0x7e}},
    {0x29a5, {0x00, 0x00, 0x00, 0x00, 0x00, 0x00, 0x00, 0x00, 0x40, 0x20, 0x10, 0x08, 0x04, 0x7e, 0x00, 0x7e}},
    {0x29a6, {0x00, 0x00, 0x00, 0x00, 0x00, 0x00, 0x00, 0x00, 0x00, 0x00, 0x00, 0x40, 0x20, 0x1e, 0x00, 0x00}},
    {0x29a7, {0x00, 0x00, 0x00, 0x00, 0x00, 0x00, 0x00, 0x00, 0x00, 0x00, 0x00, 0x1e, 0x20, 0x40, 0x00, 0x00}},
    {0x29d1, {0x00, 0x00, 0x00, 0x00, 0x00, 0x00, 0x41, 0x63, 0x75, 0x79, 0x75, 0x63, 0x41, 0x00, 0x00, 0x00}},
    {0x29d2, {0x00, 0x00, 0x00, 0x00, 0x00, 0x00, 0x41, 0x63, 0x57, 0x4f, 0x57, 0x63, 0x41, 0x00, 0x00, 0x00}},
    {0x29d3, {0x00, 0x00, 0x00, 0x00, 0x00, 0x00, 0x41, 0x63, 0x77, 0x7f, 0x77, 0x63, 0x41, 0x00, 0x00, 0x00}},
    {0x29d4, {0x00, 0x00, 0x00, 0x00, 0x00, 0x00, 0x41, 0x62, 0x74, 0x78, 0x74, 0x62, 0x41, 0x00, 0x00, 0x00}},
    {0x29d5, {0x00, 0x00, 0x00, 0x00, 0x00, 0x00, 0x41, 0x23, 0x17, 0x0f, 0x17, 0x23, 0x41, 0x00, 0x00, 0x00}},
    {0x29d6, {0x00, 0x00, 0x00, 0x00, 0x00, 0x00, 0x00, 0xfe, 0x44, 0x28, 0x10, 0x28, 0x44, 0xfe, 0x00, 0x00}},
    {0x29d7, {0x00, 0x00, 0x00, 0x00, 0x00, 0x00, 0x00, 0xfe, 0x7c, 0x38, 0x10, 0x38, 0x7c, 0xfe, 0x00, 0x00}},
    {0x29d8, {0x00, 0x00, 0x20, 0x10, 0x08, 0x10, 0x20, 0x10, 0x08, 0x10, 0x20, 0x10, 0x08, 0x10, 0x20, 0x00}},
    {0x29d9, {0x00, 0x00, 0x08, 0x10, 0x20, 0x10, 0x08, 0x10, 0x20, 0x10, 0x08, 0x10, 0x20, 0x10, 0x08, 0x00}},
    {0x29dc, {0x00, 0x00, 0x00, 0x00, 0x00, 0x00, 0x00, 0x30, 0x49, 0x49, 0x36, 0x00, 0x00, 0x00, 0x00, 0x00}},
    {0x29dd, {0x00, 0x00, 0x00, 0x00, 0x00, 0x1c, 0x22, 0x36, 0x49, 0x49, 0x36, 0x00, 0x00, 0x00, 0x00, 0x00}},
    {0x29de, {0x00, 0x00, 0x00, 0x00, 0x00, 0x00, 0x08, 0x2a, 0x5d, 0x5d, 0x2a, 0x08, 0x00, 0x00, 0x00, 0x00}},
    {0x29e1, {0x00, 0x00, 0x00, 0x00, 0x00, 0x00, 0x00, 0x00, 0x06, 0x1a, 0x62, 0x7e, 0x00, 0x7e, 0x00, 0x00}},
    {0x29eb, {0x00, 0x00, 0x10, 0x38, 0x38, 0x7c, 0x7c, 0xfe, 0x7c, 0x7c, 0x38, 0x38, 0x10, 0x00, 0x00, 0x00}},
    {0x29ee, {0x00, 0x00, 0x00, 0x7c, 0x10, 0xfe, 0x82, 0x82, 0x82, 0x82, 0x82, 0xfe, 0x10, 0x7c, 0x00, 0x00}},
    {0x29ef, {0x00, 0x00, 0x00, 0x7c, 0x10, 0xfe, 0xfe, 0xfe, 0xfe, 0xfe, 0xfe, 0xfe, 0x10, 0x7c, 0x00, 0x00}},
    {0x29f0, {0x00, 0x00, 0x00, 0x7c, 0x10, 0x10, 0x28, 0x44, 0x82, 0x44, 0x28, 0x10, 0x10, 0x7c, 0x00, 0x00}},
    {0x29f1, {0x00, 0x00, 0x00, 0x7c, 0x10, 0x10, 0x38, 0x7c, 0xfe, 0x7c, 0x38, 0x10, 0x10, 0x7c, 0x00, 0x00}},
    {0x29f2, {0x00, 0x00, 0x00, 0x7c, 0x10, 0x38, 0x44, 0x82, 0x82, 0x82, 0x44, 0x38, 0x10, 0x7c, 0x00, 0x00}},
    {0x29f3, {0x00, 0x00, 0x00, 0x7c, 0x10, 0x38, 0x7c, 0xfe, 0xfe, 0xfe, 0x7c, 0x38, 0x10, 0x7c, 0x00, 0x00}},
    {0x29f5, {0x00, 0x00, 0x00, 0x00, 0x40, 0x40, 0x20, 0x20, 0x10, 0x10, 0x08, 0x08, 0x04, 0x04, 0x00, 0x00}},
    {0x29f6, {0x00, 0x00, 0x78, 0x00, 0x04, 0x04, 0x08, 0x08, 0x10, 0x10, 0x20, 0x20, 0x40, 0x40, 0x00, 0x00}},
    {0x29f7, {0x00, 0x00, 0x00, 0x40, 0x40, 0x20, 0x20, 0x7c, 0x10, 0x08, 0x08, 0x04, 0x04, 0x00, 0x00, 0x00}},
    {0x29f8, {0x01, 0x01, 0x02, 0x02, 0x04, 0x04, 0x08, 0x08, 0x10, 0x10, 0x20, 0x20, 0x40, 0x40, 0x00, 0x00}},
    {0x29f9, {0x80, 0x80, 0x40, 0x40, 0x20, 0x20, 0x10, 0x10, 0x08, 0x08, 0x04, 0x04, 0x02, 0x02, 0x00, 0x00}},
    {0x29fa, {0x00, 0x00, 0x00, 0x00, 0x00, 0x28, 0x28, 0xfe, 0x28, 0x28, 0x00, 0x00, 0x00, 0x00, 0x00, 0x00}},
    {0x29fb, {0x00, 0x00, 0x00, 0x00, 0x00, 0x54, 0x54, 0xfe, 0x54, 0x54, 0x00, 0x00, 0x00, 0x00, 0x00, 0x00}},
    {0x29fc, {0x00, 0x00, 0x02, 0x02, 0x04, 0x18, 0x60, 0x80, 0x60, 0x18, 0x04, 0x02, 0x02, 0x00, 0x00, 0x00}},
    {0x29fd, {0x00, 0x00, 0x80, 0x80, 0x40, 0x30, 0x0c, 0x02, 0x0c, 0x30, 0x40, 0x80, 0x80, 0x00, 0x00, 0x00}},
    {0x2b06, {0x00, 0x00, 0x10, 0x38, 0x7c, 0xfe, 0x38, 0x38, 0x38, 0x38, 0x38, 0x38, 0x38, 0x38, 0x00, 0x00}},
    {0x2b07, {0x00, 0x00, 0x38, 0x38, 0x38, 0x38, 0x38, 0x38, 0x38, 0x38, 0xfe, 0x7c, 0x38, 0x10, 0x00, 0x00}},
    {0x2b0d, {0x00, 0x00, 0x10, 0x38, 0x7c, 0xfe, 0x38, 0x38, 0x38, 0x38, 0xfe, 0x7c, 0x38, 0x10, 0x00, 0x00}},
    {0x2b16, {0x00, 0x00, 0x00, 0x00, 0x00, 0x18, 0x18, 0x34, 0x34, 0x72, 0x72, 0x34, 0x34, 0x18, 0x18, 0x00}},
    {0x2b1d, {0x00, 0x00, 0x00, 0x00, 0x00, 0x00, 0x00, 0x00, 0x3c, 0x3c, 0x3c, 0x3c, 0x00, 0x00, 0x00, 0x00}},
    {0x2b1e, {0x00, 0x00, 0x00, 0x00, 0x00, 0x00, 0x00, 0x00, 0x3c, 0x24, 0x24, 0x3c, 0x00, 0x00, 0x00, 0x00}},
    {0x2b25, {0x00, 0x00, 0x00, 0x00, 0x00, 0x00, 0x00, 0x10, 0x38, 0x7c, 0xfe, 0x7c, 0x38, 0x10, 0x00, 0x00}},
    {0x2b26, {0x00, 0x00, 0x00, 0x00, 0x00, 0x00, 0x00, 0x10, 0x28, 0x44, 0x82, 0x44, 0x28, 0x10, 0x00, 0x00}},
    {0x2b27, {0x00, 0x00, 0x00, 0x10, 0x38, 0x38, 0x7c, 0x7c, 0xfe, 0x7c, 0x7c, 0x38, 0x38, 0x10, 0x00, 0x00}},
    {0x2b28, {0x00, 0x00, 0x00, 0x10, 0x28, 0x28, 0x44, 0x44, 0x82, 0x44, 0x44, 0x28, 0x28, 0x10, 0x00, 0x00}},
    {0x2b29, {0x00, 0x00, 0x00, 0x00, 0x00, 0x00, 0x10, 0x38, 0x7c, 0x38, 0x10, 0x00, 0x00, 0x00, 0x00, 0x00}},
    {0x2b2a, {0x00, 0x00, 0x00, 0x00, 0x00, 0x00, 0x00, 0x10, 0x38, 0x38, 0x7c, 0x38, 0x38, 0x10, 0x00, 0x00}},
    {0x2b2b, {0x00, 0x00, 0x00, 0x00, 0x00, 0x00, 0x00, 0x10, 0x28, 0x28, 0x44, 0x28, 0x28, 0x10, 0x00, 0x00}},
    {0x2b2e, {0x00, 0x18, 0x3c, 0x3c, 0x3c, 0x7e, 0x7e, 0x7e, 0x7e, 0x7e, 0x3c, 0x3c, 0x3c, 0x18, 0x00, 0x00}},
    {0x2b2f, {0x00, 0x18, 0x24, 0x24, 0x24, 0x42, 0x42, 0x42, 0x42, 0x42, 0x24, 0x24, 0x24, 0x18, 0x00, 0x00}},
    {0x2b31, {0x20, 0x40, 0xff, 0x40, 0x20, 0x20, 0x40, 0xff, 0x40, 0x20, 0x20, 0x40, 0xff, 0x40, 0x20, 0x00}},
    {0x2b4e, {0x00, 0x00, 0x00, 0x00, 0x00, 0x00, 0x00, 0x1c, 0x0c, 0x14, 0x10, 0x20, 0x20, 0x00, 0x00, 0x00}},
    {0x2b4f, {0x00, 0x00, 0x00, 0x00, 0x00, 0x00, 0x00, 0x20, 0x20, 0x10, 0x14, 0x0c, 0x1c, 0x00, 0x00, 0x00}},
    {0x2bc9, {0x00, 0x00, 0x40, 0x4a, 0x4c, 0x58, 0x78, 0x7e, 0x08, 0x1c, 0x22, 0x22, 0x22, 0x1c, 0x00, 0x00}},
    {0x2bff, {0x00, 0x00, 0x00, 0x00, 0x7c, 0x7c, 0x10, 0x10, 0x1c, 0x1c, 0x10, 0x10, 0x7c, 0x7c, 0x00, 0x00}},
    {0x3010, {0x0e, 0x0c, 0x0c, 0x0c, 0x0c, 0x08, 0x08, 0x08, 0x08, 0x08, 0x08, 0x0c, 0x0c, 0x0c, 0x0e, 0x00}},
    {0x3011, {0x70, 0x30, 0x30, 0x30, 0x10, 0x10, 0x10, 0x10, 0x10, 0x10, 0x10, 0x30, 0x30, 0x30, 0x70, 0x00}},
    {0xe0a0, {0x80, 0x80, 0x88, 0x9c, 0xaa, 0x88, 0x88, 0x88, 0x10, 0x20, 0x40, 0x80, 0x80, 0x80, 0x80, 0x80}},
    {0xe0a1, {0x00, 0x80, 0x80, 0x80, 0x80, 0x80, 0xf8, 0x00, 0x11, 0x19, 0x15, 0x13, 0x11, 0x11, 0x00, 0x00}},
    {0xe0a2, {0x00, 0x38, 0x44, 0x44, 0x44, 0x44, 0xfe, 0xfe, 0xee, 0xc6, 0xee, 0xfe, 0xfe, 0xfe, 0x00, 0x00}},
    {0xe0b0, {0x80, 0xc0, 0xe0, 0xf0, 0xf8, 0xfc, 0xfe, 0xff, 0xff, 0xfe, 0xfc, 0xf8, 0xf0, 0xe0, 0xc0, 0x80}},
    {0xe0b1, {0x80, 0x40, 0x20, 0x10, 0x08, 0x04, 0x02, 0x01, 0x01, 0x02, 0x04, 0x08, 0x10, 0x20, 0x40, 0x80}},
    {0xe0b2, {0x01, 0x03, 0x07, 0x0f, 0x1f, 0x3f, 0x7f, 0xff, 0xff, 0x7f, 0x3f, 0x1f, 0x0f, 0x07, 0x03, 0x01}},
    {0xe0b3, {0x01, 0x02, 0x04, 0x08, 0x10, 0x20, 0x40, 0x80, 0x80, 0x40, 0x20, 0x10, 0x08, 0x04, 0x02, 0x01}},
    {0xfffd, {0x00, 0x00, 0x7e, 0x42, 0x42, 0x42, 0x42, 0x42, 0x42, 0x42, 0x42, 0x7e, 0x00, 0x00, 0x00, 0x00}},
};
static constexpr uint16_t GLYPH_COUNT = sizeof(GLYPHS) / sizeof(GLYPHS[0]);
static_assert(sizeof(Glyph) == 18);
static_assert(GLYPH_COUNT == 2046);
static_assert(GLYPH_COUNT <= 2048);
}  // namespace TerminalFontData
